sample_index,time_s,raw_time_ms,dt_s,accel_x_g,accel_y_g,accel_z_g,accel_roll_deg,accel_pitch_deg,filtered_roll_deg,filtered_pitch_deg,gyro_x_corrected_dps,gyro_y_corrected_dps
0,0.0,94.0,0.02,0.03394,0.00098,1.01831,0.055,-1.909,-0.102,-1.588,-0.0597,0.0345
1,0.02,199614.0,0.02,0.02808,-0.00049,1.0144,-0.028,-1.585,-0.101,-1.59,-0.0063,-0.1106
2,0.04,199634.0,0.02,0.02588,-0.01099,1.00952,-0.624,-1.468,-0.105,-1.586,0.3144,0.0803
3,0.06,199654.0,0.02,0.02686,-0.0144,1.01636,-0.812,-1.513,-0.12,-1.583,-0.0063,0.0574
4,0.08,199674.0,0.02,0.02661,-0.00586,1.02026,-0.329,-1.494,-0.129,-1.583,-0.2582,-0.0419
5,0.1,199694.0,0.02,0.02637,-0.00391,1.01001,-0.222,-1.495,-0.13,-1.581,0.0395,-0.0266
6,0.12000000000000001,199714.0,0.02,0.02808,0.00415,1.01904,0.233,-1.578,-0.122,-1.582,0.0472,-0.0648
7,0.14,7200654.0,0.02,0.02539,-0.00122,1.01855,-0.069,-1.428,-0.1,-1.581,-0.0368,0.1032
8,0.16,200674.0,0.02,0.02637,-0.00562,1.0127,-0.318,-1.491,-0.109,-1.578,-0.2276,0.0803
9,0.18,200694.0,0.02,0.02417,-0.0022,1.01709,-0.124,-1.361,-0.115,-1.574,-0.3269,-0.0419
10,0.19999999999999998,200714.0,0.02,0.02612,0.00024,1.02124,0.014,-1.465,-0.113,-1.569,-0.0292,0.1719
11,0.21999999999999997,200734.0,0.02,0.02563,-0.00415,1.01587,-0.234,-1.446,-0.117,-1.566,-0.0521,0.0192
12,0.23999999999999996,200754.0,0.02,0.02686,-0.00806,1.02148,-0.452,-1.506,-0.123,-1.562,0.0319,0.1566
13,0.25999999999999995,200774.0,0.02,0.03491,-0.00366,1.01685,-0.206,-1.966,-0.124,-1.569,0.0395,0.0421
14,0.27999999999999997,200794.0,0.02,0.03271,-0.00098,1.0127,-0.055,-1.85,-0.124,-1.578,-0.0826,-0.1945
15,0.3,200814.0,0.02,0.03125,-0.00122,1.01563,-0.069,-1.762,-0.122,-1.582,0.0472,0.0268
16,0.32,200834.0,0.02,0.03125,-0.0022,1.01929,-0.124,-1.756,-0.121,-1.587,0.0395,-0.0724
17,0.34,200854.0,0.02,0.02393,0.00098,1.01563,0.055,-1.35,-0.115,-1.581,0.154,0.0268
18,0.36000000000000004,200874.0,0.02,0.02612,-0.00464,1.0166,-0.261,-1.472,-0.118,-1.579,-0.0368,-0.0113
19,0.38000000000000006,200894.0,0.02,0.02832,-0.00659,1.01636,-0.372,-1.596,-0.124,-1.582,-0.0368,-0.1106
20,0.4000000000000001,200914.0,0.02,0.02393,-0.00244,1.01514,-0.138,-1.35,-0.121,-1.575,0.1769,0.1184
21,0.4200000000000001,200934.0,0.02,0.02515,-0.00439,1.01831,-0.247,-1.415,-0.124,-1.579,-0.0215,-0.3548
22,0.4400000000000001,200954.0,0.02,0.03027,-0.00439,1.00903,-0.25,-1.718,-0.129,-1.577,-0.136,0.2406
23,0.46000000000000013,200974.0,0.02,0.02979,-0.00171,1.01611,-0.096,-1.679,-0.127,-1.581,0.0472,-0.0953
24,0.48000000000000015,200994.0,0.02,0.03003,-0.00244,1.01685,-0.138,-1.692,-0.125,-1.579,0.1388,0.2177
25,0.5000000000000001,201014.0,0.02,0.03174,-0.00073,1.0166,-0.041,-1.788,-0.126,-1.582,-0.136,0.0192
26,0.5200000000000001,201034.0,0.02,0.0293,-0.00317,1.01611,-0.179,-1.652,-0.127,-1.585,-0.0215,-0.0571
27,0.5400000000000001,201054.0,0.02,0.03027,-0.00513,1.01904,-0.288,-1.702,-0.132,-1.59,-0.0902,-0.1411
28,0.5600000000000002,201074.0,0.02,0.0271,-0.0022,1.01294,-0.124,-1.532,-0.133,-1.59,-0.0521,-0.0571
29,0.5800000000000002,201094.0,0.02,0.02417,-0.00293,1.0144,-0.165,-1.365,-0.135,-1.587,-0.0521,-0.0877
30,0.6000000000000002,201114.0,0.02,0.02246,-0.00244,1.02246,-0.137,-1.258,-0.132,-1.58,0.1464,0.0192
31,0.6200000000000002,201134.0,0.02,0.02197,-0.00269,1.01758,-0.151,-1.237,-0.136,-1.573,-0.1589,0.0116
32,0.6400000000000002,201154.0,0.02,0.02734,-0.00146,1.00952,-0.083,-1.552,-0.129,-1.572,0.2686,0.0497
33,0.6600000000000003,201174.0,0.02,0.02881,-0.00024,1.01221,-0.014,-1.63,-0.121,-1.57,0.2991,0.1337
34,0.6800000000000003,201194.0,0.02,0.03467,-0.00024,1.01074,-0.014,-1.964,-0.118,-1.579,0.0701,-0.0648
35,0.7000000000000003,201214.0,0.02,0.02954,0.0,1.01563,0.0,-1.666,-0.116,-1.582,-0.0521,-0.0342
36,0.7200000000000003,201234.0,0.02,0.02783,-0.00366,1.01685,-0.206,-1.568,-0.121,-1.581,-0.1513,0.0039
37,0.7400000000000003,201254.0,0.02,0.02759,-0.0083,1.01294,-0.47,-1.56,-0.124,-1.581,0.2304,-0.019
38,0.7600000000000003,201274.0,0.02,0.03003,-0.00781,1.00928,-0.443,-1.704,-0.129,-1.58,0.0624,0.21
39,0.7800000000000004,201294.0,0.02,0.02734,-0.00293,1.01147,-0.166,-1.549,-0.132,-1.578,-0.1131,0.0803
40,0.8000000000000004,201314.0,0.02,0.02661,-0.00488,1.01831,-0.275,-1.497,-0.139,-1.579,-0.2047,-0.164
41,0.8200000000000004,201334.0,0.02,0.02344,-0.00171,1.01465,-0.097,-1.323,-0.135,-1.576,0.1388,-0.08
42,0.8400000000000004,201354.0,0.02,0.02393,-0.00098,1.01318,-0.055,-1.353,-0.133,-1.572,0.0014,-0.019
43,0.8600000000000004,201374.0,0.02,0.02881,-0.00098,1.01416,-0.055,-1.627,-0.134,-1.571,-0.1055,0.1032
44,0.8800000000000004,201394.0,0.02,0.02881,-0.00195,1.0144,-0.11,-1.627,-0.134,-1.568,-0.0215,0.21
45,0.9000000000000005,201414.0,0.02,0.02832,-0.00488,1.01123,-0.277,-1.604,-0.136,-1.565,0.0319,0.1795
46,0.9200000000000005,201434.0,0.02,0.03052,-0.00732,1.01807,-0.412,-1.717,-0.142,-1.569,-0.0215,-0.0342
47,0.9400000000000005,201454.0,0.02,0.03174,-0.00488,1.02222,-0.274,-1.778,-0.144,-1.569,0.0319,0.1948
48,0.9600000000000005,201474.0,0.02,0.02954,-0.00635,1.02026,-0.356,-1.658,-0.146,-1.566,0.1159,0.2482
49,0.9800000000000005,201494.0,0.02,0.03101,-0.00049,1.01392,-0.028,-1.752,-0.145,-1.571,-0.0521,-0.0648
50,1.0000000000000004,201514.0,0.02,0.02783,-0.00293,1.01758,-0.165,-1.567,-0.146,-1.573,-0.0444,-0.0953
51,1.0200000000000005,201534.0,0.02,0.02075,0.00146,1.01489,0.083,-1.171,-0.149,-1.559,-0.3803,0.2635
52,1.0400000000000005,201554.0,0.02,0.02319,0.00586,1.01538,0.331,-1.309,-0.137,-1.555,0.1006,-0.0113
53,1.0600000000000005,201574.0,0.02,0.02441,-0.00098,1.0144,-0.055,-1.379,-0.132,-1.546,0.1998,0.2711
54,1.0800000000000005,201594.0,0.02,0.02393,-0.0022,1.01733,-0.124,-1.347,-0.131,-1.544,0.0166,-0.1106
55,1.1000000000000005,201614.0,0.02,0.02905,-0.00537,1.01147,-0.304,-1.645,-0.137,-1.544,-0.136,0.1032
56,1.1200000000000006,201634.0,0.02,0.03052,-0.00366,1.01709,-0.206,-1.719,-0.138,-1.546,0.0548,0.0879
57,1.1400000000000006,201654.0,0.02,0.03003,-0.00269,1.01709,-0.151,-1.691,-0.137,-1.549,0.0624,-0.0037
58,1.1600000000000006,201674.0,0.02,0.0293,-0.00366,1.01416,-0.207,-1.655,-0.136,-1.553,0.093,-0.1335
59,1.1800000000000006,201694.0,0.02,0.02588,0.00098,1.01001,0.055,-1.468,-0.133,-1.55,-0.0292,0.1108
60,1.2000000000000006,201714.0,0.02,0.02881,-0.00171,1.01465,-0.097,-1.626,-0.134,-1.553,-0.0902,-0.1182
61,1.2200000000000006,201734.0,0.02,0.02734,0.00146,1.01538,0.083,-1.543,-0.127,-1.556,0.154,-0.1335
62,1.2400000000000007,201754.0,0.02,0.02954,-0.00317,1.01831,-0.179,-1.662,-0.129,-1.559,-0.0673,-0.0571
63,1.2600000000000007,201774.0,0.02,0.0293,-0.00488,1.01416,-0.276,-1.655,-0.134,-1.559,-0.1208,0.1184
64,1.2800000000000007,201794.0,0.02,0.02832,0.00098,1.01514,0.055,-1.598,-0.131,-1.557,-0.0444,0.1261
65,1.3000000000000007,201814.0,0.02,0.02881,-0.00537,1.01318,-0.304,-1.629,-0.136,-1.554,-0.0826,0.21
66,1.3200000000000007,201834.0,0.02,0.02954,-0.00708,1.0166,-0.399,-1.664,-0.139,-1.559,0.1235,-0.1029
67,1.3400000000000007,201854.0,0.02,0.02881,-0.00293,1.01147,-0.166,-1.631,-0.14,-1.56,-0.0292,0.0192
68,1.3600000000000008,201874.0,0.02,0.03101,-0.00122,1.0166,-0.069,-1.747,-0.141,-1.563,-0.0979,0.0345
69,1.3800000000000008,201894.0,0.02,0.03125,0.00098,1.02466,0.055,-1.747,-0.138,-1.564,-0.075,0.1337
70,1.4000000000000008,201914.0,0.02,0.03198,0.00195,1.00513,0.111,-1.822,-0.136,-1.566,-0.1055,0.149
71,1.4200000000000008,201934.0,0.02,0.03076,0.00195,1.01294,0.11,-1.739,-0.127,-1.572,0.1617,-0.1106
72,1.4400000000000008,201954.0,0.02,0.03027,-0.00195,1.01709,-0.11,-1.705,-0.129,-1.575,-0.0979,-0.0495
73,1.4600000000000009,201974.0,0.02,0.02563,-0.00317,1.02222,-0.178,-1.437,-0.128,-1.577,0.1159,-0.2251
74,1.4800000000000009,201994.0,0.02,0.02539,-0.00562,1.01758,-0.316,-1.429,-0.126,-1.573,0.2915,0.0268
75,1.5000000000000009,202014.0,0.02,0.02808,-0.00513,1.01538,-0.289,-1.584,-0.128,-1.57,0.0319,0.2024
76,1.520000000000001,202034.0,0.02,0.02783,-0.00293,1.01563,-0.165,-1.57,-0.131,-1.571,-0.0979,-0.0648
77,1.540000000000001,202054.0,0.02,0.03174,0.00049,1.01758,0.027,-1.786,-0.126,-1.576,0.1082,-0.0495
78,1.560000000000001,202074.0,0.02,0.02905,-0.00024,1.01416,-0.014,-1.641,-0.124,-1.577,-0.0368,0.0268
79,1.580000000000001,202094.0,0.02,0.02759,-0.00195,1.01392,-0.11,-1.559,-0.121,-1.579,0.1617,-0.1335
80,1.600000000000001,202114.0,0.02,0.02783,-0.00269,1.01294,-0.152,-1.574,-0.12,-1.578,0.0701,0.0421
81,1.620000000000001,202134.0,0.02,0.02881,-0.00366,1.01855,-0.206,-1.62,-0.125,-1.581,-0.1895,-0.08
82,1.640000000000001,202154.0,0.02,0.02905,-0.00586,1.01782,-0.33,-1.635,-0.129,-1.578,0.0548,0.1719
83,1.660000000000001,202174.0,0.02,0.02808,-0.00366,1.00684,-0.208,-1.597,-0.13,-1.581,-0.0139,-0.1335
84,1.680000000000001,202194.0,0.02,0.02466,-0.00049,1.0188,-0.027,-1.386,-0.132,-1.575,-0.2124,0.1184
85,1.700000000000001,202214.0,0.02,0.0293,-0.00146,1.021,-0.082,-1.644,-0.13,-1.574,0.093,0.1184
86,1.720000000000001,202234.0,0.02,0.02759,0.00098,1.01782,0.055,-1.553,-0.125,-1.575,0.0395,-0.0724
87,1.740000000000001,202254.0,0.02,0.03027,-0.00098,1.00732,-0.056,-1.721,-0.12,-1.578,0.1769,0.0192
88,1.7600000000000011,202274.0,0.02,0.03198,0.00049,1.0144,0.028,-1.806,-0.119,-1.583,-0.1055,-0.0571
89,1.7800000000000011,202294.0,0.02,0.03003,-0.00195,1.01636,-0.11,-1.692,-0.12,-1.586,-0.0139,0.0039
90,1.8000000000000012,202314.0,0.02,0.03027,-0.00488,1.01538,-0.276,-1.708,-0.116,-1.587,0.3602,0.0268
91,1.8200000000000012,202334.0,0.02,0.02905,-0.00464,1.01489,-0.262,-1.64,-0.115,-1.588,0.1922,0.0421
92,1.8400000000000012,202354.0,0.02,0.02637,-0.00586,1.01025,-0.332,-1.495,-0.12,-1.581,-0.0215,0.2482
93,1.8600000000000012,202374.0,0.02,0.0293,-0.00439,1.0105,-0.249,-1.661,-0.12,-1.582,0.1159,0.0268
94,1.8800000000000012,202394.0,0.02,0.02441,-0.00098,1.01904,-0.055,-1.372,-0.12,-1.576,-0.0979,0.0803
95,1.9000000000000012,202414.0,0.02,0.02881,-0.00171,1.01465,-0.097,-1.626,-0.116,-1.577,0.2151,0.0345
96,1.9200000000000013,202434.0,0.02,0.0249,-0.00024,1.01489,-0.014,-1.406,-0.11,-1.573,0.1769,0.0268
97,1.9400000000000013,202454.0,0.02,0.02905,-0.00244,1.01587,-0.138,-1.638,-0.108,-1.577,0.1388,-0.1335
98,1.9600000000000013,202474.0,0.02,0.02759,-0.00073,1.01978,-0.041,-1.55,-0.108,-1.576,-0.0521,0.0116
99,1.9800000000000013,202494.0,0.02,0.02734,-0.00122,1.01758,-0.069,-1.539,-0.106,-1.575,0.0472,-0.0037
100,2.0000000000000013,202514.0,0.02,0.02515,-0.0061,1.01489,-0.345,-1.419,-0.11,-1.573,0.0624,-0.0419
101,2.0200000000000014,202534.0,0.02,0.02905,-0.00806,1.01953,-0.453,-1.632,-0.116,-1.576,0.0014,-0.1029
102,2.0400000000000014,202554.0,0.02,0.0293,0.00366,1.01587,0.207,-1.652,-0.109,-1.578,0.0395,-0.0266
103,2.0600000000000014,202574.0,0.02,0.02832,0.0,1.01489,0.0,-1.598,-0.109,-1.578,-0.1208,0.0192
104,2.0800000000000014,202594.0,0.02,0.02563,-0.00122,1.01733,-0.069,-1.443,-0.107,-1.574,0.0548,0.0879
105,2.1000000000000014,202614.0,0.02,0.0271,-0.00049,1.01123,-0.028,-1.535,-0.111,-1.576,-0.2811,-0.1716
106,2.1200000000000014,202634.0,0.02,0.0293,-0.00195,1.0188,-0.11,-1.647,-0.108,-1.58,0.154,-0.1106
107,2.1400000000000015,202654.0,0.02,0.02466,0.00171,1.01221,0.097,-1.395,-0.104,-1.575,0.0014,0.0726
108,2.1600000000000015,202674.0,0.02,0.02979,-0.00171,1.01733,-0.096,-1.677,-0.101,-1.581,0.1311,-0.2022
109,2.1800000000000015,202694.0,0.02,0.0271,-0.00684,1.01929,-0.384,-1.523,-0.108,-1.577,-0.0521,0.1413
110,2.2000000000000015,202714.0,0.02,0.03174,-0.00269,1.01758,-0.151,-1.786,-0.107,-1.578,0.1006,0.1642
111,2.2200000000000015,202734.0,0.02,0.02856,-0.00317,1.01855,-0.179,-1.606,-0.11,-1.574,-0.0597,0.21
112,2.2400000000000015,202754.0,0.02,0.0271,0.00122,1.01855,0.069,-1.524,-0.11,-1.574,-0.22,-0.0495
113,2.2600000000000016,202774.0,0.02,0.02661,-0.00073,1.01123,-0.041,-1.507,-0.109,-1.572,-0.0139,0.0268
114,2.2800000000000016,202794.0,0.02,0.02832,-0.00073,1.01489,-0.041,-1.598,-0.108,-1.571,0.0166,0.1184
115,2.3000000000000016,202814.0,0.02,0.02832,-0.00317,1.01221,-0.18,-1.603,-0.107,-1.573,0.1235,-0.0724
116,2.3200000000000016,202834.0,0.02,0.02734,-0.00464,1.01978,-0.261,-1.536,-0.108,-1.575,0.0777,-0.164
117,2.3400000000000016,202854.0,0.02,0.02979,-0.00806,1.01147,-0.456,-1.687,-0.121,-1.58,-0.2811,-0.1487
118,2.3600000000000017,202874.0,0.02,0.02515,-0.00146,1.01367,-0.083,-1.421,-0.119,-1.576,0.0624,0.0345
119,2.3800000000000017,202894.0,0.02,0.03003,-0.00342,1.01782,-0.192,-1.69,-0.121,-1.585,-0.0521,-0.3396
120,2.4000000000000017,202914.0,0.02,0.02954,0.00342,1.01587,0.193,-1.666,-0.108,-1.582,0.3525,0.2329
121,2.4200000000000017,202934.0,0.02,0.02905,-0.00415,1.0105,-0.235,-1.647,-0.109,-1.582,0.093,0.0803
122,2.4400000000000017,202954.0,0.02,0.02612,-0.00073,1.01904,-0.041,-1.468,-0.109,-1.578,-0.075,0.1032
123,2.4600000000000017,202974.0,0.02,0.02563,-0.00244,1.01978,-0.137,-1.44,-0.11,-1.573,-0.0139,0.1108
124,2.4800000000000018,202994.0,0.02,0.02881,-0.00146,1.01733,-0.082,-1.622,-0.107,-1.575,0.1006,-0.0419
125,2.5000000000000018,203014.0,0.02,0.02783,0.0,1.01929,0.0,-1.564,-0.099,-1.58,0.2915,-0.2632
126,2.520000000000002,203034.0,0.02,0.02954,-0.00269,1.01318,-0.152,-1.67,-0.098,-1.582,0.1388,-0.0342
127,2.540000000000002,203054.0,0.02,0.0332,-0.00488,1.01904,-0.275,-1.866,-0.103,-1.588,-0.0826,-0.0113
128,2.560000000000002,203074.0,0.02,0.03003,0.0,1.01733,0.0,-1.691,-0.095,-1.588,0.2686,0.0803
129,2.580000000000002,203094.0,0.02,0.0293,0.00049,1.01831,0.027,-1.648,-0.093,-1.591,0.0243,-0.08
130,2.600000000000002,203114.0,0.02,0.03149,0.00122,1.01099,0.069,-1.784,-0.087,-1.595,0.1235,0.0268
131,2.620000000000002,203134.0,0.02,0.03003,-0.00391,1.01929,-0.22,-1.687,-0.091,-1.596,-0.075,0.0192
132,2.640000000000002,203154.0,0.02,0.02759,-0.00293,1.02002,-0.165,-1.549,-0.094,-1.592,-0.075,0.1719
133,2.660000000000002,203174.0,0.02,0.0271,-0.00391,1.01318,-0.221,-1.532,-0.101,-1.593,-0.2353,-0.1487
134,2.680000000000002,203194.0,0.02,0.02612,0.00098,1.01392,0.055,-1.476,-0.096,-1.591,0.1006,0.0268
135,2.700000000000002,203214.0,0.02,0.02856,-0.00659,1.01636,-0.372,-1.61,-0.098,-1.593,0.1617,-0.1106
136,2.720000000000002,203234.0,0.02,0.02734,-0.00342,1.01563,-0.193,-1.542,-0.105,-1.594,-0.2505,-0.08
137,2.740000000000002,203254.0,0.02,0.02832,-0.00024,1.01855,-0.014,-1.593,-0.106,-1.594,-0.1513,-0.0037
138,2.760000000000002,203274.0,0.02,0.02734,-0.00171,1.01611,-0.096,-1.541,-0.108,-1.592,-0.0902,0.0497
139,2.780000000000002,203294.0,0.02,0.02954,-0.00024,1.01367,-0.014,-1.669,-0.102,-1.595,0.1998,-0.1029
140,2.800000000000002,203314.0,0.02,0.02979,-0.00049,1.01416,-0.028,-1.682,-0.1,-1.597,0.0319,0.0192
141,2.820000000000002,203334.0,0.02,0.02954,-0.00488,1.01538,-0.276,-1.666,-0.103,-1.595,0.009,0.149
142,2.840000000000002,203354.0,0.02,0.02441,-0.0022,1.01489,-0.124,-1.378,-0.106,-1.589,-0.1131,0.0955
143,2.860000000000002,203374.0,0.02,0.02637,-0.00391,1.01636,-0.22,-1.486,-0.102,-1.59,0.3296,-0.164
144,2.880000000000002,203394.0,0.02,0.02954,-0.00366,1.01709,-0.206,-1.664,-0.102,-1.591,0.0701,0.0345
145,2.900000000000002,203414.0,0.02,0.02759,0.00024,1.01343,0.014,-1.559,-0.105,-1.588,-0.2734,0.0955
146,2.920000000000002,203434.0,0.02,0.02759,-0.00439,1.01147,-0.249,-1.562,-0.108,-1.591,0.0395,-0.1716
147,2.940000000000002,203454.0,0.02,0.03027,-0.00024,1.01953,-0.014,-1.701,-0.107,-1.598,-0.0521,-0.2556
148,2.960000000000002,203474.0,0.02,0.02979,-0.00146,1.01782,-0.082,-1.676,-0.107,-1.596,-0.0139,0.2253
149,2.980000000000002,203494.0,0.02,0.02783,0.00073,1.01538,0.041,-1.57,-0.104,-1.596,-0.0063,-0.0724
150,3.000000000000002,203514.0,0.02,0.02686,-0.00342,1.01025,-0.194,-1.523,-0.107,-1.596,-0.0597,-0.0495
151,3.0200000000000022,203534.0,0.02,0.02661,0.00098,1.01147,0.055,-1.507,-0.1,-1.592,0.154,0.0955
152,3.0400000000000023,203554.0,0.02,0.03076,-0.00269,1.02124,-0.151,-1.725,-0.105,-1.597,-0.1818,-0.1029
153,3.0600000000000023,203574.0,0.02,0.0271,-0.00488,1.01489,-0.276,-1.53,-0.103,-1.595,0.2686,0.0574
154,3.0800000000000023,203594.0,0.02,0.02759,-0.00659,1.0144,-0.372,-1.558,-0.107,-1.598,0.0853,-0.2403
155,3.1000000000000023,203614.0,0.02,0.02783,-0.00049,1.01514,-0.028,-1.57,-0.103,-1.594,0.1311,0.2253
156,3.1200000000000023,203634.0,0.02,0.03027,-0.00342,1.01685,-0.193,-1.705,-0.107,-1.595,-0.1513,0.0268
157,3.1400000000000023,203654.0,0.02,0.03027,0.00244,1.0166,0.138,-1.706,-0.107,-1.595,-0.2429,0.1032
158,3.1600000000000024,203674.0,0.02,0.02954,-0.00269,1.01294,-0.152,-1.67,-0.114,-1.594,-0.304,0.1261
159,3.1800000000000024,203694.0,0.02,0.03027,-0.00195,1.01489,-0.11,-1.709,-0.113,-1.592,0.0701,0.2177
160,3.2000000000000024,203714.0,0.02,0.02954,-0.00049,1.01904,-0.027,-1.66,-0.116,-1.593,-0.2734,0.0268
161,3.2200000000000024,203734.0,0.02,0.02612,-0.00122,1.0127,-0.069,-1.478,-0.115,-1.595,0.0319,-0.2098
162,3.2400000000000024,203754.0,0.02,0.03174,-0.00146,1.01465,-0.083,-1.792,-0.119,-1.601,-0.2429,-0.0953
163,3.2600000000000025,203774.0,0.02,0.03101,-0.00244,1.01807,-0.137,-1.744,-0.123,-1.601,-0.1666,0.1261
164,3.2800000000000025,203794.0,0.02,0.02734,-0.00269,1.01074,-0.152,-1.55,-0.123,-1.6,0.0014,0.0116
165,3.3000000000000025,203814.0,0.02,0.02905,-0.00195,1.01318,-0.11,-1.642,-0.119,-1.601,0.2075,0.0039
166,3.3200000000000025,203834.0,0.02,0.02441,0.00098,1.01563,0.055,-1.377,-0.114,-1.594,0.0853,0.0955
167,3.3400000000000025,203854.0,0.02,0.0271,0.00342,1.0166,0.193,-1.527,-0.105,-1.596,0.1464,-0.1716
168,3.3600000000000025,203874.0,0.02,0.02661,-0.00098,1.01587,-0.055,-1.501,-0.105,-1.596,-0.0521,-0.0953
169,3.3800000000000026,203894.0,0.02,0.02661,-0.00684,1.01318,-0.387,-1.504,-0.107,-1.596,0.1846,-0.0495
170,3.4000000000000026,203914.0,0.02,0.03125,-0.00488,1.01685,-0.275,-1.76,-0.11,-1.604,0.0166,-0.2785
171,3.4200000000000026,203934.0,0.02,0.02832,-0.00488,1.0144,-0.276,-1.599,-0.113,-1.607,-0.0215,-0.1411
172,3.4400000000000026,203954.0,0.02,0.03223,-0.00757,1.01001,-0.429,-1.827,-0.125,-1.608,-0.2658,0.1642
173,3.4600000000000026,203974.0,0.02,0.02905,-0.00537,1.01929,-0.302,-1.633,-0.133,-1.612,-0.2047,-0.1564
174,3.4800000000000026,203994.0,0.02,0.0293,-0.00366,1.02148,-0.205,-1.643,-0.138,-1.613,-0.1818,-0.0113
175,3.5000000000000027,204014.0,0.02,0.02637,0.00146,1.02344,0.082,-1.476,-0.132,-1.608,0.0701,0.1108
176,3.5200000000000027,204034.0,0.02,0.02466,0.00171,1.02002,0.096,-1.385,-0.126,-1.602,0.0701,0.0726
177,3.5400000000000027,204054.0,0.02,0.02319,-0.00171,1.02222,-0.096,-1.3,-0.121,-1.598,0.2304,-0.1258
178,3.5600000000000027,204074.0,0.02,0.02539,-0.00684,1.01489,-0.386,-1.433,-0.124,-1.595,0.1006,-0.0037
179,3.5800000000000027,204094.0,0.02,0.02979,-0.00854,1.01294,-0.483,-1.684,-0.13,-1.596,0.0472,0.0421
180,3.6000000000000028,204114.0,0.02,0.02612,-0.00903,1.01221,-0.511,-1.478,-0.131,-1.595,0.3754,-0.0571
181,3.6200000000000028,204134.0,0.02,0.02979,-0.00781,1.01416,-0.441,-1.682,-0.138,-1.597,-0.0826,-0.0419
182,3.640000000000003,204154.0,0.02,0.03296,-0.00024,1.0127,-0.014,-1.864,-0.139,-1.601,-0.1513,0.1032
183,3.660000000000003,204174.0,0.02,0.03247,0.00488,1.02075,0.274,-1.822,-0.132,-1.607,-0.0521,-0.1258
184,3.680000000000003,204194.0,0.02,0.02881,-0.00098,1.0188,-0.055,-1.62,-0.133,-1.605,-0.1208,0.149
185,3.700000000000003,204214.0,0.02,0.02832,-0.00195,1.01318,-0.11,-1.601,-0.132,-1.61,-0.0063,-0.2709
186,3.720000000000003,204234.0,0.02,0.02759,-0.00098,1.01855,-0.055,-1.551,-0.131,-1.609,-0.0215,-0.0266
187,3.740000000000003,204254.0,0.02,0.02734,-0.00415,1.01294,-0.235,-1.546,-0.131,-1.608,0.1082,-0.019
188,3.760000000000003,204274.0,0.02,0.02563,-0.00586,1.01611,-0.33,-1.445,-0.137,-1.607,-0.1055,-0.0877
189,3.780000000000003,204294.0,0.02,0.02393,-0.00171,1.01685,-0.096,-1.348,-0.137,-1.604,-0.0521,-0.1182
190,3.800000000000003,204314.0,0.02,0.02393,-0.00244,1.01538,-0.138,-1.35,-0.141,-1.601,-0.1666,-0.1106
191,3.820000000000003,204334.0,0.02,0.02954,-0.00269,1.01587,-0.151,-1.666,-0.143,-1.6,-0.1131,0.1032
192,3.840000000000003,204354.0,0.02,0.03149,0.00171,1.01318,0.097,-1.78,-0.139,-1.6,-0.0215,0.2177
193,3.860000000000003,204374.0,0.02,0.03198,0.00073,1.01196,0.041,-1.81,-0.134,-1.605,0.0472,-0.0419
194,3.880000000000003,204394.0,0.02,0.03394,0.00098,1.0105,0.055,-1.923,-0.129,-1.607,0.0472,0.1871
195,3.900000000000003,204414.0,0.02,0.02686,0.0,1.0188,0.0,-1.51,-0.123,-1.606,0.2075,-0.0266
196,3.920000000000003,204434.0,0.02,0.02783,-0.0022,1.01587,-0.124,-1.569,-0.124,-1.605,-0.0444,0.0268
197,3.940000000000003,204454.0,0.02,0.02905,-0.00391,1.01538,-0.22,-1.639,-0.132,-1.607,-0.304,-0.08
198,3.960000000000003,204474.0,0.02,0.02271,-0.00781,1.0105,-0.443,-1.287,-0.133,-1.603,0.2456,-0.1258
199,3.980000000000003,204494.0,0.02,0.0249,-0.00342,1.01611,-0.193,-1.404,-0.138,-1.601,-0.1895,-0.0877
200,4.000000000000003,204514.0,0.02,0.02563,-0.00195,1.0188,-0.11,-1.441,-0.14,-1.599,-0.1208,-0.0495
201,4.020000000000002,204534.0,0.02,0.02832,0.00146,1.0166,0.083,-1.596,-0.137,-1.598,-0.075,0.0497
202,4.040000000000002,204554.0,0.02,0.0249,-0.00024,1.01709,-0.014,-1.403,-0.136,-1.592,-0.0979,0.0803
203,4.060000000000001,204574.0,0.02,0.02954,-0.00464,1.01538,-0.262,-1.666,-0.134,-1.593,0.2533,0.0421
204,4.080000000000001,204594.0,0.02,0.02905,0.0022,1.0127,0.124,-1.643,-0.126,-1.599,0.1235,-0.2709
205,4.1000000000000005,204614.0,0.02,0.02881,-0.00244,1.01538,-0.138,-1.625,-0.122,-1.599,0.1998,0.0192
206,4.12,204634.0,0.02,0.02686,-0.00342,1.01367,-0.193,-1.518,-0.127,-1.596,-0.1513,0.1032
207,4.14,204654.0,0.02,0.02539,-0.00195,1.01733,-0.11,-1.43,-0.128,-1.591,-0.075,0.065
208,4.159999999999999,204674.0,0.02,0.02783,-0.00562,1.02124,-0.315,-1.561,-0.133,-1.592,-0.075,-0.0877
209,4.179999999999999,204694.0,0.02,0.02881,0.0,1.01318,0.0,-1.629,-0.131,-1.593,-0.0292,-0.0037
210,4.199999999999998,204714.0,0.02,0.02759,0.00122,1.02222,0.068,-1.546,-0.129,-1.595,-0.0979,-0.1335
211,4.219999999999998,204734.0,0.02,0.03271,0.00049,1.01196,0.028,-1.852,-0.123,-1.599,0.1464,0.0421
212,4.2399999999999975,204754.0,0.02,0.02783,-0.00098,1.01782,-0.055,-1.566,-0.122,-1.599,-0.0368,-0.019
213,4.259999999999997,204774.0,0.02,0.02783,-0.00562,1.0127,-0.318,-1.574,-0.127,-1.597,-0.0597,0.0726
214,4.279999999999997,204794.0,0.02,0.02856,-0.00806,1.01709,-0.454,-1.609,-0.136,-1.599,-0.1055,-0.1106
215,4.299999999999996,204814.0,0.02,0.03223,-0.00293,1.01172,-0.166,-1.824,-0.135,-1.602,0.0777,0.065
216,4.319999999999996,204834.0,0.02,0.03003,-0.00024,1.01587,-0.014,-1.693,-0.132,-1.602,0.0166,0.0879
217,4.339999999999995,204854.0,0.02,0.0293,0.00415,1.01318,0.235,-1.656,-0.123,-1.6,0.0853,0.1719
218,4.359999999999995,204874.0,0.02,0.02295,-0.00049,1.01611,-0.028,-1.294,-0.129,-1.592,-0.365,0.1032
219,4.379999999999995,204894.0,0.02,0.02515,-0.0022,1.01636,-0.124,-1.417,-0.128,-1.589,0.009,-0.0342
220,4.399999999999994,204914.0,0.02,0.02905,-0.00269,1.0144,-0.152,-1.641,-0.128,-1.592,0.0472,-0.1106
221,4.419999999999994,204934.0,0.02,0.0271,-0.00098,1.01489,-0.055,-1.53,-0.126,-1.593,0.0319,-0.1182
222,4.439999999999993,204954.0,0.02,0.02856,-0.00073,1.01563,-0.041,-1.611,-0.128,-1.596,-0.2047,-0.1182
223,4.459999999999993,204974.0,0.02,0.02979,-0.00317,1.01367,-0.179,-1.683,-0.126,-1.597,0.1693,0.0268
224,4.479999999999992,204994.0,0.02,0.03003,-0.00366,1.01343,-0.207,-1.697,-0.123,-1.602,0.2151,-0.1335
225,4.499999999999992,205014.0,0.02,0.03174,-0.00073,1.0166,-0.041,-1.788,-0.119,-1.603,0.1388,0.1413
226,4.519999999999992,205034.0,0.02,0.02808,-0.00342,1.01855,-0.192,-1.579,-0.121,-1.6,-0.0215,0.1184
227,4.539999999999991,205054.0,0.02,0.03125,-0.00586,1.01001,-0.332,-1.772,-0.123,-1.6,0.1235,0.1642
228,4.559999999999991,205074.0,0.02,0.02954,-0.00366,1.01563,-0.207,-1.666,-0.126,-1.595,-0.1131,0.3322
229,4.57999999999999,205094.0,0.02,0.02563,-0.0022,1.01758,-0.124,-1.443,-0.128,-1.59,-0.0597,0.0879
230,4.59999999999999,205114.0,0.02,0.03052,0.00195,1.01587,0.11,-1.721,-0.122,-1.593,0.0166,0.0039
231,4.6199999999999894,205134.0,0.02,0.02979,-0.00073,1.01831,-0.041,-1.675,-0.119,-1.595,0.0777,-0.0266
232,4.639999999999989,205154.0,0.02,0.02417,0.00244,1.01685,0.138,-1.362,-0.111,-1.591,0.154,-0.0342
233,4.659999999999989,205174.0,0.02,0.02734,0.00098,1.01514,0.055,-1.543,-0.104,-1.594,0.1998,-0.1869
234,4.679999999999988,205194.0,0.02,0.02979,-0.00195,1.0188,-0.11,-1.675,-0.108,-1.596,-0.1971,-0.0419
235,4.699999999999988,205214.0,0.02,0.02637,-0.00342,1.01807,-0.192,-1.484,-0.11,-1.596,-0.0139,-0.0953
236,4.719999999999987,205234.0,0.02,0.0293,-0.00781,1.0166,-0.44,-1.651,-0.122,-1.599,-0.2887,-0.1258
237,4.739999999999987,205254.0,0.02,0.02759,-0.00195,1.0166,-0.11,-1.554,-0.124,-1.601,-0.1131,-0.1411
238,4.7599999999999865,205274.0,0.02,0.03149,-0.00415,1.01733,-0.234,-1.773,-0.122,-1.607,0.2075,-0.1029
239,4.779999999999986,205294.0,0.02,0.0332,-0.00317,1.01343,-0.179,-1.877,-0.128,-1.611,-0.2124,0.0497
240,4.799999999999986,205314.0,0.02,0.02734,0.00049,1.01831,0.027,-1.538,-0.125,-1.611,-0.0521,-0.08
241,4.819999999999985,205334.0,0.02,0.03076,-0.00488,1.01709,-0.275,-1.732,-0.125,-1.615,0.1769,-0.08
242,4.839999999999985,205354.0,0.02,0.02759,0.00024,1.01685,0.014,-1.554,-0.124,-1.612,-0.0673,0.1261
243,4.859999999999984,205374.0,0.02,0.02515,-0.00293,1.02002,-0.165,-1.412,-0.128,-1.608,-0.1818,-0.0419
244,4.879999999999984,205394.0,0.02,0.0249,0.00244,1.01831,0.137,-1.401,-0.122,-1.601,0.0166,0.1413
245,4.8999999999999835,205414.0,0.02,0.02563,0.00073,1.01709,0.041,-1.444,-0.118,-1.597,0.0624,0.0803
246,4.919999999999983,205434.0,0.02,0.03027,-0.00879,1.01538,-0.496,-1.708,-0.123,-1.596,0.1311,0.1566
247,4.939999999999983,205454.0,0.02,0.02783,0.00024,1.0166,0.014,-1.568,-0.116,-1.601,0.2227,-0.2861
248,4.959999999999982,205474.0,0.02,0.02734,-0.00342,1.01147,-0.194,-1.549,-0.114,-1.601,0.154,-0.0342
249,4.979999999999982,205494.0,0.02,0.03003,-0.0022,1.01563,-0.124,-1.694,-0.119,-1.598,-0.22,0.2482
250,4.999999999999981,205514.0,0.02,0.03125,0.00122,1.01514,0.069,-1.763,-0.117,-1.601,-0.0902,-0.0113
251,5.019999999999981,205534.0,0.02,0.02905,0.00146,1.01611,0.083,-1.638,-0.108,-1.6,0.2304,0.0955
252,5.0399999999999805,205554.0,0.02,0.02588,-0.00415,1.01831,-0.234,-1.456,-0.109,-1.597,0.1006,-0.0113
253,5.05999999999998,205574.0,0.02,0.03101,0.00122,1.02271,0.068,-1.737,-0.108,-1.6,-0.1666,-0.019
254,5.07999999999998,205594.0,0.02,0.02563,-0.00586,1.01807,-0.33,-1.442,-0.115,-1.599,-0.0826,-0.08
255,5.099999999999979,205614.0,0.02,0.02441,-0.00391,1.01855,-0.22,-1.373,-0.124,-1.589,-0.3727,0.2864
256,5.119999999999979,205634.0,0.02,0.02344,-0.00073,1.01782,-0.041,-1.319,-0.12,-1.584,0.1159,-0.0342
257,5.139999999999978,205654.0,0.02,0.02856,-0.00391,1.01416,-0.221,-1.613,-0.121,-1.581,0.0472,0.1795
258,5.159999999999978,205674.0,0.02,0.02734,0.00171,1.0127,0.097,-1.547,-0.115,-1.583,0.0853,-0.1335
259,5.1799999999999775,205694.0,0.02,0.02563,0.00366,1.01538,0.207,-1.446,-0.101,-1.576,0.3678,0.2177
260,5.199999999999977,205714.0,0.02,0.03027,0.00122,1.01709,0.069,-1.705,-0.096,-1.578,0.1159,0.0039
261,5.219999999999977,205734.0,0.02,0.02856,-0.00366,1.01855,-0.206,-1.606,-0.102,-1.579,-0.2276,-0.019
262,5.239999999999976,205754.0,0.02,0.02734,-0.00244,1.01611,-0.138,-1.541,-0.103,-1.58,-0.0139,-0.08
263,5.259999999999976,205774.0,0.02,0.02856,0.00171,1.01538,0.096,-1.611,-0.099,-1.58,0.0395,0.0421
264,5.279999999999975,205794.0,0.02,0.02466,-0.00659,1.02026,-0.37,-1.384,-0.105,-1.574,-0.0444,0.0879
265,5.299999999999975,205814.0,0.02,0.02515,0.00073,1.01172,0.041,-1.424,-0.103,-1.569,-0.0521,0.1108
266,5.3199999999999745,205834.0,0.02,0.02759,0.00073,1.01367,0.041,-1.559,-0.103,-1.571,-0.1589,-0.1029
267,5.339999999999974,205854.0,0.02,0.02954,0.00049,1.01172,0.028,-1.672,-0.098,-1.574,0.1159,-0.0571
268,5.359999999999974,205874.0,0.02,0.03125,-0.00244,1.01929,-0.137,-1.756,-0.099,-1.578,-0.0063,-0.0266
269,5.379999999999973,205894.0,0.02,0.02661,-0.00415,1.02319,-0.232,-1.49,-0.102,-1.576,-0.0063,0.0421
270,5.399999999999973,205914.0,0.02,0.02563,-0.00464,1.01318,-0.262,-1.449,-0.108,-1.577,-0.1513,-0.1716
271,5.419999999999972,205934.0,0.02,0.02856,-0.00562,1.01123,-0.318,-1.618,-0.113,-1.579,-0.0292,-0.0724
272,5.439999999999972,205954.0,0.02,0.02441,0.00098,1.00806,0.056,-1.387,-0.113,-1.576,-0.1818,-0.0571
273,5.4599999999999715,205974.0,0.02,0.03149,-0.00195,1.0144,-0.11,-1.778,-0.115,-1.579,-0.1131,0.0421
274,5.479999999999971,205994.0,0.02,0.02905,0.00171,1.01611,0.096,-1.638,-0.11,-1.58,0.0777,0.0345
275,5.499999999999971,206014.0,0.02,0.03101,0.00244,1.01538,0.138,-1.749,-0.11,-1.584,-0.2811,-0.0342
276,5.51999999999997,206034.0,0.02,0.02856,0.00098,1.01245,0.055,-1.616,-0.105,-1.584,0.0853,0.0421
277,5.53999999999997,206054.0,0.02,0.03149,-0.00195,1.01611,-0.11,-1.775,-0.105,-1.588,0.0243,-0.0342
278,5.559999999999969,206074.0,0.02,0.02734,0.00049,1.0166,0.028,-1.541,-0.101,-1.59,0.0624,-0.1411
279,5.579999999999969,206094.0,0.02,0.0271,-0.00342,1.01733,-0.192,-1.526,-0.106,-1.585,-0.1513,0.1795
280,5.599999999999969,206114.0,0.02,0.02783,-0.00244,1.01904,-0.137,-1.564,-0.108,-1.58,-0.0597,0.2482
281,5.619999999999968,206134.0,0.02,0.02637,-0.00049,1.01514,-0.028,-1.488,-0.104,-1.58,0.1159,-0.1182
282,5.639999999999968,206154.0,0.02,0.02686,-0.00171,1.01587,-0.096,-1.514,-0.105,-1.582,-0.0597,-0.1335
283,5.659999999999967,206174.0,0.02,0.02832,-0.0022,1.01416,-0.124,-1.6,-0.102,-1.582,0.1617,0.0192
284,5.679999999999967,206194.0,0.02,0.02441,0.0,1.00537,0.0,-1.391,-0.101,-1.577,-0.0521,0.0497
285,5.699999999999966,206214.0,0.02,0.03247,0.00122,1.01025,0.069,-1.841,-0.098,-1.576,-0.0063,0.3398
286,5.719999999999966,206234.0,0.02,0.02808,-0.00269,1.01147,-0.152,-1.59,-0.1,-1.574,-0.0902,0.0879
287,5.739999999999966,206254.0,0.02,0.02417,0.00146,1.01514,0.083,-1.364,-0.095,-1.566,0.093,0.1871
288,5.759999999999965,206274.0,0.02,0.03027,0.00391,1.0166,0.22,-1.706,-0.087,-1.569,0.0701,-0.0037
289,5.779999999999965,206294.0,0.02,0.03027,-0.00391,1.01514,-0.22,-1.708,-0.091,-1.574,-0.0597,-0.1029
290,5.799999999999964,206314.0,0.02,0.02661,-0.0022,1.01807,-0.124,-1.497,-0.095,-1.577,-0.1818,-0.2403
291,5.819999999999964,206334.0,0.02,0.03198,-0.00293,1.01465,-0.165,-1.805,-0.095,-1.58,0.1006,0.0574
292,5.839999999999963,206354.0,0.02,0.03198,-0.00073,1.01416,-0.041,-1.806,-0.094,-1.585,0.0014,-0.0037
293,5.859999999999963,206374.0,0.02,0.02686,-0.00269,1.01416,-0.152,-1.517,-0.093,-1.578,0.1082,0.2864
294,5.879999999999963,206394.0,0.02,0.02368,-0.00024,1.01001,-0.014,-1.343,-0.092,-1.579,-0.0444,-0.2861
295,5.899999999999962,206414.0,0.02,0.02417,-0.00366,1.01318,-0.207,-1.367,-0.091,-1.575,0.154,0.0116
296,5.919999999999962,206434.0,0.02,0.02393,-0.00293,1.0144,-0.165,-1.351,-0.092,-1.566,0.0243,0.21
297,5.939999999999961,206454.0,0.02,0.02905,-0.00684,1.01294,-0.387,-1.643,-0.1,-1.574,-0.075,-0.3319
298,5.959999999999961,206474.0,0.02,0.02515,-0.00317,1.02148,-0.178,-1.41,-0.104,-1.57,-0.1284,0.0116
299,5.9799999999999605,206494.0,0.02,0.03027,-0.00269,1.0166,-0.151,-1.706,-0.107,-1.575,-0.0979,-0.0724
300,5.99999999999996,206514.0,0.02,0.03052,-0.00464,1.01611,-0.262,-1.72,-0.109,-1.58,0.0548,-0.1335
301,6.01999999999996,206534.0,0.02,0.02808,-0.0022,1.01538,-0.124,-1.584,-0.113,-1.578,-0.1818,0.1108
302,6.039999999999959,206554.0,0.02,0.03247,-0.00195,1.01782,-0.11,-1.827,-0.112,-1.583,0.0166,0.0039
303,6.059999999999959,206574.0,0.02,0.0293,-0.00464,1.01831,-0.261,-1.648,-0.119,-1.581,-0.22,0.149
304,6.079999999999958,206594.0,0.02,0.03003,-0.00439,1.01025,-0.249,-1.703,-0.123,-1.586,-0.0292,-0.0953
305,6.099999999999958,206614.0,0.02,0.0293,0.0,1.01221,0.0,-1.658,-0.12,-1.588,-0.0063,-0.0571
306,6.1199999999999575,206634.0,0.02,0.02783,-0.00098,1.021,-0.055,-1.561,-0.118,-1.592,0.0243,-0.2251
307,6.139999999999957,206654.0,0.02,0.02783,-0.00293,1.01563,-0.165,-1.57,-0.122,-1.591,-0.1131,0.0116
308,6.159999999999957,206674.0,0.02,0.02954,-0.00195,1.01465,-0.11,-1.668,-0.122,-1.596,-0.0521,-0.1487
309,6.179999999999956,206694.0,0.02,0.03003,-0.00635,1.00977,-0.36,-1.703,-0.129,-1.601,-0.075,-0.1335
310,6.199999999999956,206714.0,0.02,0.02905,-0.00098,1.01929,-0.055,-1.633,-0.128,-1.599,-0.0673,0.1337
311,6.219999999999955,206734.0,0.02,0.02686,-0.00464,1.01001,-0.263,-1.523,-0.131,-1.6,0.0014,-0.1716
312,6.239999999999955,206754.0,0.02,0.0271,-0.00293,1.01489,-0.165,-1.53,-0.13,-1.594,0.0701,0.2635
313,6.2599999999999545,206774.0,0.02,0.02588,-0.00244,1.02026,-0.137,-1.453,-0.132,-1.589,-0.0826,0.1032
314,6.279999999999954,206794.0,0.02,0.02466,-0.00342,1.01099,-0.194,-1.397,-0.136,-1.588,-0.1208,-0.1182
315,6.299999999999954,206814.0,0.02,0.02979,-0.00415,1.01245,-0.235,-1.685,-0.139,-1.596,-0.0444,-0.3472
316,6.319999999999953,206834.0,0.02,0.03003,-0.00293,1.01318,-0.166,-1.698,-0.139,-1.597,-0.0063,0.0421
317,6.339999999999953,206854.0,0.02,0.02734,-0.00098,1.01343,-0.055,-1.546,-0.138,-1.592,-0.0292,0.2177
318,6.359999999999952,206874.0,0.02,0.03198,0.0022,1.01538,0.124,-1.804,-0.134,-1.597,-0.0444,-0.0113
319,6.379999999999952,206894.0,0.02,0.02832,-0.00073,1.01978,-0.041,-1.591,-0.137,-1.601,-0.2505,-0.2098
320,6.3999999999999515,206914.0,0.02,0.03247,-0.00317,1.01685,-0.179,-1.829,-0.136,-1.605,0.1006,0.0116
321,6.419999999999951,206934.0,0.02,0.03198,-0.00366,1.01709,-0.206,-1.801,-0.137,-1.61,-0.0139,-0.0571
322,6.439999999999951,206954.0,0.02,0.02759,-0.00171,1.0166,-0.096,-1.554,-0.14,-1.615,-0.1742,-0.3167
323,6.45999999999995,206974.0,0.02,0.02734,-0.0061,1.01538,-0.344,-1.543,-0.147,-1.616,-0.1589,-0.1029
324,6.47999999999995,206994.0,0.02,0.03027,-0.00513,1.01709,-0.289,-1.705,-0.15,-1.621,0.0014,-0.1564
325,6.499999999999949,207014.0,0.02,0.02686,-0.00293,1.01831,-0.165,-1.511,-0.151,-1.624,-0.0521,-0.2709
326,6.519999999999949,207034.0,0.02,0.02832,-0.00439,1.01929,-0.247,-1.592,-0.157,-1.622,-0.1666,0.0268
327,6.5399999999999485,207054.0,0.02,0.02612,-0.00122,1.01367,-0.069,-1.476,-0.157,-1.619,-0.0902,0.0421
328,6.559999999999948,207074.0,0.02,0.02881,0.00049,1.01904,0.027,-1.619,-0.157,-1.62,-0.2047,-0.0877
329,6.579999999999948,207094.0,0.02,0.02856,-0.0022,1.01758,-0.124,-1.608,-0.154,-1.623,0.1006,-0.1411
330,6.599999999999947,207114.0,0.02,0.02905,-0.00317,1.01563,-0.179,-1.639,-0.154,-1.62,0.0319,0.1795
331,6.619999999999947,207134.0,0.02,0.03027,-0.00342,1.01807,-0.192,-1.703,-0.154,-1.622,0.0319,-0.019
332,6.639999999999946,207154.0,0.02,0.02832,0.00073,1.02148,0.041,-1.588,-0.148,-1.624,0.1159,-0.1564
333,6.659999999999946,207174.0,0.02,0.03125,-0.00513,1.01758,-0.289,-1.759,-0.151,-1.63,0.0166,-0.1411
334,6.6799999999999455,207194.0,0.02,0.02637,0.00098,1.01392,0.055,-1.49,-0.152,-1.629,-0.2887,-0.1106
335,6.699999999999945,207214.0,0.02,0.02808,0.0,1.01685,0.0,-1.582,-0.152,-1.629,-0.136,-0.0266
336,6.719999999999945,207234.0,0.02,0.02148,-0.0022,1.01514,-0.124,-1.212,-0.151,-1.623,-0.0139,-0.1564
337,6.739999999999944,207254.0,0.02,0.02808,0.00073,1.01514,0.041,-1.584,-0.156,-1.625,-0.4185,-0.1258
338,6.759999999999944,207274.0,0.02,0.02612,-0.00415,1.01514,-0.234,-1.474,-0.155,-1.622,0.1082,0.0039
339,6.779999999999943,207294.0,0.02,0.02905,-0.00244,1.01538,-0.138,-1.639,-0.156,-1.62,-0.0444,0.1184
340,6.799999999999943,207314.0,0.02,0.03003,-0.00366,1.01904,-0.206,-1.688,-0.156,-1.623,0.0624,-0.1106
341,6.8199999999999426,207334.0,0.02,0.02588,0.00098,1.01416,0.055,-1.462,-0.154,-1.62,-0.1589,0.0268
342,6.839999999999942,207354.0,0.02,0.02686,-0.00366,1.01489,-0.207,-1.516,-0.161,-1.621,-0.2963,-0.1945
343,6.859999999999942,207374.0,0.02,0.02881,-0.00122,1.01807,-0.069,-1.621,-0.156,-1.625,0.1769,-0.1945
344,6.879999999999941,207394.0,0.02,0.02954,-0.00391,1.01782,-0.22,-1.662,-0.156,-1.624,0.0701,0.0803
345,6.899999999999941,207414.0,0.02,0.02881,-0.00391,1.01685,-0.22,-1.623,-0.157,-1.626,0.009,-0.08
346,6.91999999999994,207434.0,0.02,0.02832,-0.00073,1.02002,-0.041,-1.59,-0.157,-1.628,-0.136,-0.1564
347,6.93999999999994,207454.0,0.02,0.02588,-0.00317,1.01733,-0.179,-1.457,-0.155,-1.626,0.1464,-0.0419
348,6.95999999999994,207474.0,0.02,0.0293,-0.00269,1.02051,-0.151,-1.644,-0.153,-1.624,0.093,0.1108
349,6.979999999999939,207494.0,0.02,0.02808,-0.00024,1.0166,-0.014,-1.582,-0.152,-1.626,-0.1131,-0.1411
350,6.999999999999939,207514.0,0.02,0.02832,-0.00635,1.01294,-0.359,-1.601,-0.156,-1.625,0.009,0.0421
351,7.019999999999938,207534.0,0.02,0.02588,-0.00073,1.0144,-0.041,-1.461,-0.155,-1.624,-0.0368,-0.1335
352,7.039999999999938,207554.0,0.02,0.02881,-0.00269,1.0127,-0.152,-1.629,-0.157,-1.621,-0.0902,0.1719
353,7.059999999999937,207574.0,0.02,0.02881,-0.00391,1.02271,-0.219,-1.614,-0.162,-1.622,-0.1971,-0.0953
354,7.079999999999937,207594.0,0.02,0.0293,-0.00195,1.02393,-0.109,-1.639,-0.158,-1.622,0.1464,0.0192
355,7.099999999999937,207614.0,0.02,0.03271,-0.00195,1.01294,-0.11,-1.85,-0.16,-1.625,-0.1437,0.1032
356,7.119999999999936,207634.0,0.02,0.02271,-0.00049,1.02344,-0.027,-1.271,-0.16,-1.609,-0.1589,0.4391
357,7.139999999999936,207654.0,0.02,0.02734,-0.00122,1.00635,-0.069,-1.556,-0.158,-1.605,-0.0063,0.1337
358,7.159999999999935,207674.0,0.02,0.03027,-0.00244,1.02222,-0.137,-1.696,-0.157,-1.609,0.0243,-0.0953
359,7.179999999999935,207694.0,0.02,0.02539,-0.00391,1.01318,-0.221,-1.436,-0.158,-1.608,0.0166,-0.1258
360,7.1999999999999345,207714.0,0.02,0.02808,-0.00439,1.01147,-0.249,-1.59,-0.16,-1.608,0.009,-0.0113
361,7.219999999999934,207734.0,0.02,0.02734,-0.00317,1.01343,-0.179,-1.546,-0.167,-1.606,-0.3498,0.0497
362,7.239999999999934,207754.0,0.02,0.02954,-0.00391,1.01245,-0.221,-1.671,-0.17,-1.608,-0.0673,-0.0266
363,7.259999999999933,207774.0,0.02,0.02686,-0.00098,1.0166,-0.055,-1.513,-0.166,-1.6,0.0624,0.3169
364,7.279999999999933,207794.0,0.02,0.02856,0.00073,1.01563,0.041,-1.611,-0.163,-1.598,-0.075,0.065
365,7.299999999999932,207814.0,0.02,0.02734,0.00513,1.01709,0.289,-1.54,-0.156,-1.6,-0.075,-0.1182
366,7.319999999999932,207834.0,0.02,0.02637,0.0,1.01221,0.0,-1.492,-0.147,-1.599,0.3067,-0.0648
367,7.3399999999999315,207854.0,0.02,0.02783,-0.0061,1.01367,-0.345,-1.573,-0.152,-1.599,-0.0826,-0.0495
368,7.359999999999931,207874.0,0.02,0.03101,-0.00342,1.0166,-0.193,-1.747,-0.154,-1.601,-0.0368,0.0421
369,7.379999999999931,207894.0,0.02,0.03101,-0.00806,1.01392,-0.455,-1.752,-0.154,-1.605,0.322,-0.0113
370,7.39999999999993,207914.0,0.02,0.03296,-0.00684,1.01563,-0.386,-1.859,-0.162,-1.613,-0.1818,-0.1793
371,7.41999999999993,207934.0,0.02,0.02979,-0.00781,1.01465,-0.441,-1.681,-0.165,-1.616,0.1388,-0.0648
372,7.439999999999929,207954.0,0.02,0.03394,-0.00244,1.01099,-0.138,-1.923,-0.17,-1.623,-0.2887,-0.0342
373,7.459999999999929,207974.0,0.02,0.02881,0.00269,1.02051,0.151,-1.617,-0.163,-1.619,0.0395,0.1795
374,7.4799999999999285,207994.0,0.02,0.02637,0.00317,1.01782,0.179,-1.484,-0.154,-1.619,0.1082,-0.1564
375,7.499999999999928,208014.0,0.02,0.0249,0.0022,1.01929,0.124,-1.4,-0.146,-1.614,0.1311,0.0574
376,7.519999999999928,208034.0,0.02,0.02368,-0.00171,1.02026,-0.096,-1.33,-0.145,-1.605,-0.0063,0.1642
377,7.539999999999927,208054.0,0.02,0.02271,-0.0061,1.01392,-0.345,-1.283,-0.144,-1.599,0.2304,-0.0037
378,7.559999999999927,208074.0,0.02,0.02881,-0.0144,1.01733,-0.811,-1.622,-0.156,-1.599,0.0548,-0.0113
379,7.579999999999926,208094.0,0.02,0.0293,-0.00537,1.01538,-0.303,-1.653,-0.162,-1.6,-0.1284,0.0116
380,7.599999999999926,208114.0,0.02,0.03369,0.00195,1.02026,0.11,-1.891,-0.161,-1.607,-0.22,-0.0342
381,7.6199999999999255,208134.0,0.02,0.03125,0.00415,1.01611,0.234,-1.762,-0.154,-1.611,-0.075,-0.0571
382,7.639999999999925,208154.0,0.02,0.02979,0.00903,1.01587,0.509,-1.679,-0.138,-1.604,0.154,0.4085
383,7.659999999999925,208174.0,0.02,0.02612,0.0061,1.01978,0.343,-1.467,-0.13,-1.601,-0.075,0.0039
384,7.679999999999924,208194.0,0.02,0.02734,-0.00439,1.01343,-0.248,-1.546,-0.133,-1.597,-0.0597,0.149
385,7.699999999999924,208214.0,0.02,0.02759,-0.00781,1.021,-0.438,-1.548,-0.138,-1.599,0.1006,-0.1487
386,7.719999999999923,208234.0,0.02,0.02271,-0.00781,1.021,-0.438,-1.274,-0.148,-1.593,-0.2047,-0.019
387,7.739999999999923,208254.0,0.02,0.02222,-0.01147,1.01709,-0.646,-1.251,-0.16,-1.586,-0.136,0.0345
388,7.7599999999999225,208274.0,0.02,0.0249,-0.00708,1.0144,-0.4,-1.406,-0.168,-1.578,-0.1284,0.2253
389,7.779999999999922,208294.0,0.02,0.03198,-0.00122,1.01343,-0.069,-1.808,-0.166,-1.583,-0.0444,-0.0571
390,7.799999999999922,208314.0,0.02,0.03394,0.00537,1.01367,0.304,-1.917,-0.158,-1.591,-0.0292,-0.0342
391,7.819999999999921,208334.0,0.02,0.03271,0.00537,1.01172,0.304,-1.852,-0.148,-1.595,0.0166,0.0268
392,7.839999999999921,208354.0,0.02,0.03149,0.00293,1.01245,0.166,-1.782,-0.145,-1.597,-0.1437,0.0955
393,7.85999999999992,208374.0,0.02,0.03271,-0.00439,1.01636,-0.248,-1.844,-0.148,-1.6,-0.075,0.0879
394,7.87999999999992,208394.0,0.02,0.02881,-0.00977,1.01782,-0.55,-1.621,-0.155,-1.607,0.0701,-0.3014
395,7.8999999999999195,208414.0,0.02,0.02808,-0.00806,1.01465,-0.455,-1.585,-0.158,-1.608,0.1311,-0.1106
396,7.919999999999919,208434.0,0.02,0.02173,-0.00317,1.01538,-0.179,-1.226,-0.16,-1.597,-0.0826,0.2177
397,7.939999999999919,208454.0,0.02,0.03101,0.00146,1.01831,0.082,-1.744,-0.156,-1.601,-0.0368,-0.0953
398,7.959999999999918,208474.0,0.02,0.02783,0.00537,1.01733,0.302,-1.567,-0.144,-1.602,0.154,-0.0648
399,7.979999999999918,208494.0,0.02,0.03003,0.00195,1.01978,0.11,-1.687,-0.14,-1.604,-0.0368,-0.019
400,7.999999999999917,208514.0,0.02,0.02637,-0.00415,1.00977,-0.235,-1.496,-0.144,-1.603,-0.1513,-0.0495
401,8.019999999999918,208534.0,0.02,0.03101,-0.00439,1.01294,-0.249,-1.753,-0.147,-1.608,-0.0368,-0.0877
402,8.039999999999917,208554.0,0.02,0.02881,-0.00293,1.01465,-0.165,-1.626,-0.141,-1.611,0.322,-0.1487
403,8.059999999999917,208574.0,0.02,0.03125,-0.00586,1.01343,-0.331,-1.766,-0.147,-1.613,-0.0826,0.065
404,8.079999999999917,208594.0,0.02,0.03076,-0.00195,1.01611,-0.11,-1.734,-0.144,-1.615,0.0777,-0.0113
405,8.099999999999916,208614.0,0.02,0.03198,-0.00537,1.01587,-0.303,-1.803,-0.154,-1.617,-0.304,0.0955
406,8.119999999999916,208634.0,0.02,0.02295,-0.00146,1.01978,-0.082,-1.289,-0.15,-1.608,0.1082,0.1108
407,8.139999999999915,208654.0,0.02,0.02271,0.00024,1.0127,0.014,-1.284,-0.144,-1.6,0.1617,0.0803
408,8.159999999999915,208674.0,0.02,0.02588,-0.00146,1.01636,-0.083,-1.459,-0.14,-1.598,0.1464,-0.0037
409,8.179999999999914,208694.0,0.02,0.02612,-0.00171,1.01343,-0.097,-1.477,-0.137,-1.597,0.0777,-0.0953
410,8.199999999999914,208714.0,0.02,0.02759,-0.00098,1.01904,-0.055,-1.551,-0.132,-1.6,0.1769,-0.2174
411,8.219999999999914,208734.0,0.02,0.03003,-0.00244,1.01831,-0.137,-1.689,-0.131,-1.603,0.0777,-0.0495
412,8.239999999999913,208754.0,0.02,0.03101,-0.00171,1.01465,-0.097,-1.75,-0.128,-1.601,0.1235,0.2406
413,8.259999999999913,208774.0,0.02,0.03125,-0.00488,1.01489,-0.276,-1.764,-0.131,-1.603,-0.0444,0.0955
414,8.279999999999912,208794.0,0.02,0.0293,0.00195,1.01758,0.11,-1.649,-0.124,-1.606,0.1159,-0.1182
415,8.299999999999912,208814.0,0.02,0.02661,-0.00122,1.01733,-0.069,-1.498,-0.121,-1.601,0.1159,0.1566
416,8.319999999999911,208834.0,0.02,0.02344,0.00146,1.01416,0.083,-1.324,-0.122,-1.595,-0.2658,0.0116
417,8.339999999999911,208854.0,0.02,0.02246,0.00049,1.01318,0.028,-1.27,-0.123,-1.588,-0.1818,0.0039
418,8.35999999999991,208874.0,0.02,0.02417,-0.00146,1.0188,-0.082,-1.359,-0.119,-1.583,0.1235,0.0192
419,8.37999999999991,208894.0,0.02,0.0271,-0.00244,1.01172,-0.138,-1.534,-0.12,-1.58,-0.0292,0.1261
420,8.39999999999991,208914.0,0.02,0.02954,-0.00366,1.01538,-0.207,-1.666,-0.125,-1.583,-0.136,-0.0419
421,8.41999999999991,208934.0,0.02,0.02954,-0.00488,1.01709,-0.275,-1.664,-0.13,-1.585,-0.136,-0.019
422,8.439999999999909,208954.0,0.02,0.02393,-0.00513,1.01563,-0.289,-1.349,-0.13,-1.579,0.1617,0.0268
423,8.459999999999908,208974.0,0.02,0.03101,-0.00586,1.02271,-0.328,-1.737,-0.135,-1.583,-0.0444,-0.0113
424,8.479999999999908,208994.0,0.02,0.03149,-0.00098,1.0144,-0.055,-1.778,-0.132,-1.586,0.0777,0.0497
425,8.499999999999908,209014.0,0.02,0.02637,0.00244,1.01392,0.138,-1.49,-0.128,-1.587,-0.0597,-0.1869
426,8.519999999999907,209034.0,0.02,0.0271,-0.00073,1.01831,-0.041,-1.524,-0.126,-1.591,0.0166,-0.248
427,8.539999999999907,209054.0,0.02,0.02686,0.00073,1.01147,0.041,-1.521,-0.123,-1.589,-0.0521,0.0421
428,8.559999999999906,209074.0,0.02,0.02612,-0.00195,1.01611,-0.11,-1.473,-0.127,-1.586,-0.1818,0.0116
429,8.579999999999906,209094.0,0.02,0.02588,-0.00146,1.01465,-0.083,-1.461,-0.128,-1.584,-0.0979,-0.0037
430,8.599999999999905,209114.0,0.02,0.02539,-0.00098,1.00952,-0.055,-1.441,-0.129,-1.579,-0.1513,0.1108
431,8.619999999999905,209134.0,0.02,0.02881,0.00122,1.01636,0.069,-1.624,-0.129,-1.579,-0.1666,0.0268
432,8.639999999999905,209154.0,0.02,0.03052,-0.00073,1.01611,-0.041,-1.72,-0.126,-1.581,0.0243,0.0574
433,8.659999999999904,209174.0,0.02,0.03149,-0.00073,1.0105,-0.042,-1.785,-0.123,-1.586,0.0624,-0.08
434,8.679999999999904,209194.0,0.02,0.03125,-0.00049,1.0127,-0.028,-1.767,-0.122,-1.595,-0.0139,-0.2327
435,8.699999999999903,209214.0,0.02,0.03491,-0.00464,1.02246,-0.26,-1.956,-0.121,-1.601,0.1922,0.0268
436,8.719999999999903,209234.0,0.02,0.02368,-0.00439,1.0166,-0.248,-1.334,-0.12,-1.6,0.154,-0.1945
437,8.739999999999903,209254.0,0.02,0.02881,-0.00171,1.01196,-0.097,-1.631,-0.12,-1.601,-0.0139,-0.0419
438,8.759999999999902,209274.0,0.02,0.02954,-0.00391,1.01514,-0.22,-1.667,-0.119,-1.604,0.1769,-0.0495
439,8.779999999999902,209294.0,0.02,0.02759,-0.00195,1.01416,-0.11,-1.558,-0.122,-1.602,-0.1895,0.0421
440,8.799999999999901,209314.0,0.02,0.02393,-0.00098,1.02197,-0.055,-1.341,-0.122,-1.6,-0.0673,-0.1793
441,8.8199999999999,209334.0,0.02,0.0293,-0.00415,1.01416,-0.234,-1.655,-0.122,-1.605,0.1159,-0.1945
442,8.8399999999999,209354.0,0.02,0.02441,-0.00293,1.01611,-0.165,-1.376,-0.122,-1.599,0.0777,0.0574
443,8.8599999999999,209374.0,0.02,0.02881,-0.00024,1.01294,-0.014,-1.629,-0.117,-1.599,0.1006,0.0345
444,8.8799999999999,209394.0,0.02,0.02856,-0.00171,1.0188,-0.096,-1.606,-0.115,-1.601,0.1235,-0.0953
445,8.899999999999899,209414.0,0.02,0.03003,0.00244,1.02026,0.137,-1.686,-0.111,-1.601,-0.0597,0.0803
446,8.919999999999899,209434.0,0.02,0.02783,-0.00293,1.00977,-0.166,-1.579,-0.111,-1.6,0.0548,0.0268
447,8.939999999999898,209454.0,0.02,0.02905,-0.00293,1.02295,-0.164,-1.627,-0.11,-1.605,0.0853,-0.1945
448,8.959999999999898,209474.0,0.02,0.02539,-0.00122,1.01611,-0.069,-1.431,-0.109,-1.602,0.0395,-0.019
449,8.979999999999897,209494.0,0.02,0.0271,-0.00464,1.01343,-0.262,-1.532,-0.114,-1.597,-0.1055,0.1795
450,8.999999999999897,209514.0,0.02,0.02759,-0.0022,1.01294,-0.124,-1.56,-0.116,-1.593,-0.0979,0.1337
451,9.019999999999897,209534.0,0.02,0.0271,0.00024,1.01318,0.014,-1.532,-0.119,-1.592,-0.3116,-0.0113
452,9.039999999999896,209554.0,0.02,0.03003,-0.00366,1.00659,-0.208,-1.709,-0.122,-1.597,-0.0292,-0.1106
453,9.059999999999896,209574.0,0.02,0.02808,0.00098,1.01587,0.055,-1.583,-0.117,-1.597,0.0624,-0.0342
454,9.079999999999895,209594.0,0.02,0.02905,0.00146,1.01636,0.083,-1.637,-0.11,-1.599,0.1311,-0.0495
455,9.099999999999895,209614.0,0.02,0.02905,-0.0022,1.01343,-0.124,-1.642,-0.107,-1.6,0.1846,-0.0266
456,9.119999999999894,209634.0,0.02,0.02734,-0.00366,1.01001,-0.208,-1.551,-0.109,-1.601,-0.0215,-0.08
457,9.139999999999894,209654.0,0.02,0.02612,-0.00146,1.01636,-0.083,-1.472,-0.105,-1.601,0.1769,-0.1182
458,9.159999999999894,209674.0,0.02,0.02686,-0.00244,1.01709,-0.138,-1.512,-0.102,-1.6,0.1846,-0.0571
459,9.179999999999893,209694.0,0.02,0.02441,-0.00244,1.01123,-0.138,-1.383,-0.107,-1.593,-0.1895,0.1642
460,9.199999999999893,209714.0,0.02,0.03101,0.0022,1.01147,0.124,-1.756,-0.107,-1.596,-0.2429,-0.0037
461,9.219999999999892,209734.0,0.02,0.02612,-0.00342,1.0166,-0.193,-1.472,-0.106,-1.593,0.1464,0.0345
462,9.239999999999892,209754.0,0.02,0.02905,0.00146,1.01147,0.083,-1.645,-0.103,-1.594,-0.0292,-0.0342
463,9.259999999999891,209774.0,0.02,0.02979,0.00195,1.01318,0.11,-1.684,-0.094,-1.595,0.2151,0.0497
464,9.279999999999891,209794.0,0.02,0.02832,-0.00391,1.02246,-0.219,-1.587,-0.1,-1.598,-0.1513,-0.1258
465,9.29999999999989,209814.0,0.02,0.0354,-0.00171,1.02124,-0.096,-1.985,-0.1,-1.602,-0.0368,0.1795
466,9.31999999999989,209834.0,0.02,0.02856,-0.00098,1.01514,-0.055,-1.612,-0.097,-1.599,0.1464,0.1413
467,9.33999999999989,209854.0,0.02,0.0293,-0.00317,1.01489,-0.179,-1.653,-0.097,-1.599,0.0548,0.0726
468,9.35999999999989,209874.0,0.02,0.02686,-0.00439,1.01904,-0.247,-1.51,-0.101,-1.598,-0.0597,-0.0724
469,9.379999999999889,209894.0,0.02,0.02612,-0.00366,1.01221,-0.207,-1.478,-0.1,-1.597,0.1846,-0.0495
470,9.399999999999888,209914.0,0.02,0.02539,-0.0022,1.01733,-0.124,-1.43,-0.099,-1.593,0.0701,0.0192
471,9.419999999999888,209934.0,0.02,0.02759,-0.00317,1.00903,-0.18,-1.566,-0.099,-1.593,0.0853,0.0039
472,9.439999999999888,209954.0,0.02,0.02881,-0.00513,1.01831,-0.288,-1.62,-0.104,-1.596,-0.0673,-0.1258
473,9.459999999999887,209974.0,0.02,0.02881,0.00269,1.0127,0.152,-1.629,-0.099,-1.6,-0.0139,-0.1716
474,9.479999999999887,209994.0,0.02,0.02783,-0.00293,1.01367,-0.166,-1.573,-0.101,-1.596,-0.0063,0.1871
475,9.499999999999886,210014.0,0.02,0.02783,-0.00488,1.01782,-0.275,-1.566,-0.104,-1.589,0.0014,0.2864
476,9.519999999999886,210034.0,0.02,0.02637,0.0,1.0166,0.0,-1.486,-0.098,-1.592,0.1769,-0.248
477,9.539999999999885,210054.0,0.02,0.02661,-0.00391,1.00928,-0.222,-1.51,-0.096,-1.591,0.2762,-0.0266
478,9.559999999999885,210074.0,0.02,0.02344,-0.00122,1.01538,-0.069,-1.322,-0.095,-1.587,0.0014,-0.0877
479,9.579999999999885,210094.0,0.02,0.02832,-0.00439,1.01855,-0.247,-1.593,-0.097,-1.583,0.0701,0.21
480,9.599999999999884,210114.0,0.02,0.02515,-0.00366,1.0144,-0.207,-1.42,-0.098,-1.58,0.0624,0.0116
481,9.619999999999884,210134.0,0.02,0.02197,-0.00391,1.01611,-0.22,-1.239,-0.103,-1.567,-0.1589,0.3169
482,9.639999999999883,210154.0,0.02,0.02612,-0.00488,1.01685,-0.275,-1.472,-0.102,-1.564,0.2456,0.0345
483,9.659999999999883,210174.0,0.02,0.03027,-0.00049,1.01978,-0.027,-1.7,-0.102,-1.567,-0.0673,0.0116
484,9.679999999999882,210194.0,0.02,0.03174,-0.00952,1.0166,-0.537,-1.788,-0.11,-1.569,0.0243,0.1032
485,9.699999999999882,210214.0,0.02,0.03027,-0.00073,1.01807,-0.041,-1.703,-0.109,-1.573,-0.0292,-0.0419
486,9.719999999999882,210234.0,0.02,0.03467,0.00317,1.00879,0.18,-1.968,-0.102,-1.58,0.0853,0.0116
487,9.739999999999881,210254.0,0.02,0.03027,0.00146,1.00781,0.083,-1.721,-0.099,-1.582,-0.075,0.065
488,9.75999999999988,210274.0,0.02,0.02417,-0.00146,1.01318,-0.083,-1.367,-0.101,-1.574,-0.1208,0.1719
489,9.77999999999988,210294.0,0.02,0.02808,-0.00171,1.01172,-0.097,-1.59,-0.107,-1.576,-0.2887,-0.0953
490,9.79999999999988,210314.0,0.02,0.02661,-0.00244,1.01221,-0.138,-1.506,-0.107,-1.575,0.0472,-0.0266
491,9.81999999999988,210334.0,0.02,0.02539,-0.00342,1.01294,-0.193,-1.436,-0.109,-1.571,-0.0063,0.1032
492,9.839999999999879,210354.0,0.02,0.0293,-0.00513,1.01782,-0.289,-1.649,-0.111,-1.572,0.0777,-0.0037
493,9.859999999999879,210374.0,0.02,0.02515,0.00073,1.01904,0.041,-1.414,-0.112,-1.568,-0.2124,0.0574
494,9.879999999999878,210394.0,0.02,0.02881,-0.00195,1.01489,-0.11,-1.626,-0.116,-1.564,-0.2353,0.2635
495,9.899999999999878,210414.0,0.02,0.02856,-0.00049,1.01147,-0.028,-1.618,-0.115,-1.565,-0.0063,-0.0113
496,9.919999999999877,210434.0,0.02,0.03101,-0.00146,1.01343,-0.083,-1.752,-0.114,-1.568,0.0166,0.0421
497,9.939999999999877,210454.0,0.02,0.02905,-0.00146,1.02026,-0.082,-1.631,-0.11,-1.571,0.1617,-0.0648
498,9.959999999999877,210474.0,0.02,0.0271,-0.00171,1.01929,-0.096,-1.523,-0.111,-1.571,-0.0597,-0.0495
499,9.979999999999876,210494.0,0.02,0.02466,0.00317,1.01953,0.178,-1.385,-0.105,-1.568,0.0243,-0.0648
500,9.999999999999876,210514.0,0.02,0.02759,-0.00073,1.01099,-0.042,-1.563,-0.1,-1.565,0.1846,0.1719
501,10.019999999999875,210534.0,0.02,0.02588,-0.00391,1.01782,-0.22,-1.456,-0.098,-1.563,0.2304,-0.0342
502,10.039999999999875,210554.0,0.02,0.02979,-0.00464,1.01294,-0.262,-1.684,-0.102,-1.567,-0.0521,-0.0648
503,10.059999999999874,210574.0,0.02,0.03027,-0.00464,1.01587,-0.262,-1.707,-0.105,-1.573,-0.0063,-0.164
504,10.079999999999874,210594.0,0.02,0.03198,-0.00806,1.01465,-0.455,-1.805,-0.115,-1.572,-0.1513,0.3016
505,10.099999999999874,210614.0,0.02,0.03076,-0.00195,1.01343,-0.11,-1.739,-0.114,-1.575,0.0395,0.0116
506,10.119999999999873,210634.0,0.02,0.03076,0.00073,1.00806,0.042,-1.748,-0.108,-1.579,0.154,-0.019
507,10.139999999999873,210654.0,0.02,0.02734,0.00537,1.0166,0.303,-1.541,-0.106,-1.575,-0.3269,0.1413
508,10.159999999999872,210674.0,0.02,0.02808,0.00073,1.0127,0.041,-1.588,-0.1,-1.574,0.1769,0.0726
509,10.179999999999872,210694.0,0.02,0.02563,-0.00195,1.01489,-0.11,-1.447,-0.106,-1.569,-0.2887,0.1032
510,10.199999999999871,210714.0,0.02,0.02515,-0.00391,1.01587,-0.22,-1.418,-0.105,-1.567,0.1693,-0.0342
511,10.219999999999871,210734.0,0.02,0.02612,-0.00977,1.01587,-0.551,-1.473,-0.118,-1.57,-0.2124,-0.248
512,10.23999999999987,210754.0,0.02,0.02832,-0.00757,1.0144,-0.427,-1.599,-0.126,-1.565,-0.1055,0.3016
513,10.25999999999987,210774.0,0.02,0.03223,-0.00537,1.01465,-0.303,-1.819,-0.13,-1.566,-0.0215,0.1795
514,10.27999999999987,210794.0,0.02,0.02783,0.00098,1.02148,0.055,-1.561,-0.124,-1.567,0.1006,-0.0648
515,10.29999999999987,210814.0,0.02,0.03491,0.00024,1.01538,0.014,-1.969,-0.124,-1.575,-0.136,0.0116
516,10.319999999999869,210834.0,0.02,0.03198,0.00024,1.0166,0.014,-1.802,-0.119,-1.579,0.1159,0.0421
517,10.339999999999868,210854.0,0.02,0.03247,-0.00366,1.0144,-0.207,-1.833,-0.121,-1.585,0.009,-0.0266
518,10.359999999999868,210874.0,0.02,0.02832,0.00049,1.02124,0.027,-1.588,-0.118,-1.583,0.0166,0.065
519,10.379999999999868,210894.0,0.02,0.02295,-0.00562,1.01709,-0.316,-1.293,-0.125,-1.574,-0.1818,0.1948
520,10.399999999999867,210914.0,0.02,0.02808,-0.00342,1.01904,-0.192,-1.578,-0.125,-1.576,0.0701,-0.0877
521,10.419999999999867,210934.0,0.02,0.0249,-0.00195,1.01538,-0.11,-1.405,-0.125,-1.575,-0.0292,-0.1564
522,10.439999999999866,210954.0,0.02,0.02417,0.0,1.0127,0.0,-1.367,-0.121,-1.572,0.1006,-0.0571
523,10.459999999999866,210974.0,0.02,0.0271,-0.00098,1.01587,-0.055,-1.528,-0.119,-1.569,0.0472,0.1261
524,10.479999999999865,210994.0,0.02,0.03052,-0.00122,1.01489,-0.069,-1.722,-0.116,-1.576,0.0701,-0.2022
525,10.499999999999865,211014.0,0.02,0.03076,-0.00684,1.01709,-0.385,-1.732,-0.122,-1.58,0.0014,-0.0342
526,10.519999999999865,211034.0,0.02,0.02954,-0.00415,1.01953,-0.233,-1.66,-0.13,-1.582,-0.2963,-0.0419
527,10.539999999999864,211054.0,0.02,0.02808,-0.00317,1.0127,-0.18,-1.588,-0.13,-1.582,0.0319,0.0268
528,10.559999999999864,211074.0,0.02,0.02686,-0.00439,1.01978,-0.247,-1.509,-0.127,-1.581,0.2609,-0.0266
529,10.579999999999863,211094.0,0.02,0.0249,0.00146,1.01489,0.083,-1.406,-0.122,-1.577,0.0395,0.0039
530,10.599999999999863,211114.0,0.02,0.02441,0.00293,1.01929,0.165,-1.372,-0.115,-1.573,0.0777,0.0268
531,10.619999999999862,211134.0,0.02,0.02441,-0.00122,1.01147,-0.069,-1.383,-0.113,-1.567,0.0548,0.065
532,10.639999999999862,211154.0,0.02,0.02197,-0.00464,1.01001,-0.263,-1.246,-0.116,-1.559,-0.0063,0.1108
533,10.659999999999862,211174.0,0.02,0.02979,-0.00464,1.01074,-0.263,-1.688,-0.118,-1.563,0.0624,-0.0724
534,10.679999999999861,211194.0,0.02,0.03271,-0.00366,1.00952,-0.208,-1.856,-0.122,-1.569,-0.1437,-0.0342
535,10.69999999999986,211214.0,0.02,0.03174,-0.00244,1.01099,-0.138,-1.798,-0.125,-1.578,-0.136,-0.2022
536,10.71999999999986,211234.0,0.02,0.0293,0.00269,1.01489,0.152,-1.653,-0.117,-1.578,0.1617,0.0726
537,10.73999999999986,211254.0,0.02,0.0293,0.00049,1.01465,0.028,-1.654,-0.114,-1.578,-0.0215,0.0803
538,10.75999999999986,211274.0,0.02,0.02905,0.00073,1.02026,0.041,-1.631,-0.114,-1.578,-0.1513,0.065
539,10.779999999999859,211294.0,0.02,0.02441,0.00171,1.01538,0.096,-1.377,-0.108,-1.575,0.0777,-0.0724
540,10.799999999999859,211314.0,0.02,0.02539,-0.00366,1.01489,-0.207,-1.433,-0.109,-1.574,0.0472,-0.1029
541,10.819999999999858,211334.0,0.02,0.02637,-0.00635,1.00977,-0.36,-1.496,-0.112,-1.576,0.1006,-0.1411
542,10.839999999999858,211354.0,0.02,0.02344,-0.0083,1.01709,-0.468,-1.32,-0.123,-1.574,-0.1666,-0.1945
543,10.859999999999857,211374.0,0.02,0.02441,-0.00464,1.02026,-0.26,-1.371,-0.127,-1.569,-0.0597,0.0497
544,10.879999999999857,211394.0,0.02,0.02905,-0.00146,1.01294,-0.083,-1.643,-0.13,-1.57,-0.1971,0.0116
545,10.899999999999856,211414.0,0.02,0.03418,0.00024,1.01172,0.014,-1.935,-0.126,-1.579,0.0319,-0.0571
546,10.919999999999856,211434.0,0.02,0.0293,-0.00244,1.01172,-0.138,-1.659,-0.122,-1.579,0.2456,0.0497
547,10.939999999999856,211454.0,0.02,0.03003,-0.00171,1.01587,-0.096,-1.693,-0.122,-1.582,-0.0292,-0.0266
548,10.959999999999855,211474.0,0.02,0.02856,-0.00269,1.01465,-0.152,-1.613,-0.12,-1.582,0.1235,0.0497
549,10.979999999999855,211494.0,0.02,0.02588,-0.00464,1.01318,-0.262,-1.463,-0.122,-1.578,0.0243,0.0726
550,10.999999999999854,211514.0,0.02,0.02612,-0.00635,1.0166,-0.358,-1.472,-0.127,-1.572,-0.0215,0.1948
551,11.019999999999854,211534.0,0.02,0.02393,-0.00293,1.01587,-0.165,-1.349,-0.133,-1.568,-0.2429,-0.0113
552,11.039999999999853,211554.0,0.02,0.02441,-0.00098,1.01221,-0.055,-1.382,-0.133,-1.563,-0.1055,0.0497
553,11.059999999999853,211574.0,0.02,0.02588,-0.00317,1.00952,-0.18,-1.468,-0.133,-1.563,0.0853,-0.0724
554,11.079999999999853,211594.0,0.02,0.02905,-0.00464,1.01807,-0.261,-1.635,-0.135,-1.565,-0.0063,-0.0342
555,11.099999999999852,211614.0,0.02,0.03003,-0.00024,1.01489,-0.014,-1.695,-0.133,-1.571,-0.0139,-0.1564
556,11.119999999999852,211634.0,0.02,0.03296,-0.00244,1.021,-0.137,-1.849,-0.134,-1.576,-0.0444,0.0268
557,11.139999999999851,211654.0,0.02,0.0249,-0.00244,1.0188,-0.137,-1.4,-0.138,-1.569,-0.2124,0.1566
558,11.159999999999851,211674.0,0.02,0.03027,-0.00366,1.01074,-0.208,-1.716,-0.142,-1.569,-0.1284,0.1719
559,11.17999999999985,211694.0,0.02,0.02686,-0.00269,1.01538,-0.152,-1.515,-0.143,-1.569,-0.0063,-0.08
560,11.19999999999985,211714.0,0.02,0.03052,-0.00488,1.01953,-0.274,-1.715,-0.147,-1.571,-0.0673,0.065
561,11.21999999999985,211734.0,0.02,0.02466,0.00122,1.01807,0.069,-1.387,-0.143,-1.569,-0.0368,-0.1106
562,11.23999999999985,211754.0,0.02,0.02637,-0.00171,1.01636,-0.096,-1.486,-0.141,-1.571,0.0395,-0.1564
563,11.259999999999849,211774.0,0.02,0.02661,-0.00195,1.02197,-0.109,-1.492,-0.14,-1.57,0.0166,-0.0495
564,11.279999999999848,211794.0,0.02,0.0271,-0.00146,1.01221,-0.083,-1.534,-0.139,-1.568,-0.0139,0.0497
565,11.299999999999848,211814.0,0.02,0.03271,-0.00464,1.01245,-0.263,-1.851,-0.145,-1.573,-0.1666,0.0421
566,11.319999999999848,211834.0,0.02,0.02856,-0.00171,1.01099,-0.097,-1.618,-0.141,-1.572,0.1388,0.1261
567,11.339999999999847,211854.0,0.02,0.02954,-0.00415,1.021,-0.233,-1.657,-0.146,-1.575,-0.1208,-0.0953
568,11.359999999999847,211874.0,0.02,0.0332,-0.0022,1.01685,-0.124,-1.87,-0.142,-1.585,0.1846,-0.1869
569,11.379999999999846,211894.0,0.02,0.02783,-0.00073,1.01538,-0.041,-1.57,-0.141,-1.584,-0.075,0.0116
570,11.399999999999846,211914.0,0.02,0.02612,-0.0022,1.01416,-0.124,-1.476,-0.138,-1.582,0.1388,0.0039
571,11.419999999999845,211934.0,0.02,0.0271,-0.00171,1.01294,-0.097,-1.532,-0.141,-1.583,-0.1971,-0.1029
572,11.439999999999845,211954.0,0.02,0.02515,-0.00122,1.01538,-0.069,-1.419,-0.141,-1.578,-0.0521,0.065
573,11.459999999999845,211974.0,0.02,0.02808,0.00024,1.01904,0.014,-1.578,-0.134,-1.579,0.1693,-0.0113
574,11.479999999999844,211994.0,0.02,0.02783,-0.00781,1.01343,-0.442,-1.573,-0.139,-1.58,0.0624,-0.0724
575,11.499999999999844,212014.0,0.02,0.02661,-0.01343,1.01294,-0.759,-1.505,-0.151,-1.579,0.0166,-0.0495
576,11.519999999999843,212034.0,0.02,0.02881,0.00293,1.01416,0.166,-1.627,-0.142,-1.58,0.1464,0.0345
577,11.539999999999843,212054.0,0.02,0.02734,0.00879,1.01172,0.498,-1.548,-0.127,-1.575,0.1388,0.21
578,11.559999999999842,212074.0,0.02,0.03174,0.01001,1.01514,0.565,-1.791,-0.11,-1.578,0.1311,0.0726
579,11.579999999999842,212094.0,0.02,0.02905,0.0022,1.01294,0.124,-1.643,-0.103,-1.581,0.1006,-0.1182
580,11.599999999999842,212114.0,0.02,0.02954,-0.01367,1.01685,-0.77,-1.664,-0.111,-1.583,0.2762,0.0039
581,11.619999999999841,212134.0,0.02,0.03076,-0.01978,1.01514,-1.116,-1.735,-0.132,-1.589,-0.0139,-0.1487
582,11.63999999999984,212154.0,0.02,0.03101,-0.01855,1.01782,-1.044,-1.745,-0.153,-1.588,-0.1284,0.1948
583,11.65999999999984,212174.0,0.02,0.03076,-0.00757,1.01709,-0.426,-1.732,-0.164,-1.591,-0.2887,0.0039
584,11.67999999999984,212194.0,0.02,0.02515,0.00464,1.01172,0.263,-1.424,-0.159,-1.585,-0.1742,0.1413
585,11.69999999999984,212214.0,0.02,0.02246,0.0105,1.01685,0.592,-1.265,-0.144,-1.576,-0.0063,0.1184
586,11.719999999999839,212234.0,0.02,0.02222,0.01294,1.01733,0.729,-1.251,-0.126,-1.571,0.0166,-0.0724
587,11.739999999999839,212254.0,0.02,0.02563,0.00708,1.01636,0.399,-1.445,-0.12,-1.569,-0.2429,0.0039
588,11.759999999999838,212274.0,0.02,0.03296,-0.0022,1.01538,-0.124,-1.859,-0.117,-1.579,0.1617,-0.2556
589,11.779999999999838,212294.0,0.02,0.02759,-0.01636,1.01489,-0.923,-1.557,-0.13,-1.581,0.1846,-0.0877
590,11.799999999999837,212314.0,0.02,0.02881,-0.01563,1.01611,-0.881,-1.624,-0.148,-1.578,-0.1513,0.1719
591,11.819999999999837,212334.0,0.02,0.03296,-0.00879,1.01807,-0.495,-1.854,-0.155,-1.582,-0.0444,0.0726
592,11.839999999999836,212354.0,0.02,0.02441,0.00415,1.01904,0.233,-1.372,-0.149,-1.581,-0.0902,-0.1487
593,11.859999999999836,212374.0,0.02,0.02905,0.01611,1.01416,0.91,-1.641,-0.125,-1.581,0.1464,0.0421
594,11.879999999999836,212394.0,0.02,0.02393,0.01416,1.01025,0.803,-1.357,-0.108,-1.577,-0.0673,-0.0037
595,11.899999999999835,212414.0,0.02,0.02734,-0.00024,1.01709,-0.014,-1.54,-0.102,-1.577,0.2075,-0.019
596,11.919999999999835,212434.0,0.02,0.02686,-0.01831,1.01123,-1.037,-1.521,-0.115,-1.575,0.3067,0.0116
597,11.939999999999834,212454.0,0.02,0.02832,-0.02515,1.01758,-1.416,-1.594,-0.138,-1.57,0.154,0.2864
598,11.959999999999834,212474.0,0.02,0.03052,-0.01514,1.01245,-0.857,-1.726,-0.158,-1.581,-0.2963,-0.4006
599,11.979999999999833,212494.0,0.02,0.03247,-0.00806,1.01831,-0.453,-1.826,-0.165,-1.586,-0.0597,-0.0342
600,11.999999999999833,212514.0,0.02,0.02954,0.00488,1.02222,0.274,-1.655,-0.154,-1.587,0.1311,0.0345
601,12.019999999999833,212534.0,0.02,0.02734,0.01758,1.01514,0.992,-1.543,-0.134,-1.588,-0.1818,-0.0648
602,12.039999999999832,212554.0,0.02,0.02856,0.0144,1.01196,0.815,-1.617,-0.111,-1.588,0.1998,-0.0037
603,12.059999999999832,212574.0,0.02,0.02515,0.00537,1.0083,0.305,-1.429,-0.102,-1.586,0.0624,-0.0724
604,12.079999999999831,212594.0,0.02,0.02734,-0.00781,1.01978,-0.439,-1.536,-0.105,-1.583,0.1617,0.1032
605,12.099999999999831,212614.0,0.02,0.02759,-0.02075,1.0105,-1.176,-1.564,-0.128,-1.58,-0.0826,0.149
606,12.11999999999983,212634.0,0.02,0.0293,-0.0166,1.0144,-0.938,-1.654,-0.144,-1.581,0.0319,0.0421
607,12.13999999999983,212654.0,0.02,0.03027,-0.01099,1.01392,-0.621,-1.71,-0.154,-1.584,-0.0444,-0.0495
608,12.15999999999983,212674.0,0.02,0.03735,-0.00073,1.01831,-0.041,-2.101,-0.147,-1.596,0.2762,-0.0571
609,12.17999999999983,212694.0,0.02,0.02954,0.00732,1.01465,0.414,-1.668,-0.141,-1.597,-0.2963,0.0116
610,12.199999999999829,212714.0,0.02,0.03125,0.00806,1.01685,0.454,-1.76,-0.13,-1.598,-0.0215,0.1261
611,12.219999999999828,212734.0,0.02,0.02686,0.0083,1.01001,0.471,-1.523,-0.118,-1.598,-0.0292,-0.0877
612,12.239999999999828,212754.0,0.02,0.02808,-0.00122,1.01172,-0.069,-1.59,-0.12,-1.598,-0.1055,-0.0266
613,12.259999999999827,212774.0,0.02,0.02612,-0.00464,1.01318,-0.262,-1.477,-0.12,-1.594,0.1082,0.0955
614,12.279999999999827,212794.0,0.02,0.02539,-0.00708,1.01636,-0.399,-1.431,-0.124,-1.594,0.0853,-0.1411
615,12.299999999999827,212814.0,0.02,0.02466,-0.00342,1.01172,-0.194,-1.396,-0.126,-1.59,-0.0215,-0.0113
616,12.319999999999826,212834.0,0.02,0.02905,-0.00391,1.00952,-0.222,-1.648,-0.13,-1.594,-0.1055,-0.1411
617,12.339999999999826,212854.0,0.02,0.02783,-0.00146,1.01636,-0.083,-1.569,-0.13,-1.595,-0.0673,-0.08
618,12.359999999999825,212874.0,0.02,0.03345,0.00391,1.01709,0.22,-1.883,-0.124,-1.6,-0.0444,0.0421
619,12.379999999999825,212894.0,0.02,0.02783,0.00293,1.01367,0.166,-1.573,-0.121,-1.596,-0.1513,0.1566
620,12.399999999999824,212914.0,0.02,0.02881,0.00537,1.01245,0.304,-1.63,-0.115,-1.594,-0.1208,0.1413
621,12.419999999999824,212934.0,0.02,0.03052,0.00317,1.01465,0.179,-1.723,-0.111,-1.596,-0.0597,0.0268
622,12.439999999999824,212954.0,0.02,0.02783,-0.0022,1.02002,-0.123,-1.563,-0.11,-1.597,0.0395,-0.0953
623,12.459999999999823,212974.0,0.02,0.02368,-0.00269,1.00952,-0.152,-1.344,-0.109,-1.59,0.0701,0.1337
624,12.479999999999823,212994.0,0.02,0.02612,-0.00488,1.01685,-0.275,-1.472,-0.11,-1.588,0.1617,-0.0342
625,12.499999999999822,213014.0,0.02,0.02246,-0.00854,1.01782,-0.481,-1.264,-0.117,-1.579,0.0166,0.1261
626,12.519999999999822,213034.0,0.02,0.03003,-0.00708,1.01611,-0.399,-1.693,-0.124,-1.584,-0.0979,-0.1335
627,12.539999999999822,213054.0,0.02,0.02832,0.00146,1.01563,0.083,-1.597,-0.116,-1.582,0.2227,0.0955
628,12.559999999999821,213074.0,0.02,0.03076,0.00586,1.01563,0.331,-1.735,-0.107,-1.581,-0.0139,0.21
629,12.57999999999982,213094.0,0.02,0.03149,0.00488,1.0127,0.276,-1.781,-0.1,-1.583,-0.0063,0.1184
630,12.59999999999982,213114.0,0.02,0.02979,0.00073,1.02148,0.041,-1.67,-0.094,-1.588,0.1235,-0.1869
631,12.61999999999982,213134.0,0.02,0.02808,-0.00391,1.0166,-0.22,-1.582,-0.095,-1.593,0.1006,-0.2632
632,12.63999999999982,213154.0,0.02,0.02637,-0.00781,1.01514,-0.441,-1.488,-0.1,-1.592,0.0853,-0.0342
633,12.659999999999819,213174.0,0.02,0.02612,-0.01172,1.01489,-0.662,-1.474,-0.111,-1.59,0.0319,-0.0113
634,12.679999999999819,213194.0,0.02,0.02197,-0.00244,1.0166,-0.138,-1.238,-0.113,-1.579,-0.0902,0.1719
635,12.699999999999818,213214.0,0.02,0.02319,0.00171,1.01636,0.096,-1.307,-0.109,-1.578,-0.0292,-0.2098
636,12.719999999999818,213234.0,0.02,0.02808,0.00684,1.01636,0.385,-1.582,-0.099,-1.577,0.0395,0.0726
637,12.739999999999817,213254.0,0.02,0.02539,0.00415,1.01563,0.234,-1.432,-0.091,-1.575,0.0624,-0.0724
638,12.759999999999817,213274.0,0.02,0.02783,0.00049,1.00928,0.028,-1.58,-0.088,-1.582,0.0472,-0.3167
639,12.779999999999816,213294.0,0.02,0.03076,-0.00391,1.01807,-0.22,-1.731,-0.089,-1.584,0.0395,0.0192
640,12.799999999999816,213314.0,0.02,0.02954,-0.00708,1.01563,-0.399,-1.666,-0.092,-1.585,0.1769,0.0421
641,12.819999999999816,213334.0,0.02,0.03003,-0.00586,1.01294,-0.331,-1.698,-0.1,-1.585,-0.1742,0.1184
642,12.839999999999815,213354.0,0.02,0.03198,-0.00244,1.00854,-0.139,-1.816,-0.098,-1.589,0.1617,0.0497
643,12.859999999999815,213374.0,0.02,0.02905,-0.00122,1.01807,-0.069,-1.635,-0.094,-1.593,0.1769,-0.2022
644,12.879999999999814,213394.0,0.02,0.02905,0.00049,1.01538,0.028,-1.639,-0.089,-1.591,0.1388,0.1642
645,12.899999999999814,213414.0,0.02,0.02637,0.00146,1.01929,0.082,-1.482,-0.087,-1.586,-0.0826,0.1719
646,12.919999999999813,213434.0,0.02,0.02563,-0.00244,1.01318,-0.138,-1.449,-0.086,-1.581,0.0853,0.0879
647,12.939999999999813,213454.0,0.02,0.02905,-0.0022,1.01147,-0.124,-1.645,-0.083,-1.585,0.2151,-0.1411
648,12.959999999999813,213474.0,0.02,0.0293,-0.00562,1.01563,-0.317,-1.652,-0.086,-1.586,0.0701,0.0116
649,12.979999999999812,213494.0,0.02,0.03052,-0.00244,1.01733,-0.137,-1.718,-0.085,-1.593,0.093,-0.2022
650,12.999999999999812,213514.0,0.02,0.03076,-0.00488,1.01538,-0.276,-1.735,-0.09,-1.595,-0.0673,0.0116
651,13.019999999999811,213534.0,0.02,0.02832,-0.00073,1.01733,-0.041,-1.595,-0.091,-1.593,-0.0902,0.1337
652,13.03999999999981,213554.0,0.02,0.02808,-0.00024,1.01855,-0.014,-1.579,-0.087,-1.593,0.154,-0.019
653,13.05999999999981,213574.0,0.02,0.02979,-0.00391,1.01758,-0.22,-1.677,-0.088,-1.591,0.093,0.1871
654,13.07999999999981,213594.0,0.02,0.02612,0.00024,1.01514,0.014,-1.474,-0.085,-1.587,0.0166,0.0955
655,13.09999999999981,213614.0,0.02,0.02808,0.00049,1.01904,0.027,-1.578,-0.084,-1.587,-0.0368,-0.0266
656,13.11999999999981,213634.0,0.02,0.02759,-0.0022,1.01904,-0.124,-1.551,-0.081,-1.59,0.1617,-0.1716
657,13.139999999999809,213654.0,0.02,0.02563,-0.00024,1.021,-0.014,-1.438,-0.083,-1.585,-0.136,0.0726
658,13.159999999999808,213674.0,0.02,0.03027,0.00098,1.02197,0.055,-1.697,-0.077,-1.586,0.1388,0.0726
659,13.179999999999808,213694.0,0.02,0.0271,-0.0061,1.0166,-0.344,-1.527,-0.086,-1.585,-0.1666,-0.019
660,13.199999999999807,213714.0,0.02,0.02637,-0.00586,1.0144,-0.331,-1.489,-0.092,-1.589,-0.0673,-0.2632
661,13.219999999999807,213734.0,0.02,0.03271,-0.00171,1.01221,-0.097,-1.851,-0.094,-1.594,-0.0902,-0.0113
662,13.239999999999807,213754.0,0.02,0.02661,0.00049,1.01123,0.028,-1.507,-0.088,-1.591,0.1922,0.0421
663,13.259999999999806,213774.0,0.02,0.02954,0.00024,1.01514,0.014,-1.667,-0.088,-1.596,-0.1208,-0.1335
664,13.279999999999806,213794.0,0.02,0.02466,-0.00049,1.01929,-0.027,-1.386,-0.084,-1.595,0.1235,-0.1716
665,13.299999999999805,213814.0,0.02,0.02637,-0.00342,1.01563,-0.193,-1.487,-0.088,-1.588,-0.075,0.2558
666,13.319999999999805,213834.0,0.02,0.02661,-0.00488,1.02075,-0.274,-1.493,-0.09,-1.585,0.0853,0.0268
667,13.339999999999804,213854.0,0.02,0.02734,-0.0061,1.01538,-0.344,-1.543,-0.096,-1.581,-0.0673,0.1719
668,13.359999999999804,213874.0,0.02,0.02466,-0.00513,1.00928,-0.291,-1.4,-0.099,-1.579,0.0777,-0.08
669,13.379999999999804,213894.0,0.02,0.03247,-0.00146,1.01074,-0.083,-1.84,-0.1,-1.583,-0.0826,0.0726
670,13.399999999999803,213914.0,0.02,0.02856,0.00269,1.02002,0.151,-1.604,-0.098,-1.585,-0.1666,-0.0724
671,13.419999999999803,213934.0,0.02,0.02905,-0.00024,1.02075,-0.014,-1.63,-0.1,-1.587,-0.1513,-0.0648
672,13.439999999999802,213954.0,0.02,0.03003,0.00171,1.02002,0.096,-1.686,-0.095,-1.589,0.0548,0.0039
673,13.459999999999802,213974.0,0.02,0.02856,0.0,1.01685,0.0,-1.609,-0.096,-1.589,-0.1742,-0.0113
674,13.479999999999801,213994.0,0.02,0.02417,-0.00195,1.01538,-0.11,-1.364,-0.103,-1.586,-0.3498,-0.0571
675,13.499999999999801,214014.0,0.02,0.02612,-0.00488,1.01465,-0.276,-1.475,-0.105,-1.585,0.0701,-0.0724
676,13.5199999999998,214034.0,0.02,0.02808,-0.00513,1.01099,-0.291,-1.591,-0.12,-1.581,-0.533,0.2329
677,13.5399999999998,214054.0,0.02,0.02686,-0.00073,1.01929,-0.041,-1.509,-0.115,-1.579,0.154,0.0268
678,13.5599999999998,214074.0,0.02,0.03223,-0.00195,1.00635,-0.111,-1.834,-0.116,-1.586,-0.0521,-0.1335
679,13.5799999999998,214094.0,0.02,0.02808,0.00293,1.01855,0.165,-1.579,-0.107,-1.591,0.1922,-0.248
680,13.599999999999799,214114.0,0.02,0.03125,-0.00073,1.0127,-0.041,-1.767,-0.101,-1.591,0.238,0.1871
681,13.619999999999798,214134.0,0.02,0.02954,0.0,1.01465,0.0,-1.668,-0.103,-1.592,-0.2047,0.0192
682,13.639999999999798,214154.0,0.02,0.02979,0.00098,1.01807,0.055,-1.676,-0.1,-1.593,-0.0292,0.0574
683,13.659999999999798,214174.0,0.02,0.02441,-0.00488,1.01392,-0.276,-1.379,-0.107,-1.586,-0.1589,0.1413
684,13.679999999999797,214194.0,0.02,0.02734,0.00171,1.01782,0.096,-1.539,-0.104,-1.584,-0.0673,0.0497
685,13.699999999999797,214214.0,0.02,0.0293,-0.0022,1.01685,-0.124,-1.65,-0.104,-1.584,0.0166,0.0345
686,13.719999999999796,214234.0,0.02,0.02563,0.00098,1.01172,0.055,-1.451,-0.101,-1.581,0.0014,0.0268
687,13.739999999999796,214254.0,0.02,0.02686,0.00024,1.01172,0.014,-1.521,-0.101,-1.583,-0.136,-0.1716
688,13.759999999999796,214274.0,0.02,0.03027,-0.00293,1.01074,-0.166,-1.716,-0.1,-1.586,0.1388,0.0192
689,13.779999999999795,214294.0,0.02,0.02734,-0.00366,1.01709,-0.206,-1.54,-0.102,-1.587,-0.0215,-0.1411
690,13.799999999999795,214314.0,0.02,0.03125,-0.00049,1.01611,-0.028,-1.762,-0.1,-1.588,0.0624,0.1719
691,13.819999999999794,214334.0,0.02,0.0271,0.00122,1.01489,0.069,-1.53,-0.097,-1.587,-0.0215,-0.0495
692,13.839999999999794,214354.0,0.02,0.03052,-0.00464,1.01636,-0.261,-1.72,-0.095,-1.592,0.2227,-0.08
693,13.859999999999793,214374.0,0.02,0.02319,0.00024,1.01733,0.014,-1.306,-0.093,-1.581,0.0395,0.2711
694,13.879999999999793,214394.0,0.02,0.02588,-0.00073,1.02417,-0.041,-1.447,-0.093,-1.579,-0.0902,-0.0419
695,13.899999999999793,214414.0,0.02,0.0332,-0.00293,1.01563,-0.165,-1.872,-0.095,-1.584,-0.0139,0.0345
696,13.919999999999792,214434.0,0.02,0.02954,0.00024,1.021,0.014,-1.657,-0.093,-1.583,0.009,0.1184
697,13.939999999999792,214454.0,0.02,0.02466,-0.00049,1.01489,-0.028,-1.392,-0.09,-1.578,0.0853,0.0421
698,13.959999999999791,214474.0,0.02,0.02563,-0.00391,1.01807,-0.22,-1.442,-0.093,-1.574,-0.0215,0.0726
699,13.97999999999979,214494.0,0.02,0.02734,-0.00269,1.01489,-0.152,-1.543,-0.094,-1.573,-0.0215,0.0345
700,13.99999999999979,214514.0,0.02,0.03174,-0.00317,1.01782,-0.179,-1.786,-0.099,-1.58,-0.1589,-0.1564
701,14.01999999999979,214534.0,0.02,0.02783,-0.00146,1.01709,-0.083,-1.567,-0.097,-1.577,0.0853,0.1413
702,14.03999999999979,214554.0,0.02,0.02856,-0.00415,1.01392,-0.235,-1.614,-0.1,-1.573,-0.0292,0.2558
703,14.059999999999789,214574.0,0.02,0.02759,0.00098,1.01392,0.055,-1.559,-0.097,-1.574,0.0243,-0.0724
704,14.079999999999789,214594.0,0.02,0.02783,0.00049,1.01318,0.028,-1.574,-0.097,-1.575,-0.1284,-0.0342
705,14.099999999999788,214614.0,0.02,0.02661,-0.00269,1.01514,-0.152,-1.502,-0.098,-1.571,0.009,0.0955
706,14.119999999999788,214634.0,0.02,0.02661,-0.00122,1.01807,-0.069,-1.497,-0.099,-1.568,-0.0826,0.1184
707,14.139999999999787,214654.0,0.02,0.02881,-0.00049,1.0127,-0.028,-1.629,-0.097,-1.57,0.0395,-0.0648
708,14.159999999999787,214674.0,0.02,0.03003,-0.00293,1.02051,-0.164,-1.685,-0.103,-1.57,-0.2353,0.1184
709,14.179999999999787,214694.0,0.02,0.02979,-0.00903,1.02075,-0.507,-1.671,-0.109,-1.572,0.1006,0.0116
710,14.199999999999786,214714.0,0.02,0.03491,-0.00391,1.01758,-0.22,-1.965,-0.112,-1.573,-0.0521,0.3627
711,14.219999999999786,214734.0,0.02,0.02832,-0.00049,1.01831,-0.027,-1.593,-0.111,-1.569,-0.0444,0.2253
712,14.239999999999785,214754.0,0.02,0.02979,-0.00293,1.01538,-0.165,-1.68,-0.109,-1.573,0.1693,-0.1106
713,14.259999999999785,214774.0,0.02,0.02686,-0.0061,1.01392,-0.345,-1.517,-0.111,-1.575,0.1235,-0.1487
714,14.279999999999784,214794.0,0.02,0.02856,-0.0022,1.00879,-0.125,-1.622,-0.117,-1.576,-0.2887,0.0039
715,14.299999999999784,214814.0,0.02,0.02515,-0.00098,1.01685,-0.055,-1.417,-0.117,-1.569,-0.075,0.1871
716,14.319999999999784,214834.0,0.02,0.02832,-0.00049,1.01123,-0.028,-1.604,-0.116,-1.567,-0.0368,0.1337
717,14.339999999999783,214854.0,0.02,0.02734,0.00073,1.0105,0.042,-1.55,-0.117,-1.571,-0.1971,-0.2251
718,14.359999999999783,214874.0,0.02,0.03052,-0.00244,1.01587,-0.138,-1.721,-0.118,-1.576,-0.0063,-0.08
719,14.379999999999782,214894.0,0.02,0.02417,-0.00269,1.0127,-0.152,-1.367,-0.119,-1.572,-0.0597,-0.0037
720,14.399999999999782,214914.0,0.02,0.0293,-0.00269,1.02222,-0.151,-1.642,-0.118,-1.568,0.1159,0.2329
721,14.419999999999781,214934.0,0.02,0.02856,0.00073,1.01563,0.041,-1.611,-0.117,-1.565,-0.136,0.1948
722,14.439999999999781,214954.0,0.02,0.02759,-0.00293,1.01489,-0.165,-1.557,-0.119,-1.564,-0.0521,0.065
723,14.45999999999978,214974.0,0.02,0.02808,-0.00586,1.01221,-0.332,-1.589,-0.12,-1.566,0.1922,-0.0724
724,14.47999999999978,214994.0,0.02,0.02686,0.00024,1.0166,0.014,-1.513,-0.114,-1.565,0.1617,-0.0037
725,14.49999999999978,215014.0,0.02,0.03198,-0.00122,1.01855,-0.069,-1.798,-0.115,-1.566,-0.0979,0.1795
726,14.51999999999978,215034.0,0.02,0.02783,-0.00244,1.01294,-0.138,-1.574,-0.119,-1.567,-0.1895,-0.0648
727,14.539999999999779,215054.0,0.02,0.02808,-0.00195,1.01416,-0.11,-1.586,-0.117,-1.57,0.0853,-0.0953
728,14.559999999999778,215074.0,0.02,0.02441,-0.00684,1.01416,-0.386,-1.379,-0.122,-1.566,0.0319,0.0039
729,14.579999999999778,215094.0,0.02,0.02856,0.00269,1.01611,0.151,-1.61,-0.118,-1.566,-0.0597,0.0192
730,14.599999999999778,215114.0,0.02,0.03101,-0.00024,1.01855,-0.014,-1.744,-0.117,-1.569,-0.075,0.0497
731,14.619999999999777,215134.0,0.02,0.03101,-0.00195,1.01343,-0.11,-1.752,-0.116,-1.576,0.0472,-0.1564
732,14.639999999999777,215154.0,0.02,0.02808,-0.00513,1.01367,-0.29,-1.587,-0.121,-1.577,-0.0673,-0.08
733,14.659999999999776,215174.0,0.02,0.0271,-0.00562,1.01392,-0.317,-1.531,-0.128,-1.579,-0.1742,-0.1411
734,14.679999999999776,215194.0,0.02,0.0271,-0.00146,1.01685,-0.083,-1.527,-0.128,-1.578,-0.0215,0.0039
735,14.699999999999775,215214.0,0.02,0.02832,-0.00171,1.00903,-0.097,-1.608,-0.124,-1.576,0.1388,0.1184
736,14.719999999999775,215234.0,0.02,0.02637,-0.00269,1.01758,-0.151,-1.484,-0.123,-1.571,0.0853,0.1795
737,14.739999999999775,215254.0,0.02,0.03174,-0.00024,1.01611,-0.014,-1.789,-0.123,-1.574,-0.0979,0.065
738,14.759999999999774,215274.0,0.02,0.02563,-0.00195,1.01318,-0.11,-1.449,-0.123,-1.573,-0.0215,-0.0648
739,14.779999999999774,215294.0,0.02,0.02637,-0.00073,1.01245,-0.041,-1.492,-0.122,-1.576,-0.0063,-0.2327
740,14.799999999999773,215314.0,0.02,0.02905,-0.0022,1.01465,-0.124,-1.64,-0.122,-1.572,-0.0292,0.2482
741,14.819999999999773,215334.0,0.02,0.02881,0.00122,1.01563,0.069,-1.625,-0.118,-1.574,0.009,-0.0571
742,14.839999999999772,215354.0,0.02,0.03149,-0.00464,1.00903,-0.263,-1.788,-0.12,-1.58,0.0395,-0.08
743,14.859999999999772,215374.0,0.02,0.03125,-0.00488,1.01733,-0.275,-1.759,-0.125,-1.582,-0.0826,0.0879
744,14.879999999999772,215394.0,0.02,0.02881,-0.00391,1.01147,-0.221,-1.631,-0.128,-1.58,-0.0368,0.1719
745,14.899999999999771,215414.0,0.02,0.02905,-0.00317,1.021,-0.178,-1.63,-0.125,-1.578,0.1998,0.1566
746,14.91999999999977,215434.0,0.02,0.02686,0.00024,1.01392,0.014,-1.517,-0.122,-1.582,0.009,-0.2632
747,14.93999999999977,215454.0,0.02,0.02563,0.0,1.01392,0.0,-1.448,-0.117,-1.575,0.1464,0.21
748,14.95999999999977,215474.0,0.02,0.02515,-0.00171,1.0105,-0.097,-1.426,-0.122,-1.568,-0.3116,0.1719
749,14.97999999999977,215494.0,0.02,0.02661,-0.00195,1.02026,-0.11,-1.494,-0.122,-1.563,0.0014,0.1795
750,14.999999999999769,215514.0,0.02,0.0271,-0.00342,1.01904,-0.192,-1.523,-0.126,-1.561,-0.1284,0.065
751,15.019999999999769,215534.0,0.02,0.03149,-0.00293,1.01489,-0.165,-1.777,-0.13,-1.567,-0.1742,-0.0419
752,15.039999999999768,215554.0,0.02,0.02783,-0.00269,1.01245,-0.152,-1.575,-0.134,-1.567,-0.1895,-0.0113
753,15.059999999999768,215574.0,0.02,0.03003,-0.00562,1.01123,-0.318,-1.701,-0.134,-1.569,0.1846,0.0345
754,15.079999999999767,215594.0,0.02,0.02441,0.0,1.01489,0.0,-1.378,-0.136,-1.566,-0.2047,-0.0342
755,15.099999999999767,215614.0,0.02,0.03101,-0.00317,1.01172,-0.18,-1.755,-0.139,-1.568,-0.1208,0.1032
756,15.119999999999767,215634.0,0.02,0.02686,-0.00269,1.01929,-0.151,-1.509,-0.141,-1.57,-0.0902,-0.2098
757,15.139999999999766,215654.0,0.02,0.02832,0.0,1.0166,0.0,-1.596,-0.137,-1.569,0.0701,0.1261
758,15.159999999999766,215674.0,0.02,0.02856,-0.00439,1.01758,-0.247,-1.608,-0.134,-1.572,0.2456,-0.1182
759,15.179999999999765,215694.0,0.02,0.02466,0.00024,1.01416,0.014,-1.393,-0.13,-1.569,0.0777,-0.0571
760,15.199999999999765,215714.0,0.02,0.02979,-0.00586,1.01685,-0.33,-1.678,-0.133,-1.571,0.0166,0.0116
761,15.219999999999764,215734.0,0.02,0.02979,-0.00122,1.01465,-0.069,-1.681,-0.137,-1.572,-0.2353,0.0726
762,15.239999999999764,215754.0,0.02,0.02466,-0.00269,1.0166,-0.151,-1.389,-0.14,-1.566,-0.1437,0.1337
763,15.259999999999764,215774.0,0.02,0.0293,0.00195,1.0166,0.11,-1.651,-0.14,-1.568,-0.2582,-0.0495
764,15.279999999999763,215794.0,0.02,0.03027,-0.00244,1.02222,-0.137,-1.696,-0.141,-1.569,-0.075,0.0726
765,15.299999999999763,215814.0,0.02,0.02368,0.00024,1.0105,0.014,-1.343,-0.136,-1.57,0.1235,-0.2403
766,15.319999999999762,215834.0,0.02,0.03125,0.0,1.01563,0.0,-1.762,-0.131,-1.571,0.0853,0.1108
767,15.339999999999762,215854.0,0.02,0.03174,-0.00269,1.0127,-0.152,-1.795,-0.133,-1.574,-0.0673,0.0879
768,15.359999999999761,215874.0,0.02,0.02368,-0.00171,1.01563,-0.096,-1.336,-0.133,-1.567,-0.0292,0.0955
769,15.379999999999761,215894.0,0.02,0.02734,-0.00415,1.02002,-0.233,-1.536,-0.133,-1.566,0.1006,0.0192
770,15.39999999999976,215914.0,0.02,0.0271,-0.00073,1.01514,-0.041,-1.529,-0.129,-1.561,0.1006,0.2177
771,15.41999999999976,215934.0,0.02,0.02759,-0.00293,1.0127,-0.166,-1.56,-0.134,-1.56,-0.2124,0.0803
772,15.43999999999976,215954.0,0.02,0.02612,0.00171,1.01514,0.096,-1.474,-0.126,-1.557,0.1846,0.0574
773,15.45999999999976,215974.0,0.02,0.03174,-0.00073,1.01489,-0.041,-1.791,-0.124,-1.558,0.0166,0.21
774,15.479999999999759,215994.0,0.02,0.02417,0.00195,1.01465,0.11,-1.365,-0.118,-1.554,0.0472,-0.0037
775,15.499999999999758,216014.0,0.02,0.02661,-0.00049,1.01563,-0.028,-1.501,-0.113,-1.55,0.1693,0.1261
776,15.519999999999758,216034.0,0.02,0.02783,-0.0022,1.01221,-0.124,-1.575,-0.108,-1.55,0.2762,0.0192
777,15.539999999999758,216054.0,0.02,0.02539,-0.00391,1.01294,-0.221,-1.436,-0.111,-1.55,-0.0368,-0.0953
778,15.559999999999757,216074.0,0.02,0.0271,0.00073,1.01758,0.041,-1.526,-0.114,-1.552,-0.3116,-0.1411
779,15.579999999999757,216094.0,0.02,0.02832,-0.00269,1.01392,-0.152,-1.6,-0.113,-1.551,0.1082,0.0955
780,15.599999999999756,216114.0,0.02,0.02783,-0.00049,1.01392,-0.028,-1.572,-0.112,-1.551,-0.0673,0.0345
781,15.619999999999756,216134.0,0.02,0.02979,-0.00073,1.01416,-0.041,-1.682,-0.11,-1.557,0.0319,-0.1793
782,15.639999999999755,216154.0,0.02,0.03076,-0.00269,1.01782,-0.151,-1.731,-0.117,-1.559,-0.2887,0.0803
783,15.659999999999755,216174.0,0.02,0.02783,-0.00415,1.01245,-0.235,-1.575,-0.121,-1.562,-0.1055,-0.1411
784,15.679999999999755,216194.0,0.02,0.02637,-0.00562,1.01392,-0.317,-1.49,-0.129,-1.558,-0.1895,0.149
785,15.699999999999754,216214.0,0.02,0.02759,-0.00098,1.01538,-0.055,-1.556,-0.125,-1.563,0.1082,-0.248
786,15.719999999999754,216234.0,0.02,0.0271,-0.0022,1.01245,-0.124,-1.533,-0.126,-1.56,-0.0444,0.0955
787,15.739999999999753,216254.0,0.02,0.02808,-0.00513,1.02173,-0.288,-1.574,-0.134,-1.562,-0.2276,-0.1029
788,15.759999999999753,216274.0,0.02,0.0249,-0.00269,1.0166,-0.151,-1.403,-0.135,-1.558,-0.0673,0.065
789,15.779999999999752,216294.0,0.02,0.02808,-0.00415,1.02051,-0.233,-1.576,-0.139,-1.556,-0.075,0.1413
790,15.799999999999752,216314.0,0.02,0.03052,-0.00049,1.01563,-0.028,-1.721,-0.14,-1.556,-0.1895,0.1413
791,15.819999999999752,216334.0,0.02,0.02515,-0.0022,1.01392,-0.124,-1.421,-0.142,-1.556,-0.1284,-0.1487
792,15.839999999999751,216354.0,0.02,0.02246,-0.00073,1.01489,-0.041,-1.268,-0.139,-1.552,0.0548,-0.0495
793,15.85999999999975,216374.0,0.02,0.02856,-0.00635,1.01221,-0.359,-1.616,-0.137,-1.553,0.3373,-0.019
794,15.87999999999975,216394.0,0.02,0.02856,-0.0022,1.01318,-0.124,-1.615,-0.138,-1.554,-0.075,0.0116
795,15.89999999999975,216414.0,0.02,0.02954,0.00098,1.01465,0.055,-1.668,-0.139,-1.555,-0.2505,0.0726
796,15.91999999999975,216434.0,0.02,0.02612,-0.00415,1.01392,-0.235,-1.476,-0.146,-1.551,-0.2505,0.149
797,15.939999999999749,216454.0,0.02,0.02612,-0.00073,1.01538,-0.041,-1.474,-0.146,-1.551,-0.0902,-0.1106
798,15.959999999999749,216474.0,0.02,0.03027,-0.00024,1.01489,-0.014,-1.709,-0.142,-1.554,0.0701,0.0192
799,15.979999999999748,216494.0,0.02,0.02783,-0.00464,1.01587,-0.262,-1.569,-0.142,-1.554,0.093,0.0039
800,15.999999999999748,216514.0,0.02,0.02832,-0.00366,1.02271,-0.205,-1.586,-0.143,-1.551,0.0319,0.2177
801,16.019999999999747,216534.0,0.02,0.02954,-0.00122,1.00366,-0.07,-1.686,-0.144,-1.557,-0.1284,-0.1793
802,16.039999999999747,216554.0,0.02,0.02612,-0.00708,1.0144,-0.4,-1.475,-0.146,-1.557,0.154,-0.0953
803,16.059999999999746,216574.0,0.02,0.02856,-0.00269,1.01416,-0.152,-1.613,-0.146,-1.56,0.009,-0.0953
804,16.079999999999746,216594.0,0.02,0.02954,-0.00391,1.01807,-0.22,-1.662,-0.149,-1.561,-0.0673,0.0574
805,16.099999999999746,216614.0,0.02,0.02588,-0.00513,1.01904,-0.288,-1.455,-0.154,-1.557,-0.1208,0.1032
806,16.119999999999745,216634.0,0.02,0.02686,0.00586,1.01758,0.33,-1.512,-0.145,-1.557,-0.0444,-0.0419
807,16.139999999999745,216654.0,0.02,0.02905,-0.00317,1.01953,-0.178,-1.632,-0.148,-1.559,-0.1208,-0.0342
808,16.159999999999744,216674.0,0.02,0.02637,0.00195,1.01538,0.11,-1.488,-0.138,-1.558,0.2533,-0.0495
809,16.179999999999744,216694.0,0.02,0.02759,-0.00244,1.01294,-0.138,-1.56,-0.137,-1.561,0.0395,-0.1258
810,16.199999999999743,216714.0,0.02,0.02661,-0.00293,1.01807,-0.165,-1.497,-0.142,-1.557,-0.22,0.149
811,16.219999999999743,216734.0,0.02,0.02661,-0.00073,1.02051,-0.041,-1.494,-0.139,-1.552,0.0624,0.1719
812,16.239999999999743,216754.0,0.02,0.02637,-0.00098,1.01709,-0.055,-1.485,-0.133,-1.545,0.2075,0.294
813,16.259999999999742,216774.0,0.02,0.02905,-0.00146,1.01489,-0.083,-1.64,-0.134,-1.545,-0.1055,0.0879
814,16.279999999999742,216794.0,0.02,0.02637,0.00293,1.01221,0.166,-1.492,-0.127,-1.542,0.0701,0.1108
815,16.29999999999974,216814.0,0.02,0.02759,-0.00537,1.01953,-0.302,-1.55,-0.129,-1.54,0.0548,0.1108
816,16.31999999999974,216834.0,0.02,0.02637,-0.0022,1.01587,-0.124,-1.487,-0.132,-1.542,-0.1284,-0.1411
817,16.33999999999974,216854.0,0.02,0.03174,-0.00513,1.01831,-0.288,-1.785,-0.137,-1.547,-0.0902,-0.0037
818,16.35999999999974,216874.0,0.02,0.03052,-0.00146,1.01904,-0.082,-1.715,-0.136,-1.551,-0.0215,-0.0648
819,16.37999999999974,216894.0,0.02,0.02759,0.0,1.02344,0.0,-1.544,-0.129,-1.55,0.2151,0.065
820,16.39999999999974,216914.0,0.02,0.0271,-0.00171,1.00977,-0.097,-1.537,-0.129,-1.548,-0.0368,0.0803
821,16.41999999999974,216934.0,0.02,0.03052,-0.0061,1.0188,-0.343,-1.716,-0.138,-1.554,-0.2429,-0.1411
822,16.43999999999974,216954.0,0.02,0.02686,-0.00244,1.0127,-0.138,-1.519,-0.142,-1.553,-0.2047,0.0039
823,16.459999999999738,216974.0,0.02,0.02856,-0.00024,1.01318,-0.014,-1.615,-0.144,-1.552,-0.2353,0.149
824,16.479999999999738,216994.0,0.02,0.03003,-0.00244,1.01343,-0.138,-1.697,-0.145,-1.556,-0.0444,-0.0571
825,16.499999999999737,217014.0,0.02,0.02954,-0.00122,1.01587,-0.069,-1.666,-0.138,-1.561,0.2609,-0.164
826,16.519999999999737,217034.0,0.02,0.02759,-0.00122,1.01294,-0.069,-1.56,-0.135,-1.56,0.1082,0.065
827,16.539999999999736,217054.0,0.02,0.02954,0.00098,1.01831,0.055,-1.662,-0.131,-1.564,-0.0139,-0.1335
828,16.559999999999736,217074.0,0.02,0.02686,-0.00439,1.02002,-0.247,-1.508,-0.136,-1.567,-0.1437,-0.2022
829,16.579999999999735,217094.0,0.02,0.03076,-0.0022,1.02124,-0.123,-1.725,-0.133,-1.567,0.1769,0.1795
830,16.599999999999735,217114.0,0.02,0.02808,-0.00073,1.01587,-0.041,-1.583,-0.136,-1.57,-0.2658,-0.1182
831,16.619999999999735,217134.0,0.02,0.02588,-0.00098,1.02197,-0.055,-1.451,-0.135,-1.567,-0.0292,-0.0037
832,16.639999999999734,217154.0,0.02,0.02856,-0.00024,1.01123,-0.014,-1.618,-0.132,-1.565,0.0472,0.1795
833,16.659999999999734,217174.0,0.02,0.02637,-0.00317,1.01465,-0.179,-1.489,-0.133,-1.563,-0.0368,0.0116
834,16.679999999999733,217194.0,0.02,0.0293,0.00073,1.01343,0.041,-1.656,-0.133,-1.565,-0.1437,-0.0037
835,16.699999999999733,217214.0,0.02,0.02954,-0.00269,1.00928,-0.152,-1.677,-0.135,-1.568,-0.1208,-0.0342
836,16.719999999999732,217234.0,0.02,0.02783,0.00122,1.01709,0.069,-1.567,-0.133,-1.57,-0.0597,-0.1106
837,16.739999999999732,217254.0,0.02,0.02856,-0.00171,1.0083,-0.097,-1.623,-0.129,-1.57,0.1388,0.065
838,16.75999999999973,217274.0,0.02,0.02759,-0.00366,1.02612,-0.204,-1.54,-0.135,-1.571,-0.2353,-0.0877
839,16.77999999999973,217294.0,0.02,0.02832,-0.00195,1.01392,-0.11,-1.6,-0.133,-1.572,0.1006,-0.0342
840,16.79999999999973,217314.0,0.02,0.02612,0.00024,1.02197,0.014,-1.464,-0.132,-1.569,-0.0979,0.0574
841,16.81999999999973,217334.0,0.02,0.02979,-0.00391,1.01343,-0.221,-1.683,-0.133,-1.574,0.0014,-0.1487
842,16.83999999999973,217354.0,0.02,0.02783,-0.00391,1.01904,-0.22,-1.564,-0.138,-1.574,-0.136,0.0116
843,16.85999999999973,217374.0,0.02,0.03174,0.00049,1.01953,0.027,-1.783,-0.132,-1.573,0.1311,0.2253
844,16.87999999999973,217394.0,0.02,0.03125,-0.00317,1.01367,-0.179,-1.766,-0.131,-1.576,0.1082,0.0879
845,16.89999999999973,217414.0,0.02,0.02783,-0.00073,1.01782,-0.041,-1.566,-0.128,-1.575,0.0395,0.0421
846,16.919999999999728,217434.0,0.02,0.02808,-0.00122,1.01367,-0.069,-1.587,-0.121,-1.576,0.322,-0.0648
847,16.939999999999728,217454.0,0.02,0.0271,-0.00366,1.01636,-0.206,-1.527,-0.12,-1.576,0.1311,-0.0571
848,16.959999999999727,217474.0,0.02,0.03101,-0.00098,1.02271,-0.055,-1.737,-0.118,-1.585,0.0319,-0.2709
849,16.979999999999727,217494.0,0.02,0.02856,-0.00317,1.01367,-0.179,-1.614,-0.118,-1.583,0.0853,0.1261
850,16.999999999999726,217514.0,0.02,0.03003,-0.00342,1.01904,-0.192,-1.688,-0.117,-1.587,0.0777,-0.1106
851,17.019999999999726,217534.0,0.02,0.02905,-0.00293,1.01001,-0.166,-1.648,-0.121,-1.59,-0.1284,-0.0648
852,17.039999999999726,217554.0,0.02,0.02856,-0.00513,1.02661,-0.286,-1.594,-0.125,-1.589,-0.0368,0.0192
853,17.059999999999725,217574.0,0.02,0.02734,-0.00317,1.02026,-0.178,-1.535,-0.125,-1.585,0.0472,0.1413
854,17.079999999999725,217594.0,0.02,0.02832,-0.00439,1.01416,-0.248,-1.6,-0.127,-1.586,0.0548,-0.019
855,17.099999999999724,217614.0,0.02,0.03003,-0.00488,1.01587,-0.275,-1.693,-0.129,-1.589,0.0395,-0.0342
856,17.119999999999724,217634.0,0.02,0.02979,-0.00171,1.01465,-0.097,-1.681,-0.131,-1.593,-0.136,-0.1029
857,17.139999999999723,217654.0,0.02,0.02783,-0.00171,1.01147,-0.097,-1.576,-0.127,-1.59,0.1769,0.1108
858,17.159999999999723,217674.0,0.02,0.02734,-0.0022,1.01978,-0.123,-1.536,-0.125,-1.588,0.1006,0.0345
859,17.179999999999723,217694.0,0.02,0.02808,-0.00293,1.01367,-0.166,-1.587,-0.128,-1.588,-0.1131,0.0192
860,17.199999999999722,217714.0,0.02,0.02563,0.0022,1.01318,0.124,-1.449,-0.124,-1.587,-0.0902,-0.0877
861,17.21999999999972,217734.0,0.02,0.02783,-0.00537,1.01685,-0.303,-1.568,-0.128,-1.585,0.0166,0.1032
862,17.23999999999972,217754.0,0.02,0.02661,0.00171,1.01367,0.097,-1.504,-0.122,-1.587,0.0701,-0.1945
863,17.25999999999972,217774.0,0.02,0.02954,-0.00317,1.02051,-0.178,-1.658,-0.124,-1.589,-0.0597,-0.0571
864,17.27999999999972,217794.0,0.02,0.02881,-0.00024,1.01294,-0.014,-1.629,-0.123,-1.594,-0.0368,-0.1945
865,17.29999999999972,217814.0,0.02,0.0293,-0.00073,1.021,-0.041,-1.644,-0.12,-1.591,0.0624,0.1948
866,17.31999999999972,217834.0,0.02,0.02734,0.00098,1.01758,0.055,-1.539,-0.116,-1.594,0.0243,-0.1793
867,17.33999999999972,217854.0,0.02,0.03101,0.00171,1.02002,0.096,-1.741,-0.111,-1.601,0.0395,-0.2098
868,17.35999999999972,217874.0,0.02,0.0249,-0.00073,1.021,-0.041,-1.397,-0.109,-1.596,0.0166,0.0345
869,17.37999999999972,217894.0,0.02,0.03003,-0.00366,1.01855,-0.206,-1.689,-0.112,-1.595,-0.075,0.1261
870,17.399999999999718,217914.0,0.02,0.02808,-0.00122,1.01758,-0.069,-1.58,-0.112,-1.598,-0.0368,-0.1411
871,17.419999999999717,217934.0,0.02,0.02954,0.00342,1.01685,0.193,-1.664,-0.112,-1.601,-0.2734,-0.0953
872,17.439999999999717,217954.0,0.02,0.02832,-0.00293,1.01855,-0.165,-1.593,-0.11,-1.601,0.1159,0.0116
873,17.459999999999717,217974.0,0.02,0.0293,-0.00342,1.01221,-0.193,-1.658,-0.111,-1.6,0.0548,0.0803
874,17.479999999999716,217994.0,0.02,0.02905,-0.00293,1.01416,-0.166,-1.641,-0.111,-1.6,0.0624,0.0268
875,17.499999999999716,218014.0,0.02,0.03369,-0.00293,1.01147,-0.166,-1.908,-0.109,-1.602,0.154,0.2329
876,17.519999999999715,218034.0,0.02,0.02734,-0.00562,1.01733,-0.316,-1.54,-0.112,-1.602,0.0472,-0.0724
877,17.539999999999715,218054.0,0.02,0.03369,-0.00391,1.0188,-0.22,-1.894,-0.113,-1.61,0.0624,-0.08
878,17.559999999999715,218074.0,0.02,0.02686,-0.00244,1.01245,-0.138,-1.519,-0.114,-1.607,-0.0215,0.065
879,17.579999999999714,218094.0,0.02,0.02856,0.00049,1.01758,0.027,-1.608,-0.112,-1.605,-0.0215,0.0879
880,17.599999999999714,218114.0,0.02,0.0271,-0.00293,1.01611,-0.165,-1.528,-0.112,-1.602,0.009,0.0574
881,17.619999999999713,218134.0,0.02,0.02783,-0.00122,1.02002,-0.069,-1.563,-0.108,-1.6,0.1922,0.0726
882,17.639999999999713,218154.0,0.02,0.03003,0.00024,1.01196,0.014,-1.7,-0.103,-1.596,0.1006,0.3169
883,17.659999999999712,218174.0,0.02,0.02612,0.00146,1.01392,0.083,-1.476,-0.099,-1.595,0.0472,-0.0877
884,17.679999999999712,218194.0,0.02,0.02686,-0.00146,1.00708,-0.083,-1.528,-0.098,-1.595,0.0319,-0.0648
885,17.69999999999971,218214.0,0.02,0.02686,0.00049,1.01538,0.028,-1.515,-0.095,-1.592,0.0014,0.0574
886,17.71999999999971,218234.0,0.02,0.0271,-0.00488,1.01343,-0.276,-1.532,-0.1,-1.59,-0.0444,0.0345
887,17.73999999999971,218254.0,0.02,0.0271,-0.00073,1.02222,-0.041,-1.519,-0.099,-1.593,0.0014,-0.2098
888,17.75999999999971,218274.0,0.02,0.03052,-0.00098,1.01929,-0.055,-1.715,-0.098,-1.6,-0.0139,-0.2098
889,17.77999999999971,218294.0,0.02,0.02881,-0.00562,1.01221,-0.318,-1.63,-0.1,-1.605,0.1159,-0.2556
890,17.79999999999971,218314.0,0.02,0.03052,0.00146,1.01831,0.082,-1.717,-0.095,-1.608,0.0472,-0.0113
891,17.81999999999971,218334.0,0.02,0.02661,0.00098,1.01782,0.055,-1.498,-0.095,-1.604,-0.136,0.0955
892,17.83999999999971,218354.0,0.02,0.02832,-0.00244,1.0188,-0.137,-1.592,-0.098,-1.601,-0.1131,0.0955
893,17.859999999999708,218374.0,0.02,0.02808,-0.00342,1.0144,-0.193,-1.585,-0.1,-1.607,-0.0063,-0.3014
894,17.879999999999708,218394.0,0.02,0.02588,-0.00049,1.01904,-0.027,-1.455,-0.104,-1.602,-0.2582,0.1184
895,17.899999999999707,218414.0,0.02,0.0249,-0.00586,1.01196,-0.332,-1.41,-0.111,-1.598,-0.1208,0.0116
896,17.919999999999707,218434.0,0.02,0.02515,-0.00024,1.01855,-0.014,-1.414,-0.111,-1.594,-0.0902,-0.0266
897,17.939999999999706,218454.0,0.02,0.02856,-0.00317,1.01563,-0.179,-1.611,-0.113,-1.596,-0.0673,-0.0571
898,17.959999999999706,218474.0,0.02,0.03198,-0.00024,1.01538,-0.014,-1.804,-0.109,-1.596,0.1006,0.2177
899,17.979999999999706,218494.0,0.02,0.02881,-0.00269,1.01172,-0.152,-1.631,-0.107,-1.6,0.1617,-0.1945
900,17.999999999999705,218514.0,0.02,0.0249,-0.00488,1.0144,-0.276,-1.406,-0.111,-1.596,-0.0368,0.0345
901,18.019999999999705,218534.0,0.02,0.02783,-0.00317,1.01318,-0.179,-1.574,-0.113,-1.595,-0.0292,0.0192
902,18.039999999999704,218554.0,0.02,0.0293,-0.00073,1.01343,-0.041,-1.656,-0.108,-1.598,0.1922,-0.08
903,18.059999999999704,218574.0,0.02,0.02783,-0.00244,1.01392,-0.138,-1.572,-0.109,-1.593,-0.0215,0.2177
904,18.079999999999703,218594.0,0.02,0.02832,-0.0022,1.0188,-0.124,-1.592,-0.108,-1.594,0.0548,-0.0342
905,18.099999999999703,218614.0,0.02,0.02808,-0.00146,1.01611,-0.083,-1.583,-0.11,-1.594,-0.1055,-0.0342
906,18.119999999999703,218634.0,0.02,0.02808,-0.0022,1.01929,-0.124,-1.578,-0.112,-1.597,-0.1131,-0.1411
907,18.139999999999702,218654.0,0.02,0.02832,-0.00171,1.01489,-0.096,-1.598,-0.113,-1.596,-0.0826,0.0116
908,18.1599999999997,218674.0,0.02,0.02832,-0.00464,1.01563,-0.262,-1.597,-0.121,-1.594,-0.2276,0.1184
909,18.1799999999997,218694.0,0.02,0.03491,-0.00073,1.00928,-0.042,-1.981,-0.117,-1.595,0.093,0.3627
910,18.1999999999997,218714.0,0.02,0.02637,-0.00269,1.01294,-0.152,-1.491,-0.12,-1.59,-0.1131,0.1108
911,18.2199999999997,218734.0,0.02,0.03101,-0.00122,1.01953,-0.069,-1.742,-0.118,-1.591,0.0624,0.1184
912,18.2399999999997,218754.0,0.02,0.02734,-0.00098,1.01685,-0.055,-1.54,-0.114,-1.589,0.1617,0.0803
913,18.2599999999997,218774.0,0.02,0.02979,-0.00415,1.01904,-0.233,-1.674,-0.119,-1.591,-0.1589,-0.0571
914,18.2799999999997,218794.0,0.02,0.02734,0.00049,1.01343,0.028,-1.546,-0.116,-1.591,0.0166,-0.0266
915,18.2999999999997,218814.0,0.02,0.02905,-0.00195,1.01367,-0.11,-1.642,-0.117,-1.591,-0.0597,0.0421
916,18.3199999999997,218834.0,0.02,0.0293,0.00073,1.01904,0.041,-1.647,-0.113,-1.599,0.0472,-0.3548
917,18.339999999999698,218854.0,0.02,0.02905,-0.00049,1.01636,-0.028,-1.637,-0.116,-1.598,-0.2353,0.0803
918,18.359999999999697,218874.0,0.02,0.02856,-0.00342,1.0105,-0.194,-1.619,-0.117,-1.599,0.0319,0.0116
919,18.379999999999697,218894.0,0.02,0.02808,-0.00098,1.01782,-0.055,-1.58,-0.118,-1.603,-0.1131,-0.2403
920,18.399999999999697,218914.0,0.02,0.0293,-0.00415,1.01196,-0.235,-1.658,-0.116,-1.606,0.1846,-0.08
921,18.419999999999696,218934.0,0.02,0.0293,0.00049,1.0188,0.027,-1.647,-0.112,-1.61,0.0624,-0.1793
922,18.439999999999696,218954.0,0.02,0.03027,-0.00391,1.01929,-0.22,-1.701,-0.115,-1.613,-0.0292,-0.0724
923,18.459999999999695,218974.0,0.02,0.02832,-0.00342,1.01758,-0.192,-1.594,-0.119,-1.612,-0.136,0.0497
924,18.479999999999695,218994.0,0.02,0.02954,0.00049,1.01489,0.028,-1.667,-0.117,-1.618,-0.0521,-0.2785
925,18.499999999999694,219014.0,0.02,0.02759,-0.00464,1.0083,-0.264,-1.567,-0.119,-1.62,0.0624,-0.1258
926,18.519999999999694,219034.0,0.02,0.02832,0.00146,1.01709,0.083,-1.595,-0.121,-1.62,-0.2963,-0.0113
927,18.539999999999694,219054.0,0.02,0.02979,0.00171,1.01636,0.096,-1.679,-0.119,-1.617,-0.1055,0.2177
928,18.559999999999693,219074.0,0.02,0.02441,-0.00195,1.01147,-0.111,-1.383,-0.12,-1.614,-0.0673,-0.1182
929,18.579999999999693,219094.0,0.02,0.02759,-0.00269,1.01929,-0.151,-1.55,-0.125,-1.615,-0.2505,-0.0877
930,18.599999999999692,219114.0,0.02,0.02686,-0.00317,1.02124,-0.178,-1.506,-0.132,-1.611,-0.2887,0.0803
931,18.619999999999692,219134.0,0.02,0.02368,0.00171,1.01563,0.096,-1.336,-0.129,-1.606,-0.075,-0.0342
932,18.63999999999969,219154.0,0.02,0.03101,-0.00244,1.01514,-0.138,-1.749,-0.127,-1.61,0.1082,-0.0724
933,18.65999999999969,219174.0,0.02,0.02905,-0.00366,1.01855,-0.206,-1.634,-0.132,-1.606,-0.1666,0.2482
934,18.67999999999969,219194.0,0.02,0.0271,0.00049,1.0166,0.028,-1.527,-0.128,-1.607,0.0472,-0.1106
935,18.69999999999969,219214.0,0.02,0.02832,0.00244,1.01001,0.138,-1.606,-0.122,-1.608,-0.0063,-0.0648
936,18.71999999999969,219234.0,0.02,0.02637,-0.00098,1.01172,-0.055,-1.493,-0.119,-1.608,0.1159,-0.1487
937,18.73999999999969,219254.0,0.02,0.02832,-0.00195,1.01489,-0.11,-1.598,-0.116,-1.608,0.1159,-0.0113
938,18.75999999999969,219274.0,0.02,0.03027,-0.00293,1.00659,-0.167,-1.723,-0.121,-1.605,-0.1666,0.3093
939,18.77999999999969,219294.0,0.02,0.02808,-0.00464,1.01343,-0.262,-1.587,-0.122,-1.605,0.0853,-0.0113
940,18.799999999999688,219314.0,0.02,0.02686,0.00098,1.02148,0.055,-1.506,-0.123,-1.599,-0.2276,0.1719
941,18.819999999999688,219334.0,0.02,0.02832,0.00098,1.01099,0.055,-1.605,-0.121,-1.598,-0.075,0.0497
942,18.839999999999687,219354.0,0.02,0.02905,-0.00293,1.01196,-0.166,-1.644,-0.118,-1.601,0.1922,-0.0877
943,18.859999999999687,219374.0,0.02,0.0293,-0.00415,1.02124,-0.233,-1.643,-0.119,-1.598,0.0395,0.1795
944,18.879999999999686,219394.0,0.02,0.02637,-0.00269,1.01196,-0.152,-1.493,-0.12,-1.598,0.0243,-0.0953
945,18.899999999999686,219414.0,0.02,0.03052,-0.00586,1.01025,-0.332,-1.73,-0.125,-1.6,-0.0826,0.0116
946,18.919999999999686,219434.0,0.02,0.02393,0.00098,1.0127,0.055,-1.353,-0.125,-1.595,-0.1513,0.0116
947,18.939999999999685,219454.0,0.02,0.0271,-0.00195,1.01514,-0.11,-1.529,-0.125,-1.6,-0.0292,-0.2861
948,18.959999999999685,219474.0,0.02,0.03149,-0.00366,1.00928,-0.208,-1.787,-0.134,-1.607,-0.3956,-0.1945
949,18.979999999999684,219494.0,0.02,0.03247,-0.00195,1.01953,-0.11,-1.824,-0.131,-1.611,0.154,0.0345
950,18.999999999999684,219514.0,0.02,0.0271,0.00024,1.01831,0.014,-1.524,-0.126,-1.61,0.0853,-0.0419
951,19.019999999999683,219534.0,0.02,0.02661,0.00195,1.01343,0.11,-1.504,-0.119,-1.608,0.1159,-0.0037
952,19.039999999999683,219554.0,0.02,0.02856,-0.00586,1.01025,-0.332,-1.62,-0.125,-1.608,-0.075,0.0116
953,19.059999999999683,219574.0,0.02,0.03003,-0.0022,1.0188,-0.124,-1.688,-0.124,-1.612,0.0395,-0.1487
954,19.079999999999682,219594.0,0.02,0.02734,-0.0022,1.01147,-0.124,-1.549,-0.122,-1.609,0.1082,0.1184
955,19.09999999999968,219614.0,0.02,0.02661,-0.00122,1.01563,-0.069,-1.501,-0.122,-1.606,-0.0521,0.0497
956,19.11999999999968,219634.0,0.02,0.03003,-0.00293,1.01709,-0.165,-1.691,-0.122,-1.604,0.0395,0.149
957,19.13999999999968,219654.0,0.02,0.02612,0.0022,1.01392,0.124,-1.476,-0.119,-1.602,-0.0673,0.0116
958,19.15999999999968,219674.0,0.02,0.02637,-0.00513,1.01416,-0.29,-1.489,-0.121,-1.597,0.0624,0.1184
959,19.17999999999968,219694.0,0.02,0.02832,-0.00098,1.01514,-0.055,-1.598,-0.123,-1.597,-0.1666,-0.019
960,19.19999999999968,219714.0,0.02,0.02954,-0.00464,1.01221,-0.263,-1.672,-0.127,-1.601,-0.0597,-0.0953
961,19.21999999999968,219734.0,0.02,0.02588,0.00049,1.01782,0.027,-1.456,-0.12,-1.598,0.1769,0.0039
962,19.23999999999968,219754.0,0.02,0.02759,-0.00195,1.01611,-0.11,-1.555,-0.121,-1.597,-0.0673,-0.0113
963,19.25999999999968,219774.0,0.02,0.03076,-0.00342,1.01831,-0.192,-1.73,-0.124,-1.605,-0.075,-0.2556
964,19.279999999999678,219794.0,0.02,0.02661,-0.00098,1.00903,-0.055,-1.511,-0.123,-1.599,0.009,0.2253
965,19.299999999999677,219814.0,0.02,0.02393,-0.00195,1.01807,-0.11,-1.346,-0.121,-1.594,0.0548,-0.0113
966,19.319999999999677,219834.0,0.02,0.02759,-0.00317,1.0144,-0.179,-1.558,-0.122,-1.592,0.0395,0.0345
967,19.339999999999677,219854.0,0.02,0.0271,0.00049,1.01611,0.028,-1.528,-0.122,-1.592,-0.1818,-0.0419
968,19.359999999999676,219874.0,0.02,0.02637,-0.00073,1.02051,-0.041,-1.48,-0.124,-1.59,-0.1895,-0.0113
969,19.379999999999676,219894.0,0.02,0.02734,0.00073,1.01245,0.041,-1.547,-0.116,-1.589,0.2533,0.0039
970,19.399999999999675,219914.0,0.02,0.03052,-0.00049,1.01343,-0.028,-1.725,-0.114,-1.591,-0.0063,0.0574
971,19.419999999999675,219934.0,0.02,0.03003,0.00024,1.0144,0.014,-1.696,-0.115,-1.596,-0.1513,-0.164
972,19.439999999999674,219954.0,0.02,0.03076,-0.00269,1.01611,-0.151,-1.734,-0.113,-1.597,0.1311,0.1032
973,19.459999999999674,219974.0,0.02,0.02856,-0.00391,1.01636,-0.22,-1.61,-0.11,-1.591,0.2456,0.3093
974,19.479999999999674,219994.0,0.02,0.0271,-0.00171,1.01636,-0.096,-1.527,-0.11,-1.591,-0.0139,-0.0571
975,19.499999999999673,220014.0,0.02,0.0271,0.00073,1.01318,0.041,-1.532,-0.106,-1.589,0.0624,0.0268
976,19.519999999999673,220034.0,0.02,0.02515,-0.00464,1.01221,-0.263,-1.423,-0.111,-1.583,-0.1055,0.1413
977,19.539999999999672,220054.0,0.02,0.02759,-0.00122,1.00781,-0.069,-1.568,-0.112,-1.584,-0.1055,-0.0495
978,19.559999999999672,220074.0,0.02,0.03052,0.00024,1.01587,0.014,-1.721,-0.109,-1.588,0.0472,-0.0648
979,19.57999999999967,220094.0,0.02,0.02661,-0.0022,1.01318,-0.124,-1.505,-0.112,-1.587,-0.1437,-0.0648
980,19.59999999999967,220114.0,0.02,0.0249,0.00049,1.01123,0.028,-1.411,-0.111,-1.581,-0.075,0.1337
981,19.61999999999967,220134.0,0.02,0.02832,-0.00342,1.01587,-0.193,-1.597,-0.11,-1.586,0.1235,-0.2251
982,19.63999999999967,220154.0,0.02,0.02637,0.0,1.01782,0.0,-1.484,-0.105,-1.581,0.1235,0.1337
983,19.65999999999967,220174.0,0.02,0.03076,-0.00195,1.01489,-0.11,-1.736,-0.105,-1.584,0.009,0.0268
984,19.67999999999967,220194.0,0.02,0.0293,-0.00342,1.01514,-0.193,-1.653,-0.105,-1.583,0.1311,0.1108
985,19.69999999999967,220214.0,0.02,0.02759,-0.00195,1.01123,-0.111,-1.563,-0.097,-1.583,0.3754,-0.0266
986,19.71999999999967,220234.0,0.02,0.02734,-0.00098,1.0144,-0.055,-1.544,-0.093,-1.582,0.1846,0.0268
987,19.739999999999668,220254.0,0.02,0.02563,-0.00122,1.0083,-0.069,-1.456,-0.093,-1.562,-0.0215,0.8665
988,19.759999999999668,220274.0,0.02,0.0376,-0.00342,0.96973,-0.202,-2.22,-0.095,-1.573,-0.0215,0.1032
989,19.779999999999667,220294.0,0.02,0.00684,-0.00488,1.02075,-0.274,-0.384,-0.092,-1.548,0.3678,0.0879
990,19.799999999999667,220314.0,0.02,0.03027,-0.00122,0.98755,-0.071,-1.756,-0.091,-1.559,0.0395,-0.3777
991,19.819999999999666,220334.0,0.02,0.03052,-0.00293,1.0166,-0.165,-1.719,-0.084,-1.563,0.406,-0.0113
992,19.839999999999666,220354.0,0.02,0.02466,0.00122,1.01514,0.069,-1.391,-0.08,-1.573,0.0701,-0.6907
993,19.859999999999665,220374.0,0.02,0.02759,-0.00244,1.0166,-0.138,-1.554,-0.085,-1.579,-0.2124,-0.3167
994,19.879999999999665,220394.0,0.02,0.0249,-0.00049,1.01538,-0.028,-1.405,-0.085,-1.576,-0.0673,-0.0266
995,19.899999999999665,220414.0,0.02,0.0271,-0.00244,1.01318,-0.138,-1.532,-0.088,-1.576,-0.0826,-0.0571
996,19.919999999999664,220434.0,0.02,0.03125,-0.00146,1.01196,-0.083,-1.769,-0.086,-1.581,0.0701,-0.0724
997,19.939999999999664,220454.0,0.02,0.03296,-0.00073,1.01489,-0.041,-1.86,-0.089,-1.587,-0.1971,0.0039
998,19.959999999999663,220474.0,0.02,0.02637,0.00195,1.01343,0.11,-1.49,-0.088,-1.594,-0.1208,-0.477
999,19.979999999999663,220494.0,0.02,0.00781,0.00122,1.02295,0.068,-0.438,-0.084,-1.573,0.009,-0.0724
1000,19.999999999999662,220514.0,0.02,0.03906,-0.01538,1.00366,-0.878,-2.229,-0.094,-1.566,0.2991,1.0268
1001,20.019999999999662,220534.0,0.02,0.02637,-0.04321,0.99683,-2.482,-1.514,-0.138,-1.489,0.1998,3.8589
1002,20.03999999999966,220554.0,0.02,0.06592,-0.09009,1.02124,-5.041,-3.679,-0.238,-1.478,-0.0902,2.7749
1003,20.05999999999966,220574.0,0.02,0.06128,-0.21729,1.03076,-11.904,-3.329,-0.458,-1.458,0.6808,2.9123
1004,20.07999999999966,220594.0,0.02,0.01318,0.13184,1.04077,7.219,-0.72,-0.304,-1.454,0.0395,-0.5228
1005,20.09999999999966,220614.0,0.02,-0.08472,0.12354,1.01245,6.957,4.748,-0.153,-1.242,0.2762,4.4849
1006,20.11999999999966,220634.0,0.02,0.00464,-0.06714,1.02295,-3.755,-0.259,-0.217,-1.146,0.3983,3.9047
1007,20.13999999999966,220654.0,0.02,0.16089,-0.18164,1.01221,-10.173,-8.892,-0.406,-1.022,0.5281,14.2177
1008,20.15999999999966,220674.0,0.02,0.04248,-0.02612,0.96069,-1.558,-2.531,-0.409,-0.946,1.009,5.4009
1009,20.17999999999966,220694.0,0.02,-0.06909,0.1731,1.05176,9.346,3.709,-0.058,-0.913,7.9556,-3.08
1010,20.19999999999966,220714.0,0.02,0.04614,0.06372,1.02197,3.568,-2.58,0.151,-0.866,6.9632,4.1108
1011,20.219999999999658,220734.0,0.02,0.04858,0.08276,1.01831,4.647,-2.723,0.267,-0.965,1.3678,-3.1564
1012,20.239999999999657,220754.0,0.02,0.03418,-0.04297,1.02271,-2.406,-1.912,0.341,-0.906,6.5052,3.9963
1013,20.259999999999657,220774.0,0.02,0.01514,0.09717,0.99951,5.553,-0.864,0.643,-0.837,10.0548,3.4696
1014,20.279999999999657,220794.0,0.02,-0.08716,0.05127,1.01025,2.905,4.925,0.805,-0.621,5.9632,5.1413
1015,20.299999999999656,220814.0,0.02,-0.06567,-0.02612,1.04736,-1.429,3.587,0.863,-0.718,5.2304,-9.2632
1016,20.319999999999656,220834.0,0.02,0.09937,0.0415,1.04614,2.272,-5.422,1.264,-1.146,19.0395,-17.0419
1017,20.339999999999655,220854.0,0.02,0.10278,-0.00513,1.07959,-0.272,-5.438,1.646,-1.628,21.0624,-20.2098
1018,20.359999999999655,220874.0,0.02,0.03369,0.03589,1.20581,1.705,-1.6,2.008,-2.161,18.3754,-27.1793
1019,20.379999999999654,220894.0,0.02,0.03076,-0.03662,1.22485,-1.713,-1.438,2.14,-2.823,10.5586,-34.5533
1020,20.399999999999654,220914.0,0.02,0.05981,0.00928,1.10254,0.482,-3.105,2.209,-3.762,5.2151,-47.622
1021,20.419999999999654,220934.0,0.02,0.04468,0.00464,1.12061,0.237,-2.283,2.127,-4.726,-2.1895,-50.6755
1022,20.439999999999653,220954.0,0.02,0.2041,0.0603,1.08228,3.189,-10.664,1.957,-5.732,-9.7315,-45.248
1023,20.459999999999653,220974.0,0.02,0.29883,0.04956,1.05981,2.677,-15.73,1.652,-6.741,-16.304,-41.2861
1024,20.479999999999652,220994.0,0.02,0.18213,0.03687,1.07373,1.966,-9.621,1.26,-7.743,-20.3498,-48.2022
1025,20.499999999999652,221014.0,0.02,-0.00464,0.03247,1.03857,1.791,0.256,0.786,-8.578,-24.7009,-50.7442
1026,20.51999999999965,221034.0,0.02,0.01904,-0.0166,0.97021,-0.98,-1.124,0.337,-9.492,-21.1284,-54.2403
1027,20.53999999999965,221054.0,0.02,0.19678,0.01147,0.90723,0.725,-12.237,0.194,-10.95,-7.6551,-71.6144
1028,20.55999999999965,221074.0,0.02,0.31812,0.04297,0.87964,2.797,-19.86,0.299,-12.502,2.6808,-70.0495
1029,20.57999999999965,221094.0,0.02,0.23169,0.01123,0.99756,0.645,-13.075,0.411,-13.785,5.3678,-64.9197
1030,20.59999999999965,221114.0,0.02,0.18018,-0.01416,1.01587,-0.799,-10.057,0.475,-15.116,4.4899,-71.6754
1031,20.61999999999965,221134.0,0.02,0.28394,0.01733,0.9624,1.032,-16.435,0.504,-16.587,0.9174,-73.7213
1032,20.63999999999965,221154.0,0.02,0.3606,0.00146,1.00952,0.083,-19.656,0.423,-18.255,-3.7009,-81.9884
1033,20.65999999999965,221174.0,0.02,0.34082,0.00024,1.01733,0.014,-18.522,0.27,-20.071,-7.3956,-92.3472
1034,20.679999999999648,221194.0,0.02,0.30078,0.02368,0.91748,1.479,-18.145,0.089,-21.797,-10.4414,-90.0571
1035,20.699999999999648,221214.0,0.02,0.33203,-0.01318,0.89258,-0.846,-20.403,0.001,-23.567,-3.5406,-91.7213
1036,20.719999999999647,221234.0,0.02,0.44189,-0.02612,0.9541,-1.568,-24.843,0.039,-25.589,3.5052,-101.8587
1037,20.739999999999647,221254.0,0.02,0.48169,-0.00708,0.96631,-0.42,-26.495,0.035,-27.652,0.3067,-104.3396
1038,20.759999999999646,221274.0,0.02,0.47241,0.01904,0.93237,1.17,-26.865,-0.088,-29.816,-7.4414,-111.1945
1039,20.779999999999646,221294.0,0.02,0.53564,-0.01294,0.84692,-0.875,-32.309,-0.271,-32.145,-8.5406,-116.309
1040,20.799999999999645,221314.0,0.02,0.56836,-0.02246,0.85645,-1.502,-33.56,-0.356,-34.393,-3.0902,-113.2403
1041,20.819999999999645,221334.0,0.02,0.56763,-0.0144,0.86133,-0.958,-33.382,-0.476,-36.49,-5.5253,-108.0113
1042,20.839999999999645,221354.0,0.02,0.58887,-0.00366,0.8042,-0.261,-36.213,-0.669,-38.428,-10.0368,-99.1411
1043,20.859999999999644,221374.0,0.02,0.58374,-0.06226,0.79419,-4.482,-36.233,-0.921,-39.971,-8.9681,-80.9884
1044,20.879999999999644,221394.0,0.02,0.61694,-0.03491,0.77881,-2.567,-38.357,-1.071,-41.513,-5.9834,-80.309
1045,20.899999999999643,221414.0,0.02,0.67822,0.00195,0.72827,0.154,-42.962,-1.172,-43.237,-6.3956,-86.4846
1046,20.919999999999643,221434.0,0.02,0.68457,-0.02222,0.68604,-1.855,-44.924,-1.267,-44.747,-4.136,-75.3396
1047,20.939999999999642,221454.0,0.02,0.67627,-0.05664,0.72998,-4.437,-42.727,-1.304,-46.048,1.3373,-68.4312
1048,20.959999999999642,221474.0,0.02,0.72607,-0.0481,0.74414,-3.698,-44.236,-1.307,-47.472,2.2915,-74.4693
1049,20.97999999999964,221494.0,0.02,0.76343,-0.02441,0.71045,-1.968,-47.042,-1.341,-48.918,-1.0826,-74.2556
1050,20.99999999999964,221514.0,0.02,0.81787,-0.00073,0.66748,-0.063,-50.781,-1.415,-50.344,-5.0521,-70.8434
1051,21.01999999999964,221534.0,0.02,0.78589,-0.0459,0.64429,-4.075,-50.583,-1.55,-51.787,-4.1818,-73.3625
1052,21.03999999999964,221554.0,0.02,0.70508,-0.0459,0.59692,-4.397,-49.665,-1.672,-52.935,-3.3345,-60.7594
1053,21.05999999999964,221574.0,0.02,0.69995,-0.02686,0.53491,-2.874,-52.578,-1.783,-53.688,-4.449,-38.7594
1054,21.07999999999964,221594.0,0.02,0.82031,-0.06299,0.60278,-5.966,-53.542,-1.902,-54.358,-1.7696,-34.3472
1055,21.09999999999964,221614.0,0.02,0.8584,-0.06641,0.63379,-5.981,-53.411,-1.971,-55.403,0.6426,-54.2785
1056,21.11999999999964,221634.0,0.02,0.79053,-0.03906,0.5481,-4.077,-55.197,-2.042,-56.633,-1.5101,-62.9426
1057,21.139999999999638,221654.0,0.02,0.7356,-0.05371,0.49365,-6.21,-55.979,-2.199,-57.102,-3.7391,-24.6144
1058,21.159999999999638,221674.0,0.02,0.76245,-0.05615,0.55249,-5.803,-53.932,-2.292,-56.995,-1.0826,2.2024
1059,21.179999999999637,221694.0,0.02,0.91846,-0.05078,0.60645,-4.787,-56.472,-2.316,-57.405,1.322,-21.4541
1060,21.199999999999637,221714.0,0.02,0.89282,-0.04736,0.5874,-4.61,-56.573,-2.365,-58.16,-0.1666,-39.3319
1061,21.219999999999636,221734.0,0.02,0.83398,-0.05713,0.56079,-5.817,-55.945,-2.549,-58.497,-5.8536,-19.4846
1062,21.239999999999636,221754.0,0.02,0.90698,-0.02246,0.49829,-2.581,-61.191,-2.777,-58.547,-11.5864,0.2253
1063,21.259999999999636,221774.0,0.02,0.91357,-0.0564,0.52197,-6.167,-60.115,-2.954,-58.706,-5.594,-6.5457
1064,21.279999999999635,221794.0,0.02,0.81372,-0.06226,0.51221,-6.93,-57.621,-2.976,-58.839,2.9479,-7.851
1065,21.299999999999635,221814.0,0.02,0.87183,-0.06494,0.53833,-6.879,-58.12,-2.989,-58.759,3.322,3.3398
1066,21.319999999999634,221834.0,0.02,0.92358,-0.05273,0.56055,-5.374,-58.633,-3.046,-58.791,-0.449,-1.7823
1067,21.339999999999634,221854.0,0.02,0.85913,-0.04053,0.51904,-4.465,-58.785,-3.092,-58.993,-0.8994,-10.3243
1068,21.359999999999634,221874.0,0.02,0.86548,-0.05347,0.50781,-6.01,-59.46,-3.091,-59.077,2.9861,-3.7747
1069,21.379999999999633,221894.0,0.02,0.89575,-0.08765,0.59595,-8.367,-56.081,-3.097,-59.022,5.1235,-0.2785
1070,21.399999999999633,221914.0,0.02,0.90112,-0.06812,0.5874,-6.614,-56.726,-3.21,-58.996,-2.1818,-1.0113
1071,21.419999999999632,221934.0,0.02,0.87378,-0.01758,0.48462,-2.077,-60.97,-3.352,-59.047,-8.4032,-0.5609
1072,21.439999999999632,221954.0,0.02,0.8811,-0.05469,0.48437,-6.442,-61.047,-3.407,-59.163,0.3067,-3.8816
1073,21.45999999999963,221974.0,0.02,0.85522,-0.06689,0.53296,-7.154,-57.868,-3.313,-59.134,8.6273,0.1642
1074,21.47999999999963,221994.0,0.02,0.84399,-0.05981,0.56934,-5.997,-55.852,-3.272,-58.942,4.8716,6.4238
1075,21.49999999999963,222014.0,0.02,0.86084,-0.03174,0.51782,-3.507,-58.924,-3.298,-58.867,-1.1131,3.8284
1076,21.51999999999963,222034.0,0.02,0.85522,-0.05103,0.50903,-5.724,-59.113,-3.337,-58.841,0.5052,1.5841
1077,21.53999999999963,222054.0,0.02,0.88062,-0.06177,0.53394,-6.599,-58.602,-3.307,-58.756,4.8334,4.0726
1078,21.55999999999963,222074.0,0.02,0.91162,-0.06567,0.57373,-6.53,-57.647,-3.3,-58.696,3.6655,1.9047
1079,21.57999999999963,222094.0,0.02,0.87598,-0.03442,0.52783,-3.731,-58.875,-3.337,-58.751,-1.4414,-2.5991
1080,21.59999999999963,222114.0,0.02,0.87939,-0.03247,0.49121,-3.782,-60.76,-3.366,-58.797,-1.0597,-0.2785
1081,21.619999999999628,222134.0,0.02,0.91943,-0.07349,0.55591,-7.53,-58.622,-3.352,-58.797,5.0014,-0.1793
1082,21.639999999999628,222154.0,0.02,0.8811,-0.0603,0.56763,-6.064,-57.063,-3.339,-58.768,3.3907,-0.3319
1083,21.659999999999627,222174.0,0.02,0.86377,-0.02563,0.52954,-2.771,-58.459,-3.383,-58.759,-2.8002,0.149
1084,21.679999999999627,222194.0,0.02,0.90356,-0.04858,0.52026,-5.335,-59.959,-3.438,-58.924,-0.8231,-7.1869
1085,21.699999999999626,222214.0,0.02,0.87988,-0.07715,0.55322,-7.939,-57.591,-3.431,-59.025,4.9327,-6.5151
1086,21.719999999999626,222234.0,0.02,0.84009,-0.06665,0.54858,-6.927,-56.663,-3.466,-58.934,1.8258,2.2406
1087,21.739999999999625,222254.0,0.02,0.87964,-0.03442,0.54565,-3.61,-58.137,-3.547,-58.867,-4.0292,2.6146
1088,21.759999999999625,222274.0,0.02,0.94165,-0.02661,0.51392,-2.964,-61.344,-3.606,-59.074,-3.6017,-8.0266
1089,21.779999999999625,222294.0,0.02,0.92114,-0.0603,0.51733,-6.649,-60.515,-3.613,-59.382,2.7724,-14.2403
1090,21.799999999999624,222314.0,0.02,0.85205,-0.06982,0.51465,-7.726,-58.636,-3.611,-59.458,4.2762,-4.6373
1091,21.819999999999624,222334.0,0.02,0.84937,-0.03955,0.52686,-4.293,-58.117,-3.621,-59.361,0.1998,3.5536
1092,21.839999999999623,222354.0,0.02,0.90894,-0.02515,0.49512,-2.907,-61.391,-3.65,-59.442,-2.22,-2.0724
1093,21.859999999999623,222374.0,0.02,0.88696,-0.04761,0.47266,-5.752,-61.827,-3.611,-59.656,4.1617,-8.477
1094,21.879999999999622,222394.0,0.02,0.86084,-0.07129,0.52148,-7.784,-58.558,-3.474,-59.594,11.2151,2.065
1095,21.899999999999622,222414.0,0.02,0.89111,-0.07544,0.61206,-7.027,-55.315,-3.373,-59.366,8.7953,7.2482
1096,21.91999999999962,222434.0,0.02,0.91992,-0.02124,0.57861,-2.102,-57.814,-3.393,-59.372,-2.3345,-1.8587
1097,21.93999999999962,222454.0,0.02,0.8811,-0.02222,0.48291,-2.634,-61.248,-3.515,-59.59,-6.9834,-9.2556
1098,21.95999999999962,222474.0,0.02,0.8479,-0.07495,0.48755,-8.74,-59.811,-3.592,-59.782,1.4136,-9.5228
1099,21.97999999999962,222494.0,0.02,0.85596,-0.05322,0.50903,-5.969,-59.123,-3.53,-59.738,5.5586,1.5688
1100,21.99999999999962,222514.0,0.02,0.9104,-0.02124,0.52954,-2.297,-59.795,-3.501,-59.574,0.2304,8.4238
1101,22.01999999999962,222534.0,0.02,0.92358,-0.02954,0.53394,-3.167,-59.929,-3.542,-59.656,-2.4337,-3.8358
1102,22.03999999999962,222554.0,0.02,0.90063,-0.05566,0.53027,-5.993,-59.374,-3.57,-59.912,1.1006,-13.3625
1103,22.05999999999962,222574.0,0.02,0.85034,-0.06982,0.51758,-7.683,-58.442,-3.597,-59.999,2.7953,-5.9503
1104,22.079999999999618,222594.0,0.02,0.87573,-0.04956,0.5332,-5.31,-58.555,-3.647,-59.843,-0.8154,6.523
1105,22.099999999999618,222614.0,0.02,0.8999,-0.03564,0.54272,-3.758,-58.852,-3.748,-59.758,-5.0292,3.3322
1106,22.119999999999617,222634.0,0.02,0.87207,-0.05518,0.51465,-6.119,-59.31,-3.843,-59.87,-2.4414,-6.2174
1107,22.139999999999617,222654.0,0.02,0.87744,-0.07422,0.51904,-8.138,-59.139,-3.871,-59.945,3.0014,-4.5533
1108,22.159999999999616,222674.0,0.02,0.9209,-0.05957,0.53271,-6.381,-59.797,-3.894,-60.014,1.3831,-3.6449
1109,22.179999999999616,222694.0,0.02,0.95459,-0.03491,0.50708,-3.939,-61.967,-3.983,-60.19,-4.5253,-6.9884
1110,22.199999999999616,222714.0,0.02,0.88086,-0.04639,0.49487,-5.355,-60.565,-4.095,-60.364,-4.3269,-8.4999
1111,22.219999999999615,222734.0,0.02,0.85156,-0.05054,0.45947,-6.277,-61.506,-4.116,-60.506,1.1693,-6.1182
1112,22.239999999999615,222754.0,0.02,0.89917,-0.06006,0.49048,-6.981,-61.209,-4.068,-60.487,5.3602,1.7291
1113,22.259999999999614,222774.0,0.02,0.89868,-0.05176,0.53125,-5.565,-59.292,-4.049,-60.374,2.4976,4.5536
1114,22.279999999999614,222794.0,0.02,0.8938,-0.03906,0.52515,-4.254,-59.495,-4.106,-60.337,-2.6551,0.9505
1115,22.299999999999613,222814.0,0.02,0.89819,-0.04126,0.479,-4.923,-61.841,-4.15,-60.421,-1.4185,-2.7594
1116,22.319999999999613,222834.0,0.02,0.90723,-0.05151,0.49463,-5.946,-61.27,-4.109,-60.555,3.9174,-5.9274
1117,22.339999999999613,222854.0,0.02,0.89673,-0.07104,0.53589,-7.552,-58.917,-4.056,-60.587,6.2151,-3.3243
1118,22.359999999999612,222874.0,0.02,0.8689,-0.04272,0.52026,-4.695,-59.003,-4.072,-60.468,-0.1589,4.462
1119,22.37999999999961,222894.0,0.02,0.91821,-0.03906,0.49731,-4.491,-61.486,-4.162,-60.451,-4.1589,1.9047
1120,22.39999999999961,222914.0,0.02,0.93384,-0.05493,0.49023,-6.393,-62.155,-4.192,-60.692,0.7266,-10.5686
1121,22.41999999999961,222934.0,0.02,0.87891,-0.06274,0.51025,-7.01,-59.675,-4.146,-60.881,5.1998,-10.6907
1122,22.43999999999961,222954.0,0.02,0.8667,-0.04321,0.50488,-4.892,-59.687,-4.125,-60.812,1.8792,2.294
1123,22.45999999999961,222974.0,0.02,0.91968,-0.04053,0.50928,-4.55,-60.948,-4.2,-60.693,-3.4032,6.2558
1124,22.47999999999961,222994.0,0.02,0.91602,-0.04687,0.49683,-5.39,-61.419,-4.258,-60.782,-1.7315,-3.8281
1125,22.49999999999961,223014.0,0.02,0.8894,-0.05957,0.48437,-7.011,-61.246,-4.252,-60.964,3.0777,-8.8129
1126,22.51999999999961,223034.0,0.02,0.89795,-0.03589,0.4917,-4.175,-61.232,-4.2,-61.043,2.6121,-3.7518
1127,22.53999999999961,223054.0,0.02,0.94116,-0.03516,0.49512,-4.062,-62.193,-4.185,-61.092,0.5968,-1.3472
1128,22.559999999999608,223074.0,0.02,0.88647,-0.05029,0.51538,-5.574,-59.709,-4.189,-61.114,1.1998,-2.4999
1129,22.579999999999607,223094.0,0.02,0.87598,-0.05176,0.5061,-5.839,-59.853,-4.18,-61.063,2.1769,1.3169
1130,22.599999999999607,223114.0,0.02,0.94775,-0.04639,0.53149,-4.988,-60.624,-4.154,-61.018,2.1388,1.8284
1131,22.619999999999607,223134.0,0.02,0.95215,-0.04492,0.53394,-4.809,-60.631,-4.179,-61.114,-0.6246,-5.2632
1132,22.639999999999606,223154.0,0.02,0.89429,-0.04883,0.50098,-5.567,-60.627,-4.276,-61.18,-3.5101,-3.8892
1133,22.659999999999606,223174.0,0.02,0.84229,-0.04858,0.49805,-5.572,-59.285,-4.381,-61.16,-4.0215,-0.9274
1134,22.679999999999605,223194.0,0.02,0.84741,-0.02515,0.45898,-3.136,-61.523,-4.421,-61.158,-3.3192,0.4772
1135,22.699999999999605,223214.0,0.02,0.91382,-0.03174,0.47705,-3.806,-62.382,-4.418,-61.123,-0.4795,3.0497
1136,22.719999999999605,223234.0,0.02,0.94604,-0.05884,0.54443,-6.168,-59.936,-4.405,-61.155,2.4365,-2.8434
1137,22.739999999999604,223254.0,0.02,0.90552,-0.03833,0.52368,-4.186,-59.892,-4.424,-61.231,-1.1895,-5.1564
1138,22.759999999999604,223274.0,0.02,0.86353,-0.02075,0.47046,-2.526,-61.395,-4.501,-61.306,-5.846,-3.6984
1139,22.779999999999603,223294.0,0.02,0.88086,-0.03076,0.43042,-4.088,-63.901,-4.535,-61.443,-2.1895,-4.3396
1140,22.799999999999603,223314.0,0.02,0.8999,-0.05298,0.47192,-6.405,-62.179,-4.47,-61.464,5.2456,-0.2861
1141,22.819999999999602,223334.0,0.02,0.89746,-0.05566,0.5127,-6.196,-60.117,-4.418,-61.36,4.3907,3.9429
1142,22.839999999999602,223354.0,0.02,0.9165,-0.05298,0.53467,-5.659,-59.62,-4.45,-61.318,-0.3498,0.3627
1143,22.8599999999996,223374.0,0.02,0.91235,-0.04272,0.48291,-5.056,-62.015,-4.529,-61.493,-3.3956,-8.2327
1144,22.8799999999996,223394.0,0.02,0.89453,-0.04639,0.44507,-5.95,-63.424,-4.582,-61.663,-1.2582,-6.7289
1145,22.8999999999996,223414.0,0.02,0.91211,-0.07104,0.46533,-8.681,-62.703,-4.598,-61.63,3.3525,2.752
1146,22.9199999999996,223434.0,0.02,0.95288,-0.07153,0.53906,-7.559,-60.288,-4.599,-61.593,2.9937,0.5536
1147,22.9399999999996,223454.0,0.02,0.89844,-0.05591,0.53003,-6.021,-59.323,-4.694,-61.736,-3.3956,-9.6373
1148,22.9599999999996,223474.0,0.02,0.85107,-0.03174,0.43408,-4.182,-62.915,-4.823,-61.968,-7.1284,-10.6373
1149,22.9799999999996,223494.0,0.02,0.9021,-0.04468,0.40918,-6.231,-65.474,-4.868,-62.053,-0.8383,-0.7365
1150,22.9999999999996,223514.0,0.02,0.97046,-0.07104,0.49219,-8.214,-62.868,-4.8,-61.969,6.8411,5.1261
1151,23.019999999999598,223534.0,0.02,0.97168,-0.05884,0.53491,-6.277,-61.021,-4.753,-61.966,3.9098,-0.8587
1152,23.039999999999598,223554.0,0.02,0.91943,-0.03247,0.49463,-3.756,-61.67,-4.8,-62.098,-3.3727,-7.0037
1153,23.059999999999597,223574.0,0.02,0.89014,-0.03125,0.43213,-4.136,-64.046,-4.848,-62.258,-3.1742,-6.1869
1154,23.079999999999597,223594.0,0.02,0.88818,-0.04712,0.4314,-6.233,-63.96,-4.788,-62.236,4.4899,2.8665
1155,23.099999999999596,223614.0,0.02,0.9292,-0.05103,0.48535,-6.002,-62.291,-4.642,-62.047,8.7037,9.7139
1156,23.119999999999596,223634.0,0.02,0.96118,-0.04028,0.52759,-4.366,-61.168,-4.519,-61.985,5.9785,2.2406
1157,23.139999999999596,223654.0,0.02,0.90405,-0.02368,0.52026,-2.606,-60.055,-4.451,-62.149,1.5281,-10.3167
1158,23.159999999999595,223674.0,0.02,0.88696,-0.04199,0.47705,-5.03,-61.634,-4.429,-62.348,1.7342,-10.7136
1159,23.179999999999595,223694.0,0.02,0.88452,-0.04956,0.48706,-5.81,-61.036,-4.4,-62.284,2.8563,1.9276
1160,23.199999999999594,223714.0,0.02,0.92285,-0.0415,0.50708,-4.679,-61.132,-4.384,-62.155,1.1159,5.4314
1161,23.219999999999594,223734.0,0.02,0.91699,-0.03125,0.50537,-3.538,-61.094,-4.39,-62.183,-1.1513,-2.5304
1162,23.239999999999593,223754.0,0.02,0.87842,-0.0293,0.46216,-3.627,-62.203,-4.391,-62.303,-0.8689,-6.1029
1163,23.259999999999593,223774.0,0.02,0.89624,-0.04175,0.45483,-5.244,-62.995,-4.367,-62.323,2.1235,-0.309
1164,23.279999999999593,223794.0,0.02,0.94775,-0.05664,0.50073,-6.454,-62.0,-4.359,-62.282,2.5128,1.7444
1165,23.299999999999592,223814.0,0.02,0.92456,-0.0376,0.50781,-4.234,-61.156,-4.405,-62.352,-2.4795,-4.6755
1166,23.31999999999959,223834.0,0.02,0.89673,-0.01807,0.43555,-2.375,-64.074,-4.484,-62.486,-6.0597,-5.1182
1167,23.33999999999959,223854.0,0.02,0.89722,-0.04077,0.43066,-5.408,-64.259,-4.502,-62.559,0.0014,-1.8892
1168,23.35999999999959,223874.0,0.02,0.93677,-0.05029,0.47314,-6.067,-63.073,-4.407,-62.586,6.4289,-0.8663
1169,23.37999999999959,223894.0,0.02,0.91284,-0.05713,0.52588,-6.2,-59.909,-4.377,-62.563,3.3754,-1.538
1170,23.39999999999959,223914.0,0.02,0.88599,-0.03784,0.50562,-4.28,-60.218,-4.472,-62.628,-4.9528,-5.706
1171,23.41999999999959,223934.0,0.02,0.89844,-0.01294,0.41992,-1.765,-64.939,-4.577,-62.798,-8.1284,-6.3472
1172,23.43999999999959,223954.0,0.02,0.87085,-0.03589,0.42261,-4.854,-64.033,-4.617,-62.9,-1.7544,-3.935
1173,23.45999999999959,223974.0,0.02,0.88574,-0.06494,0.47119,-7.847,-61.764,-4.578,-62.855,5.2915,1.1184
1174,23.47999999999959,223994.0,0.02,0.9248,-0.05371,0.50024,-6.128,-61.453,-4.564,-62.735,2.2838,4.7368
1175,23.499999999999588,224014.0,0.02,0.97583,-0.03418,0.48047,-4.069,-63.728,-4.635,-62.779,-4.0979,-1.2785
1176,23.519999999999587,224034.0,0.02,0.94629,-0.03955,0.45386,-4.98,-64.292,-4.722,-62.99,-4.075,-9.2174
1177,23.539999999999587,224054.0,0.02,0.90479,-0.0498,0.42456,-6.691,-64.711,-4.753,-63.177,0.3831,-7.7671
1178,23.559999999999587,224074.0,0.02,0.87891,-0.05005,0.45679,-6.253,-62.398,-4.72,-63.057,3.238,5.3398
1179,23.579999999999586,224094.0,0.02,0.94165,-0.0376,0.48462,-4.436,-62.697,-4.69,-62.889,1.2227,8.2177
1180,23.599999999999586,224114.0,0.02,0.98999,-0.03369,0.48291,-3.991,-63.942,-4.669,-62.969,0.3907,-3.0266
1181,23.619999999999585,224134.0,0.02,0.92603,-0.04907,0.46118,-6.074,-63.397,-4.641,-63.236,2.864,-13.1716
1182,23.639999999999585,224154.0,0.02,0.88867,-0.04565,0.45532,-5.726,-62.755,-4.58,-63.26,4.1922,-1.7213
1183,23.659999999999584,224174.0,0.02,0.91064,-0.04785,0.50635,-5.399,-60.816,-4.553,-63.035,2.1998,8.9505
1184,23.679999999999584,224194.0,0.02,0.96899,-0.02759,0.51294,-3.079,-62.071,-4.56,-62.959,-1.8231,2.92
1185,23.699999999999584,224214.0,0.02,0.94629,-0.03149,0.46143,-3.905,-63.953,-4.594,-63.142,-2.4414,-8.3014
1186,23.719999999999583,224234.0,0.02,0.8811,-0.03931,0.44727,-5.022,-62.998,-4.574,-63.307,1.467,-8.5838
1187,23.739999999999583,224254.0,0.02,0.86792,-0.04395,0.46704,-5.375,-61.609,-4.541,-63.228,2.5205,2.2711
1188,23.759999999999582,224274.0,0.02,0.93921,-0.0437,0.50073,-4.988,-61.846,-4.564,-63.046,-0.7315,7.8894
1189,23.779999999999582,224294.0,0.02,0.94995,-0.04834,0.50293,-5.49,-61.993,-4.66,-63.038,-3.9299,-0.6755
1190,23.79999999999958,224314.0,0.02,0.89014,-0.03857,0.44214,-4.986,-63.499,-4.755,-63.184,-4.5559,-6.9426
1191,23.81999999999958,224334.0,0.02,0.88452,-0.05273,0.42725,-7.036,-64.048,-4.826,-63.274,-1.2811,-3.7289
1192,23.83999999999958,224354.0,0.02,0.91431,-0.05493,0.44165,-7.09,-64.045,-4.837,-63.263,1.7495,1.3704
1193,23.85999999999958,224374.0,0.02,0.96143,-0.06152,0.46362,-7.559,-64.059,-4.893,-63.153,-0.0826,6.3933
1194,23.87999999999958,224394.0,0.02,0.92969,-0.02783,0.45605,-3.492,-63.828,-4.927,-63.159,-3.1666,0.378
1195,23.89999999999958,224414.0,0.02,0.9248,-0.04102,0.44873,-5.223,-64.023,-4.958,-63.298,-1.2658,-6.1945
1196,23.91999999999958,224434.0,0.02,0.92773,-0.05078,0.47607,-6.089,-62.703,-4.942,-63.426,1.9937,-7.1564
1197,23.93999999999958,224454.0,0.02,0.95166,-0.05176,0.45972,-6.424,-64.075,-4.96,-63.503,0.5663,-3.2709
1198,23.959999999999578,224474.0,0.02,0.93188,-0.0332,0.4436,-4.281,-64.482,-4.985,-63.46,-1.9528,3.1948
1199,23.979999999999578,224494.0,0.02,0.91968,-0.04736,0.47314,-5.716,-62.659,-5.002,-63.45,-0.1131,-0.2938
1200,23.999999999999577,224514.0,0.02,0.94458,-0.05347,0.4917,-6.206,-62.363,-4.982,-63.572,2.2075,-7.3396
1201,24.019999999999577,224534.0,0.02,0.9209,-0.04004,0.46899,-4.88,-62.927,-4.988,-63.756,-0.4108,-10.0113
1202,24.039999999999576,224554.0,0.02,0.90112,-0.04102,0.41675,-5.621,-65.075,-5.06,-63.784,-2.9834,-0.1258
1203,24.059999999999576,224574.0,0.02,0.89966,-0.05957,0.4585,-7.403,-62.801,-5.101,-63.671,0.2609,4.7673
1204,24.079999999999576,224594.0,0.02,0.93799,-0.05347,0.46558,-6.551,-63.452,-5.095,-63.718,1.8182,-2.6296
1205,24.099999999999575,224614.0,0.02,0.93188,-0.02954,0.42896,-3.94,-65.231,-5.069,-63.844,0.1388,-4.851
1206,24.119999999999575,224634.0,0.02,0.91748,-0.04248,0.42676,-5.685,-64.947,-5.052,-63.836,1.5052,1.523
1207,24.139999999999574,224654.0,0.02,0.9292,-0.0564,0.48437,-6.641,-62.309,-4.998,-63.731,4.3373,3.7749
1208,24.159999999999574,224674.0,0.02,0.95605,-0.05005,0.48975,-5.835,-62.755,-4.98,-63.776,1.7876,-3.248
1209,24.179999999999573,224694.0,0.02,0.94873,-0.02295,0.45068,-2.915,-64.562,-4.998,-63.93,-3.0292,-7.0953
1210,24.199999999999573,224714.0,0.02,0.92822,-0.03125,0.4043,-4.42,-66.401,-5.017,-64.109,-1.5711,-6.5915
1211,24.219999999999573,224734.0,0.02,0.90234,-0.05737,0.4248,-7.692,-64.59,-4.98,-64.148,4.6273,-1.5228
1212,24.239999999999572,224754.0,0.02,0.89673,-0.06689,0.46655,-8.159,-62.273,-4.912,-64.067,6.7037,2.2253
1213,24.25999999999957,224774.0,0.02,0.92407,-0.04419,0.46704,-5.405,-63.084,-4.873,-64.063,2.5128,-0.7594
1214,24.27999999999957,224794.0,0.02,0.9353,-0.03931,0.44946,-4.998,-64.248,-4.892,-64.13,-0.8536,-3.248
1215,24.29999999999957,224814.0,0.02,0.91113,-0.04248,0.44263,-5.482,-63.986,-4.877,-64.149,1.3831,-1.1258
1216,24.31999999999957,224834.0,0.02,0.91772,-0.04883,0.46362,-6.012,-63.07,-4.816,-64.101,4.2533,1.378
1217,24.33999999999957,224854.0,0.02,0.93311,-0.02808,0.4729,-3.398,-63.083,-4.765,-64.097,1.1693,-0.8434
1218,24.35999999999957,224874.0,0.02,0.92383,-0.01929,0.43555,-2.536,-64.736,-4.772,-64.154,-2.6322,-2.2785
1219,24.37999999999957,224894.0,0.02,0.9187,-0.04541,0.43652,-5.939,-64.465,-4.794,-64.203,0.0777,-2.1945
1220,24.39999999999957,224914.0,0.02,0.92554,-0.05835,0.46118,-7.211,-63.332,-4.775,-64.19,3.4289,-0.2022
1221,24.41999999999957,224934.0,0.02,0.92676,-0.04321,0.46973,-5.256,-63.024,-4.758,-64.161,1.3373,0.2635
1222,24.439999999999568,224954.0,0.02,0.93213,-0.03394,0.45068,-4.306,-64.133,-4.804,-64.204,-2.7773,-2.2098
1223,24.459999999999567,224974.0,0.02,0.90601,-0.03174,0.41748,-4.347,-65.197,-4.828,-64.293,-1.7162,-3.5304
1224,24.479999999999567,224994.0,0.02,0.91943,-0.03662,0.4248,-4.927,-65.121,-4.769,-64.316,3.1235,-0.3167
1225,24.499999999999567,225014.0,0.02,0.94263,-0.04614,0.45459,-5.796,-64.139,-4.708,-64.284,4.1388,1.4696
1226,24.519999999999566,225034.0,0.02,0.95142,-0.03784,0.47559,-4.549,-63.368,-4.681,-64.309,1.2456,-2.2098
1227,24.539999999999566,225054.0,0.02,0.94141,-0.04321,0.44946,-5.492,-64.376,-4.715,-64.388,-0.8994,-3.9579
1228,24.559999999999565,225074.0,0.02,0.89917,-0.05469,0.43823,-7.113,-63.842,-4.751,-64.42,0.6197,-2.2022
1229,24.579999999999565,225094.0,0.02,0.90625,-0.05493,0.45874,-6.828,-62.987,-4.753,-64.336,2.0014,2.7978
1230,24.599999999999564,225114.0,0.02,0.979,-0.04956,0.46606,-6.07,-64.418,-4.802,-64.319,-1.1513,0.9734
1231,24.619999999999564,225134.0,0.02,0.96851,-0.03027,0.43726,-3.961,-65.651,-4.875,-64.461,-4.5864,-5.9121
1232,24.639999999999564,225154.0,0.02,0.89258,-0.02563,0.38232,-3.836,-66.766,-4.908,-64.623,-2.7773,-5.9045
1233,24.659999999999563,225174.0,0.02,0.87793,-0.03833,0.38916,-5.625,-65.991,-4.846,-64.597,3.9403,2.752
1234,24.679999999999563,225194.0,0.02,0.92773,-0.03418,0.4519,-4.325,-63.965,-4.675,-64.451,8.1693,6.8055
1235,24.699999999999562,225214.0,0.02,0.99219,-0.04028,0.49268,-4.674,-63.517,-4.554,-64.39,6.1922,2.1642
1236,24.719999999999562,225234.0,0.02,0.96582,-0.03247,0.47095,-3.944,-63.952,-4.515,-64.444,1.3602,-3.2174
1237,24.73999999999956,225254.0,0.02,0.90234,-0.04761,0.4436,-6.126,-63.691,-4.561,-64.48,-0.6933,-2.6296
1238,24.75999999999956,225274.0,0.02,0.86499,-0.05249,0.44116,-6.785,-62.814,-4.615,-64.426,-0.5177,1.065
1239,24.77999999999956,225294.0,0.02,0.92896,-0.01514,0.42139,-2.057,-65.586,-4.583,-64.346,-0.9528,5.2864
1240,24.79999999999956,225314.0,0.02,1.00269,-0.00879,0.41699,-1.207,-67.414,-4.484,-64.414,1.5892,-0.3548
1241,24.81999999999956,225334.0,0.02,0.96313,-0.04565,0.46216,-5.642,-64.257,-4.4,-64.587,5.4747,-9.0037
1242,24.83999999999956,225354.0,0.02,0.90356,-0.05591,0.48877,-6.525,-61.433,-4.389,-64.691,2.7342,-8.4846
1243,24.85999999999956,225374.0,0.02,0.89722,-0.01685,0.44385,-2.174,-63.662,-4.436,-64.673,-4.6856,-0.1335
1244,24.87999999999956,225394.0,0.02,0.93555,-0.00366,0.40015,-0.524,-66.842,-4.477,-64.623,-6.075,4.7444
1245,24.899999999999558,225414.0,0.02,0.94849,-0.0481,0.43457,-6.315,-65.252,-4.478,-64.622,1.8411,0.6833
1246,24.919999999999558,225434.0,0.02,0.89282,-0.05859,0.47168,-7.081,-61.971,-4.409,-64.666,6.154,-4.9579
1247,24.939999999999557,225454.0,0.02,0.90356,-0.02051,0.45703,-2.569,-63.146,-4.374,-64.645,-0.0979,-0.477
1248,24.959999999999557,225474.0,0.02,0.99097,-0.01855,0.43677,-2.433,-66.195,-4.414,-64.609,-4.0139,3.4467
1249,24.979999999999556,225494.0,0.02,0.97852,-0.0376,0.44995,-4.777,-65.23,-4.437,-64.677,-0.7773,-2.851
1250,24.999999999999556,225514.0,0.02,0.90698,-0.05322,0.45068,-6.735,-63.419,-4.449,-64.714,1.7266,-3.1793
1251,25.019999999999555,225534.0,0.02,0.89819,-0.04297,0.45361,-5.411,-63.102,-4.488,-64.661,-1.0139,1.065
1252,25.039999999999555,225554.0,0.02,0.9502,-0.02002,0.42993,-2.666,-65.632,-4.54,-64.643,-4.4948,1.9047
1253,25.059999999999555,225574.0,0.02,0.97046,-0.03149,0.40967,-4.396,-67.053,-4.582,-64.72,-2.304,-1.4541
1254,25.079999999999554,225594.0,0.02,0.91797,-0.0459,0.41504,-6.311,-65.54,-4.575,-64.745,2.1311,-0.4312
1255,25.099999999999554,225614.0,0.02,0.90771,-0.03271,0.42993,-4.351,-64.592,-4.512,-64.682,2.9556,3.0574
1256,25.119999999999553,225634.0,0.02,0.94775,-0.03491,0.43945,-4.542,-65.055,-4.493,-64.681,1.0243,0.3933
1257,25.139999999999553,225654.0,0.02,0.95703,-0.04199,0.44312,-5.414,-65.058,-4.5,-64.744,0.5815,-2.79
1258,25.159999999999553,225674.0,0.02,0.91113,-0.05493,0.45532,-6.879,-63.281,-4.535,-64.735,0.6426,-1.0266
1259,25.179999999999552,225694.0,0.02,0.92163,-0.04126,0.46094,-5.115,-63.337,-4.569,-64.699,-1.1513,0.3627
1260,25.19999999999955,225714.0,0.02,0.95215,-0.01367,0.4231,-1.851,-66.031,-4.581,-64.739,-3.3727,-0.6602
1261,25.21999999999955,225734.0,0.02,0.91968,-0.02979,0.40649,-4.191,-66.098,-4.583,-64.807,-0.4948,-2.0648
1262,25.23999999999955,225754.0,0.02,0.90796,-0.05762,0.4353,-7.54,-64.191,-4.545,-64.783,4.9174,0.5994
1263,25.25999999999955,225774.0,0.02,0.93848,-0.05054,0.48096,-5.998,-62.738,-4.515,-64.698,3.0243,2.2177
1264,25.27999999999955,225794.0,0.02,0.93359,-0.03101,0.46338,-3.828,-63.552,-4.573,-64.692,-3.6704,-0.8281
1265,25.29999999999955,225814.0,0.02,0.93457,-0.02197,0.40601,-3.098,-66.488,-4.652,-64.75,-5.533,-1.1411
1266,25.31999999999955,225834.0,0.02,0.93872,-0.0498,0.40869,-6.948,-66.318,-4.685,-64.825,0.6579,-2.248
1267,25.33999999999955,225854.0,0.02,0.92944,-0.04126,0.42114,-5.595,-65.521,-4.619,-64.904,4.2991,-3.2938
1268,25.35999999999955,225874.0,0.02,0.94165,-0.02466,0.44312,-3.185,-64.765,-4.557,-64.892,1.7418,0.462
1269,25.379999999999548,225894.0,0.02,0.92651,-0.03027,0.43994,-3.936,-64.548,-4.574,-64.888,-1.5177,-0.1411
1270,25.399999999999547,225914.0,0.02,0.91455,-0.04028,0.41455,-5.55,-65.515,-4.602,-64.961,-0.4414,-3.08
1271,25.419999999999547,225934.0,0.02,0.91992,-0.03076,0.41284,-4.261,-65.771,-4.544,-65.033,2.5892,-2.851
1272,25.439999999999547,225954.0,0.02,0.94629,-0.03564,0.44995,-4.529,-64.5,-4.468,-65.032,3.9098,-0.5075
1273,25.459999999999546,225974.0,0.02,0.94092,-0.03711,0.47144,-4.501,-63.316,-4.454,-64.962,0.7037,1.8055
1274,25.479999999999546,225994.0,0.02,0.91187,-0.02515,0.43384,-3.317,-64.519,-4.462,-64.95,-1.5406,0.2024
1275,25.499999999999545,226014.0,0.02,0.94897,-0.01953,0.40771,-2.743,-66.726,-4.418,-64.98,0.4899,0.2787
1276,25.519999999999545,226034.0,0.02,0.94653,-0.04175,0.45044,-5.295,-64.456,-4.332,-64.957,5.2838,0.6375
1277,25.539999999999544,226054.0,0.02,0.94189,-0.04517,0.48901,-5.277,-62.463,-4.274,-64.907,3.9403,-0.0113
1278,25.559999999999544,226074.0,0.02,0.94824,-0.03638,0.46631,-4.461,-63.745,-4.313,-64.922,-1.8231,-1.935
1279,25.579999999999544,226094.0,0.02,0.9502,-0.02417,0.40942,-3.378,-66.653,-4.388,-65.017,-4.7696,-3.08
1280,25.599999999999543,226114.0,0.02,0.94385,-0.0354,0.4082,-4.956,-66.534,-4.403,-65.049,-0.1818,-0.08
1281,25.619999999999543,226134.0,0.02,0.92285,-0.03638,0.43823,-4.745,-64.522,-4.347,-65.019,3.1922,0.9734
1282,25.639999999999542,226154.0,0.02,0.93091,-0.03613,0.43408,-4.758,-64.925,-4.338,-64.991,0.8563,1.3398
1283,25.659999999999542,226174.0,0.02,0.93604,-0.03516,0.42285,-4.753,-65.615,-4.368,-65.023,-1.0826,-1.019
1284,25.67999999999954,226194.0,0.02,0.94092,-0.02783,0.41797,-3.81,-66.001,-4.358,-65.148,-0.0368,-5.3548
1285,25.69999999999954,226214.0,0.02,0.95361,-0.0249,0.42041,-3.39,-66.172,-4.294,-65.205,2.238,-1.8587
1286,25.71999999999954,226234.0,0.02,0.94556,-0.03955,0.43506,-5.194,-65.203,-4.256,-65.126,2.8792,4.0039
1287,25.73999999999954,226254.0,0.02,0.94629,-0.04663,0.45264,-5.882,-64.319,-4.252,-65.084,1.864,1.3093
1288,25.75999999999954,226274.0,0.02,0.94092,-0.02734,0.43555,-3.592,-65.118,-4.247,-65.202,-0.4108,-5.9579
1289,25.77999999999954,226294.0,0.02,0.92285,-0.02734,0.41553,-3.765,-65.713,-4.251,-65.327,-0.7315,-5.8816
1290,25.79999999999954,226314.0,0.02,0.91187,-0.03564,0.41748,-4.88,-65.321,-4.243,-65.337,1.093,-0.4999
1291,25.81999999999954,226334.0,0.02,0.91455,-0.03638,0.42822,-4.856,-64.83,-4.226,-65.221,1.467,5.3856
1292,25.839999999999538,226354.0,0.02,0.93115,-0.01978,0.42993,-2.634,-65.193,-4.168,-65.185,1.3144,1.8055
1293,25.859999999999538,226374.0,0.02,0.94482,-0.02759,0.43311,-3.645,-65.329,-4.121,-65.243,1.8716,-2.7823
1294,25.879999999999537,226394.0,0.02,0.9231,-0.03369,0.45459,-4.239,-63.719,-4.055,-65.277,3.5205,-3.2938
1295,25.899999999999537,226414.0,0.02,0.92383,-0.02808,0.43701,-3.676,-64.638,-4.011,-65.256,1.8411,0.4238
1296,25.919999999999536,226434.0,0.02,0.94849,-0.0249,0.45239,-3.151,-64.467,-4.001,-65.228,-0.3421,0.6223
1297,25.939999999999536,226454.0,0.02,0.94434,-0.02759,0.44189,-3.572,-64.88,-4.022,-65.262,-1.5253,-2.1106
1298,25.959999999999535,226474.0,0.02,0.92261,-0.02393,0.41211,-3.323,-65.895,-4.04,-65.279,-1.6627,-0.2327
1299,25.979999999999535,226494.0,0.02,0.93823,-0.0271,0.40869,-3.794,-66.416,-4.019,-65.254,0.8258,2.4543
1300,25.999999999999535,226514.0,0.02,0.97729,-0.0354,0.43652,-4.636,-65.861,-3.973,-65.269,2.9937,-0.1564
1301,26.019999999999534,226534.0,0.02,0.93384,-0.02686,0.44824,-3.429,-64.319,-3.932,-65.332,1.5586,-4.1945
1302,26.039999999999534,226554.0,0.02,0.89819,-0.01587,0.4165,-2.182,-65.106,-3.929,-65.319,-1.678,0.4696
1303,26.059999999999533,226574.0,0.02,0.94604,-0.01636,0.41919,-2.235,-66.086,-3.887,-65.254,0.4212,4.0803
1304,26.079999999999533,226594.0,0.02,0.95947,-0.02979,0.44946,-3.791,-64.851,-3.828,-65.276,2.925,-1.5075
1305,26.099999999999532,226614.0,0.02,0.94751,-0.02661,0.43677,-3.487,-65.212,-3.785,-65.348,1.864,-3.7594
1306,26.119999999999532,226634.0,0.02,0.93335,-0.03345,0.42847,-4.464,-65.276,-3.805,-65.317,-0.365,1.523
1307,26.13999999999953,226654.0,0.02,0.94653,-0.04004,0.44922,-5.093,-64.523,-3.84,-65.278,-0.4337,1.149
1308,26.15999999999953,226674.0,0.02,0.95752,-0.03149,0.45142,-3.991,-64.705,-3.849,-65.333,-0.2963,-3.3701
1309,26.17999999999953,226694.0,0.02,0.92163,-0.01709,0.40186,-2.435,-66.423,-3.852,-65.351,-1.6322,0.1719
1310,26.19999999999953,226714.0,0.02,0.90918,-0.03345,0.40356,-4.738,-65.992,-3.862,-65.235,0.4289,6.6146
1311,26.21999999999953,226734.0,0.02,0.94604,-0.04663,0.44873,-5.933,-64.505,-3.821,-65.205,4.1998,0.7597
1312,26.23999999999953,226754.0,0.02,0.94873,-0.03271,0.46362,-4.036,-63.9,-3.79,-65.252,1.7647,-3.7442
1313,26.25999999999953,226774.0,0.02,0.93115,-0.00659,0.42041,-0.898,-65.698,-3.792,-65.288,-3.0597,-1.3701
1314,26.27999999999953,226794.0,0.02,0.92041,-0.01318,0.37915,-1.991,-67.599,-3.775,-65.275,-0.9223,3.0116
1315,26.299999999999528,226814.0,0.02,0.93945,-0.04639,0.44189,-5.993,-64.688,-3.699,-65.175,6.093,4.523
1316,26.319999999999528,226834.0,0.02,0.95557,-0.04175,0.48193,-4.951,-63.15,-3.593,-65.162,6.7113,-1.4006
1317,26.339999999999527,226854.0,0.02,0.91895,-0.01953,0.4502,-2.484,-63.878,-3.585,-65.195,-0.7162,-3.0037
1318,26.359999999999527,226874.0,0.02,0.92847,-0.03394,0.41333,-4.694,-65.931,-3.684,-65.22,-3.9299,-0.5457
1319,26.379999999999526,226894.0,0.02,0.96802,-0.04492,0.42456,-6.04,-66.201,-3.735,-65.22,-0.1818,1.0039
1320,26.399999999999526,226914.0,0.02,0.93262,-0.01489,0.42065,-2.028,-65.709,-3.678,-65.236,1.1693,-0.2785
1321,26.419999999999526,226934.0,0.02,0.91968,-0.01196,0.41748,-1.641,-65.576,-3.649,-65.2,-0.6246,2.1642
1322,26.439999999999525,226954.0,0.02,0.92896,-0.03174,0.42578,-4.263,-65.316,-3.645,-65.179,0.8487,1.1719
1323,26.459999999999525,226974.0,0.02,0.96436,-0.04224,0.44531,-5.418,-65.116,-3.635,-65.237,2.3067,-3.0113
1324,26.479999999999524,226994.0,0.02,0.94287,-0.02222,0.43506,-2.923,-65.202,-3.625,-65.301,-0.2047,-3.2785
1325,26.499999999999524,227014.0,0.02,0.9082,-0.01392,0.43091,-1.85,-64.606,-3.65,-65.299,-3.1055,-0.6449
1326,26.519999999999524,227034.0,0.02,0.93408,-0.02124,0.39771,-3.057,-66.908,-3.663,-65.348,-1.2734,-0.8587
1327,26.539999999999523,227054.0,0.02,0.9502,-0.02466,0.40405,-3.492,-66.925,-3.603,-65.397,2.9021,-0.8739
1328,26.559999999999523,227074.0,0.02,0.94019,-0.02661,0.42529,-3.58,-65.618,-3.524,-65.363,3.9937,1.9658
1329,26.579999999999522,227094.0,0.02,0.95605,-0.02808,0.47168,-3.406,-63.7,-3.48,-65.295,2.1235,1.752
1330,26.599999999999522,227114.0,0.02,0.94824,-0.03198,0.47388,-3.861,-63.395,-3.509,-65.368,-1.0673,-5.6602
1331,26.61999999999952,227134.0,0.02,0.92847,-0.01831,0.4126,-2.541,-66.019,-3.546,-65.533,-2.8612,-7.7594
1332,26.63999999999952,227154.0,0.02,0.89282,-0.01929,0.39062,-2.827,-66.344,-3.543,-65.538,-0.6017,0.6146
1333,26.65999999999952,227174.0,0.02,0.93896,-0.04199,0.43677,-5.492,-64.953,-3.523,-65.443,3.0243,4.2253
1334,26.67999999999952,227194.0,0.02,0.98511,-0.03442,0.46704,-4.215,-64.574,-3.51,-65.445,1.3296,-0.9655
1335,26.69999999999952,227214.0,0.02,0.94019,-0.01245,0.42334,-1.685,-65.75,-3.533,-65.55,-3.0215,-5.0571
1336,26.71999999999952,227234.0,0.02,0.90308,-0.02197,0.36548,-3.44,-67.931,-3.57,-65.652,-1.9528,-2.7671
1337,26.73999999999952,227254.0,0.02,0.90869,-0.03809,0.38574,-5.639,-66.898,-3.517,-65.607,4.8029,3.5688
1338,26.75999999999952,227274.0,0.02,0.93188,-0.0293,0.44604,-3.758,-64.374,-3.381,-65.501,7.154,4.149
1339,26.779999999999518,227294.0,0.02,0.97559,-0.01196,0.45264,-1.514,-65.103,-3.28,-65.452,3.2609,2.0726
1340,26.799999999999518,227314.0,0.02,0.98022,-0.02759,0.45142,-3.497,-65.232,-3.299,-65.541,-0.7467,-4.7747
1341,26.819999999999517,227334.0,0.02,0.93262,-0.03223,0.41602,-4.43,-65.896,-3.338,-65.7,-0.8231,-7.7442
1342,26.839999999999517,227354.0,0.02,0.90674,-0.01758,0.40894,-2.461,-65.705,-3.312,-65.739,0.4136,-1.9884
1343,26.859999999999516,227374.0,0.02,0.93872,-0.01074,0.41626,-1.478,-66.079,-3.265,-65.65,0.5586,4.8971
1344,26.879999999999516,227394.0,0.02,0.96509,-0.02808,0.43628,-3.682,-65.63,-3.274,-65.606,-0.0368,2.2253
1345,26.899999999999515,227414.0,0.02,0.95142,-0.02856,0.43628,-3.746,-65.319,-3.264,-65.731,0.9861,-6.6449
1346,26.919999999999515,227434.0,0.02,0.91797,-0.02222,0.43286,-2.938,-64.725,-3.229,-65.766,1.4441,-2.851
1347,26.939999999999515,227454.0,0.02,0.90723,-0.02563,0.4541,-3.231,-63.374,-3.24,-65.678,-0.5711,2.0726
1348,26.959999999999514,227474.0,0.02,0.97974,-0.01685,0.41772,-2.309,-66.892,-3.276,-65.728,-2.7925,-1.3319
1349,26.979999999999514,227494.0,0.02,0.97607,-0.01416,0.39429,-2.057,-67.991,-3.287,-65.905,-1.7925,-6.706
1350,26.999999999999513,227514.0,0.02,0.90112,-0.02393,0.3938,-3.477,-66.355,-3.259,-65.99,1.6502,-3.8816
1351,27.019999999999513,227534.0,0.02,0.91113,-0.02686,0.43994,-3.493,-64.185,-3.204,-65.893,3.0395,3.1261
1352,27.039999999999512,227554.0,0.02,0.96533,-0.01318,0.42871,-1.761,-66.044,-3.17,-65.8,0.2304,4.8742
1353,27.059999999999512,227574.0,0.02,0.97705,-0.03271,0.41406,-4.518,-66.969,-3.204,-65.853,-0.3345,-1.5304
1354,27.07999999999951,227594.0,0.02,0.95483,-0.02954,0.40015,-4.222,-67.207,-3.195,-65.999,1.5128,-6.019
1355,27.09999999999951,227614.0,0.02,0.90503,-0.0271,0.42358,-3.661,-64.874,-3.143,-66.026,3.1006,-2.538
1356,27.11999999999951,227634.0,0.02,0.92505,-0.01831,0.42627,-2.46,-65.239,-3.089,-65.926,2.0624,4.2711
1357,27.13999999999951,227654.0,0.02,0.96313,-0.01563,0.42212,-2.12,-66.319,-3.044,-65.815,1.322,6.1032
1358,27.15999999999951,227674.0,0.02,0.97803,-0.03125,0.4292,-4.164,-66.25,-3.018,-65.861,2.4289,-1.9197
1359,27.17999999999951,227694.0,0.02,0.95166,-0.02319,0.42651,-3.113,-65.828,-2.986,-65.976,1.7647,-5.9121
1360,27.19999999999951,227714.0,0.02,0.91553,-0.01782,0.41699,-2.447,-65.493,-2.989,-66.038,-0.7085,-3.6678
1361,27.21999999999951,227734.0,0.02,0.92407,-0.01953,0.41724,-2.68,-65.676,-3.017,-65.965,-1.7315,3.3627
1362,27.239999999999508,227754.0,0.02,0.93872,-0.01514,0.41016,-2.114,-66.384,-3.004,-65.905,-0.2658,3.5001
1363,27.259999999999508,227774.0,0.02,0.95728,-0.02222,0.41772,-3.044,-66.395,-2.951,-65.975,2.7342,-3.08
1364,27.279999999999507,227794.0,0.02,0.91968,-0.02954,0.43433,-3.891,-64.669,-2.917,-66.002,2.6884,-2.6984
1365,27.299999999999507,227814.0,0.02,0.92261,-0.03149,0.43164,-4.173,-64.869,-2.95,-65.931,-0.3803,2.4772
1366,27.319999999999506,227834.0,0.02,0.96387,-0.02173,0.42944,-2.897,-65.958,-2.981,-65.858,-1.6322,3.7215
1367,27.339999999999506,227854.0,0.02,0.97339,-0.01172,0.41699,-1.61,-66.802,-2.989,-65.948,-1.8307,-3.622
1368,27.359999999999506,227874.0,0.02,0.95776,-0.01025,0.39233,-1.497,-67.717,-2.943,-66.084,0.8411,-5.1487
1369,27.379999999999505,227894.0,0.02,0.93408,-0.03564,0.42065,-4.843,-65.679,-2.922,-66.079,3.009,-0.1487
1370,27.399999999999505,227914.0,0.02,0.91528,-0.03076,0.44092,-3.991,-64.224,-2.904,-66.018,1.9937,1.2482
1371,27.419999999999504,227934.0,0.02,0.92285,-0.02393,0.42236,-3.242,-65.373,-2.959,-65.982,-2.4414,1.1871
1372,27.439999999999504,227954.0,0.02,0.98315,-0.02124,0.39404,-3.085,-68.131,-3.022,-66.042,-3.1131,-0.8892
1373,27.459999999999503,227974.0,0.02,0.99243,-0.03003,0.39233,-4.377,-68.373,-3.028,-66.157,1.0701,-3.4922
1374,27.479999999999503,227994.0,0.02,0.90674,-0.04224,0.41162,-5.859,-65.471,-3.021,-66.216,3.2685,-3.7213
1375,27.499999999999503,228014.0,0.02,0.89404,-0.02808,0.40308,-3.984,-65.68,-3.041,-66.119,-0.0597,4.4238
1376,27.519999999999502,228034.0,0.02,1.01294,-0.02197,0.39282,-3.202,-68.773,-3.078,-65.954,-1.6933,11.1337
1377,27.5399999999995,228054.0,0.02,1.0437,0.00073,0.4082,0.103,-68.639,-2.979,-66.03,1.78,-1.1335
1378,27.5599999999995,228074.0,0.02,0.92651,0.00293,0.41724,0.402,-65.756,-2.813,-66.273,5.009,-12.7213
1379,27.5799999999995,228094.0,0.02,0.85913,-0.01807,0.44702,-2.314,-62.492,-2.712,-66.313,4.6808,-5.8739
1380,27.5999999999995,228114.0,0.02,0.93164,-0.02148,0.4541,-2.709,-63.989,-2.684,-66.159,1.4212,5.4772
1381,27.6199999999995,228134.0,0.02,0.96826,-0.00464,0.45117,-0.589,-65.015,-2.675,-66.074,-1.7009,3.1566
1382,27.6399999999995,228154.0,0.02,0.94653,-0.00806,0.43213,-1.068,-65.458,-2.654,-66.114,-0.533,-2.6449
1383,27.6599999999995,228174.0,0.02,0.92163,-0.03564,0.43872,-4.645,-64.471,-2.667,-66.141,1.322,-3.0648
1384,27.6799999999995,228194.0,0.02,0.91968,-0.021,0.43921,-2.737,-64.447,-2.687,-66.127,-0.9223,-1.0266
1385,27.6999999999995,228214.0,0.02,0.92187,-0.01294,0.40308,-1.839,-66.373,-2.754,-66.042,-4.2658,4.6146
1386,27.719999999999498,228234.0,0.02,0.948,-0.01733,0.40137,-2.473,-67.034,-2.801,-66.003,-2.7085,2.9734
1387,27.739999999999498,228254.0,0.02,0.96997,-0.01831,0.39502,-2.654,-67.82,-2.761,-66.11,1.8716,-3.5915
1388,27.759999999999497,228274.0,0.02,0.94727,-0.02417,0.39917,-3.465,-67.112,-2.708,-66.193,3.4365,-3.1869
1389,27.779999999999497,228294.0,0.02,0.90503,-0.03149,0.43359,-4.154,-64.342,-2.712,-66.128,1.2762,1.4085
1390,27.799999999999496,228314.0,0.02,0.91235,-0.021,0.44141,-2.723,-64.156,-2.753,-66.042,-2.0521,2.378
1391,27.819999999999496,228334.0,0.02,0.96606,-0.00928,0.39844,-1.334,-67.582,-2.771,-66.101,-2.3803,-1.4464
1392,27.839999999999495,228354.0,0.02,0.95752,-0.01147,0.3689,-1.782,-68.921,-2.748,-66.232,0.1388,-3.8205
1393,27.859999999999495,228374.0,0.02,0.92603,-0.04077,0.39697,-5.864,-66.687,-2.729,-66.313,4.154,-3.6755
1394,27.879999999999495,228394.0,0.02,0.93188,-0.03564,0.43335,-4.702,-64.986,-2.721,-66.271,2.4441,0.836
1395,27.899999999999494,228414.0,0.02,0.94971,-0.01318,0.41943,-1.8,-66.161,-2.75,-66.258,-2.4108,0.523
1396,27.919999999999494,228434.0,0.02,0.95386,-0.01099,0.37476,-1.679,-68.543,-2.775,-66.365,-2.3803,-3.1029
1397,27.939999999999493,228454.0,0.02,0.90601,-0.01343,0.35571,-2.162,-68.55,-2.699,-66.527,3.2685,-6.0495
1398,27.959999999999493,228474.0,0.02,0.94287,-0.02441,0.38574,-3.621,-67.71,-2.563,-66.525,7.8716,1.3169
1399,27.979999999999492,228494.0,0.02,0.96411,-0.02905,0.46362,-3.586,-64.274,-2.451,-66.389,6.7571,4.6223
1400,27.999999999999492,228514.0,0.02,0.97241,-0.00244,0.44531,-0.314,-65.394,-2.422,-66.425,-0.6933,-2.8205
1401,28.01999999999949,228534.0,0.02,0.96094,0.00635,0.39917,0.911,-67.44,-2.424,-66.643,-3.533,-10.1182
1402,28.03999999999949,228554.0,0.02,0.92407,-0.02124,0.36963,-3.289,-68.166,-2.434,-66.85,0.3754,-9.0037
1403,28.05999999999949,228574.0,0.02,0.93188,-0.02588,0.38843,-3.812,-67.328,-2.402,-66.822,3.0624,1.92
1404,28.07999999999949,228594.0,0.02,0.95898,-0.01733,0.43408,-2.287,-65.629,-2.367,-66.638,1.635,8.1948
1405,28.09999999999949,228614.0,0.02,1.00781,-0.0105,0.43164,-1.393,-66.809,-2.356,-66.665,-0.4414,-1.2098
1406,28.11999999999949,228634.0,0.02,0.95483,-0.00952,0.40942,-1.332,-66.785,-2.347,-66.851,-0.5559,-9.3701
1407,28.13999999999949,228654.0,0.02,0.8894,-0.01929,0.38232,-2.888,-66.712,-2.339,-66.97,0.9708,-6.2098
1408,28.15999999999949,228674.0,0.02,0.90869,-0.02637,0.40747,-3.702,-65.803,-2.304,-66.85,3.1846,4.9352
1409,28.179999999999488,228694.0,0.02,0.9668,-0.02319,0.44507,-2.983,-65.251,-2.297,-66.66,1.0243,8.0345
1410,28.199999999999488,228714.0,0.02,0.99731,-0.00244,0.42041,-0.333,-67.142,-2.313,-66.77,-2.8383,-5.1335
1411,28.219999999999487,228734.0,0.02,0.95679,-0.00659,0.35059,-1.077,-69.873,-2.341,-67.045,-2.678,-10.8434
1412,28.239999999999487,228754.0,0.02,0.89917,-0.01904,0.36426,-2.993,-67.92,-2.296,-67.12,2.9479,-2.9503
1413,28.259999999999486,228774.0,0.02,0.95117,-0.03101,0.41821,-4.24,-66.208,-2.213,-67.011,6.2456,4.6681
1414,28.279999999999486,228794.0,0.02,1.0188,-0.03223,0.44067,-4.183,-66.554,-2.186,-66.944,3.3678,2.9276
1415,28.299999999999486,228814.0,0.02,0.99512,-0.0105,0.40967,-1.468,-67.617,-2.196,-67.036,-1.2429,-4.0037
1416,28.319999999999485,228834.0,0.02,0.92163,-0.00562,0.3811,-0.844,-67.532,-2.187,-67.13,-0.9299,-4.2785
1417,28.339999999999485,228854.0,0.02,0.91162,-0.02051,0.38354,-3.061,-67.153,-2.15,-67.066,2.8105,3.2787
1418,28.359999999999484,228874.0,0.02,0.94531,-0.02075,0.42944,-2.767,-65.543,-2.077,-66.926,4.3525,5.5612
1419,28.379999999999484,228894.0,0.02,0.99561,0.0,0.44116,0.0,-66.101,-2.024,-66.952,0.5968,-2.1487
1420,28.399999999999483,228914.0,0.02,0.97705,0.01294,0.41187,1.799,-67.133,-2.009,-67.066,-3.1666,-5.6449
1421,28.419999999999483,228934.0,0.02,0.91895,-0.00903,0.38721,-1.336,-67.146,-2.031,-67.098,-1.8078,-1.5151
1422,28.439999999999483,228954.0,0.02,0.91602,-0.01489,0.37866,-2.252,-67.525,-2.015,-67.001,1.0319,5.3474
1423,28.459999999999482,228974.0,0.02,0.94775,-0.01709,0.4126,-2.372,-66.456,-1.971,-66.834,2.6197,7.9658
1424,28.47999999999948,228994.0,0.02,1.00781,-0.01636,0.42163,-2.222,-67.282,-1.947,-66.846,1.4899,-0.1182
1425,28.49999999999948,229014.0,0.02,0.97363,0.00391,0.39673,0.564,-67.829,-1.912,-67.001,-0.7925,-6.9121
1426,28.51999999999948,229034.0,0.02,0.92896,-0.0166,0.39648,-2.398,-66.869,-1.913,-67.041,0.4823,-2.1945
1427,28.53999999999948,229054.0,0.02,0.91846,-0.02515,0.42798,-3.363,-64.978,-1.895,-66.877,2.3602,6.2787
1428,28.55999999999948,229074.0,0.02,0.96851,-0.00635,0.41333,-0.88,-66.886,-1.894,-66.764,-0.9681,5.7902
1429,28.57999999999948,229094.0,0.02,1.01636,0.00366,0.38867,0.54,-69.071,-1.893,-66.821,-2.4414,-0.5686
1430,28.59999999999948,229114.0,0.02,0.94531,-0.01172,0.39331,-1.707,-67.401,-1.879,-66.971,0.5052,-7.0648
1431,28.61999999999948,229134.0,0.02,0.84888,-0.01172,0.39111,-1.716,-65.253,-1.83,-66.97,2.3525,-1.6984
1432,28.63999999999948,229154.0,0.02,0.91919,-0.00684,0.40942,-0.957,-65.988,-1.775,-66.814,1.9021,6.9276
1433,28.659999999999478,229174.0,0.02,0.99976,-0.00952,0.43066,-1.267,-66.69,-1.755,-66.735,0.5434,3.9276
1434,28.679999999999477,229194.0,0.02,0.97412,-0.01392,0.427,-1.867,-66.319,-1.803,-66.781,-2.365,-2.7747
1435,28.699999999999477,229214.0,0.02,0.92407,-0.01685,0.42725,-2.258,-65.17,-1.895,-66.719,-4.2124,1.5154
1436,28.719999999999477,229234.0,0.02,0.93188,-0.02319,0.42139,-3.15,-65.636,-2.042,-66.55,-6.22,7.5001
1437,28.739999999999476,229254.0,0.02,0.98022,-0.00195,0.39478,-0.283,-68.063,-2.161,-66.53,-7.8994,2.5841
1438,28.759999999999476,229274.0,0.02,0.94653,-0.02026,0.38257,-3.032,-67.965,-2.292,-66.549,-5.7849,0.5078
1439,28.779999999999475,229294.0,0.02,0.90283,-0.01929,0.41748,-2.645,-65.16,-2.356,-66.365,-2.907,7.9505
1440,28.799999999999475,229314.0,0.02,0.94922,-0.00684,0.40796,-0.96,-66.74,-2.423,-66.188,-4.8078,9.4314
1441,28.819999999999474,229334.0,0.02,0.96289,0.00708,0.37207,1.09,-68.869,-2.454,-66.165,-5.1742,3.8742
1442,28.839999999999474,229354.0,0.02,0.93823,-0.03027,0.38989,-4.44,-67.373,-2.471,-66.072,1.1617,5.9963
1443,28.859999999999474,229374.0,0.02,0.90552,-0.03076,0.43945,-4.004,-64.057,-2.413,-65.776,4.4976,13.0421
1444,28.879999999999473,229394.0,0.02,0.94287,-0.01758,0.44678,-2.253,-64.629,-2.429,-65.475,-0.9757,14.21
1445,28.899999999999473,229414.0,0.02,0.96826,-0.01123,0.42334,-1.52,-66.377,-2.539,-65.315,-6.5559,9.0879
1446,28.919999999999472,229434.0,0.02,0.95801,-0.03125,0.39893,-4.479,-67.33,-2.671,-65.211,-4.7238,7.3245
1447,28.939999999999472,229454.0,0.02,0.94482,-0.0332,0.4209,-4.511,-65.922,-2.718,-65.018,-0.533,10.5917
1448,28.95999999999947,229474.0,0.02,0.91357,-0.02441,0.44775,-3.121,-63.856,-2.743,-64.656,-0.8689,17.2711
1449,28.97999999999947,229494.0,0.02,0.8811,-0.02368,0.43335,-3.128,-63.777,-2.855,-64.065,-5.3345,29.294
1450,28.99999999999947,229514.0,0.02,0.9541,-0.01538,0.44458,-1.981,-65.003,-2.982,-63.505,-7.3269,29.5154
1451,29.01999999999947,229534.0,0.02,1.00317,-0.01514,0.46191,-1.877,-65.264,-3.022,-63.323,-3.2047,11.0574
1452,29.03999999999947,229554.0,0.02,0.9397,-0.01392,0.45361,-1.757,-64.222,-2.955,-63.301,2.1159,2.0574
1453,29.05999999999947,229574.0,0.02,0.84009,-0.0188,0.42456,-2.535,-63.166,-2.905,-63.008,2.1311,14.8207
1454,29.07999999999947,229594.0,0.02,0.80908,-0.03711,0.45947,-4.617,-60.328,-2.912,-62.149,1.3831,41.0879
1455,29.09999999999947,229614.0,0.02,0.91528,-0.04028,0.52002,-4.43,-60.323,-2.965,-61.188,-1.136,47.149
1456,29.119999999999468,229634.0,0.02,1.00122,-0.00024,0.54736,-0.026,-61.335,-2.97,-60.871,-3.2582,16.3398
1457,29.139999999999468,229654.0,0.02,0.96558,0.00317,0.49146,0.37,-63.025,-2.982,-60.972,-3.991,-2.9655
1458,29.159999999999467,229674.0,0.02,0.8396,-0.03833,0.48145,-4.552,-60.091,-3.045,-60.69,-1.6246,13.4696
1459,29.179999999999467,229694.0,0.02,0.81396,-0.02856,0.49634,-3.294,-58.584,-3.083,-59.752,-1.7009,45.752
1460,29.199999999999466,229714.0,0.02,0.9165,0.00757,0.50977,0.851,-60.914,-3.107,-58.829,-5.22,48.2635
1461,29.219999999999466,229734.0,0.02,0.92456,0.01782,0.49756,2.051,-61.697,-3.09,-58.371,-4.4337,26.2635
1462,29.239999999999466,229754.0,0.02,0.90894,-0.02051,0.50391,-2.331,-60.976,-3.014,-58.077,3.1311,17.7062
1463,29.259999999999465,229774.0,0.02,0.89062,-0.04126,0.56421,-4.183,-57.577,-2.896,-57.523,7.2151,27.7291
1464,29.279999999999465,229794.0,0.02,0.83691,-0.01733,0.59106,-1.68,-54.757,-2.829,-56.63,2.154,42.7444
1465,29.299999999999464,229814.0,0.02,0.78198,0.01733,0.54126,1.834,-55.297,-2.856,-55.645,-6.1131,48.8742
1466,29.319999999999464,229834.0,0.02,0.83691,-0.02246,0.5293,-2.43,-57.666,-2.907,-54.643,-3.0444,53.1871
1467,29.339999999999463,229854.0,0.02,0.87427,-0.03418,0.59375,-3.295,-55.774,-2.813,-53.478,5.2151,60.6146
1468,29.359999999999463,229874.0,0.02,0.91357,0.0105,0.63379,0.949,-55.245,-2.643,-52.267,4.8258,63.5765
1469,29.379999999999463,229894.0,0.02,0.89819,0.00317,0.64917,0.28,-54.142,-2.58,-51.5,0.238,41.0726
1470,29.399999999999462,229914.0,0.02,0.82715,-0.00684,0.63257,-0.619,-52.591,-2.54,-51.008,0.0166,26.2177
1471,29.41999999999946,229934.0,0.02,0.71362,0.00122,0.60718,0.115,-49.608,-2.472,-50.063,0.7876,46.7749
1472,29.43999999999946,229954.0,0.02,0.7019,0.00635,0.63281,0.575,-47.962,-2.391,-48.619,0.9861,71.5154
1473,29.45999999999946,229974.0,0.02,0.77686,-0.01123,0.68042,-0.946,-48.782,-2.288,-47.357,3.8182,64.5307
1474,29.47999999999946,229994.0,0.02,0.79297,-0.00586,0.70483,-0.476,-48.367,-2.109,-46.463,7.238,46.6452
1475,29.49999999999946,230014.0,0.02,0.7063,-0.00415,0.71704,-0.332,-44.567,-1.908,-45.554,8.4594,44.4772
1476,29.51999999999946,230034.0,0.02,0.70605,-0.03052,0.78369,-2.23,-41.995,-1.772,-44.239,7.2533,63.4391
1477,29.53999999999946,230054.0,0.02,0.74121,-0.00464,0.82861,-0.321,-41.813,-1.718,-42.925,1.2838,64.5765
1478,29.55999999999946,230074.0,0.02,0.73486,0.01245,0.77979,0.915,-43.298,-1.748,-42.019,-4.1895,46.5841
1479,29.57999999999946,230094.0,0.02,0.6499,-0.00269,0.72974,-0.211,-41.688,-1.785,-41.108,-3.4948,46.1795
1480,29.599999999999458,230114.0,0.02,0.58154,0.02026,0.73242,1.585,-38.439,-1.732,-39.794,-0.7238,64.3093
1481,29.619999999999457,230134.0,0.02,0.63159,0.01733,0.7334,1.354,-40.727,-1.603,-38.264,3.4365,78.9963
1482,29.639999999999457,230154.0,0.02,0.65381,-0.00781,0.80054,-0.559,-39.238,-1.419,-36.717,8.3067,79.9429
1483,29.659999999999457,230174.0,0.02,0.64551,0.00586,0.81982,0.409,-38.215,-1.202,-35.399,9.238,68.752
1484,29.679999999999456,230194.0,0.02,0.65503,0.00635,0.89771,0.405,-36.116,-1.034,-34.308,6.9021,56.378
1485,29.699999999999456,230214.0,0.02,0.58667,0.02759,0.91284,1.731,-32.716,-0.971,-33.39,0.406,45.2177
1486,29.719999999999455,230234.0,0.02,0.48242,0.02832,0.81592,1.988,-30.579,-1.0,-32.235,-4.4795,56.1032
1487,29.739999999999455,230254.0,0.02,0.39258,-0.00928,0.78052,-0.681,-26.699,-0.986,-30.405,0.3831,87.7139
1488,29.759999999999454,230274.0,0.02,0.49951,0.01587,0.87305,1.041,-29.772,-0.787,-28.495,8.0777,96.7597
1489,29.779999999999454,230294.0,0.02,0.62427,0.03857,0.93433,2.364,-33.726,-0.511,-27.219,10.8563,70.4467
1490,29.799999999999454,230314.0,0.02,0.56616,0.01099,0.97217,0.647,-30.214,-0.274,-26.42,10.8945,43.8131
1491,29.819999999999453,230334.0,0.02,0.3877,0.01172,0.96558,0.695,-21.875,-0.153,-25.546,5.2304,39.9887
1492,29.839999999999453,230354.0,0.02,0.30469,0.02734,0.89648,1.747,-18.763,-0.144,-23.902,-1.4795,76.92
1493,29.859999999999452,230374.0,0.02,0.40015,0.06226,0.90332,3.943,-23.842,-0.082,-21.961,-1.0215,99.0039
1494,29.879999999999452,230394.0,0.02,0.51465,0.01025,0.98779,0.595,-27.519,0.136,-20.624,10.3983,73.8742
1495,29.89999999999945,230414.0,0.02,0.4314,-0.00537,1.04834,-0.294,-22.367,0.39,-19.782,13.4289,44.752
1496,29.91999999999945,230434.0,0.02,0.30835,0.02319,1.01733,1.306,-16.858,0.462,-18.791,2.7342,47.5612
1497,29.93999999999945,230454.0,0.02,0.26514,0.06567,0.9519,3.947,-15.529,0.428,-17.536,-5.2963,60.6833
1498,29.95999999999945,230474.0,0.02,0.32202,0.05493,0.93359,3.367,-19.0,0.468,-16.324,-0.9757,63.378
1499,29.97999999999945,230494.0,0.02,0.302,0.02759,0.96948,1.63,-17.296,0.662,-15.293,8.7418,53.5536
1500,29.99999999999945,230514.0,0.02,0.21558,-0.01465,0.99146,-0.846,-12.266,0.827,-14.137,9.9403,55.8894
1501,30.01999999999945,230534.0,0.02,0.24585,0.04565,1.04102,2.511,-13.275,0.925,-12.795,3.2838,67.6223
1502,30.03999999999945,230554.0,0.02,0.24829,0.07031,1.00854,3.988,-13.798,0.914,-11.606,-3.6933,61.6604
1503,30.059999999999448,230574.0,0.02,0.21021,0.05542,0.9292,3.413,-12.725,0.95,-10.427,-0.7162,61.3093
1504,30.079999999999448,230594.0,0.02,0.20654,0.03296,1.01855,1.853,-11.457,1.13,-9.344,8.2685,56.3093
1505,30.099999999999447,230614.0,0.02,0.19409,0.0498,1.07275,2.658,-10.245,1.311,-8.726,7.6884,32.4543
1506,30.119999999999447,230634.0,0.02,0.12524,0.05908,1.0022,3.374,-7.111,1.376,-8.149,1.2304,27.7673
1507,30.139999999999446,230654.0,0.02,0.05542,0.04956,0.93701,3.028,-3.38,1.437,-7.174,1.406,44.8818
1508,30.159999999999446,230674.0,0.02,0.10938,0.05371,0.97412,3.156,-6.397,1.597,-5.719,6.406,73.4391
1509,30.179999999999445,230694.0,0.02,0.17676,0.07666,1.04321,4.203,-9.591,1.818,-4.45,8.6197,68.6986
1510,30.199999999999445,230714.0,0.02,0.14502,0.05005,1.09058,2.628,-7.567,1.964,-3.871,6.6426,32.7368
1511,30.219999999999445,230734.0,0.02,0.06836,0.0376,1.03833,2.074,-3.764,2.007,-3.537,2.0624,16.9505
1512,30.239999999999444,230754.0,0.02,-0.01587,0.05957,0.97266,3.505,0.933,1.978,-2.652,-2.991,40.5459
1513,30.259999999999444,230774.0,0.02,-0.05054,0.0752,0.92163,4.664,3.128,1.959,-0.987,-3.7391,79.0574
1514,30.279999999999443,230794.0,0.02,0.05811,0.07031,0.95752,4.2,-3.463,2.087,0.822,4.2304,94.8589
1515,30.299999999999443,230814.0,0.02,0.10425,0.03564,1.09058,1.872,-5.457,2.335,1.746,12.9174,53.5536
1516,30.319999999999443,230834.0,0.02,0.01587,0.04687,1.1189,2.399,-0.812,2.446,1.961,5.551,13.5459
1517,30.339999999999442,230854.0,0.02,-0.09644,0.08179,1.02319,4.57,5.367,2.329,2.439,-8.1208,20.92
1518,30.35999999999944,230874.0,0.02,-0.17578,0.09888,0.87061,6.479,11.344,2.193,3.856,-11.1818,63.2253
1519,30.37999999999944,230894.0,0.02,-0.0293,0.08008,0.86182,5.309,1.939,2.267,5.781,0.6273,100.1337
1520,30.39999999999944,230914.0,0.02,-0.01099,0.01953,1.05835,1.057,0.595,2.597,7.129,18.0701,74.1032
1521,30.41999999999944,230934.0,0.02,-0.11377,0.02954,1.17163,1.444,5.544,2.843,7.755,13.7037,33.5383
1522,30.43999999999944,230954.0,0.02,-0.17773,0.0708,1.0603,3.82,9.495,2.727,8.29,-6.9147,25.5383
1523,30.45999999999944,230974.0,0.02,-0.14746,0.09106,0.9043,5.75,9.216,2.477,9.283,-15.8307,49.7139
1524,30.47999999999944,230994.0,0.02,-0.2041,0.06616,0.86304,4.384,13.268,2.414,11.169,-5.1513,92.1413
1525,30.49999999999944,231014.0,0.02,-0.21851,0.05029,0.96362,2.988,12.759,2.617,13.132,9.7418,98.5536
1526,30.51999999999944,231034.0,0.02,-0.20703,0.03784,1.05347,2.057,11.111,2.872,14.375,13.6273,65.4543
1527,30.539999999999438,231054.0,0.02,-0.19434,0.04663,1.08374,2.464,10.157,2.976,14.863,5.7037,29.21
1528,30.559999999999437,231074.0,0.02,-0.2373,0.08838,1.02319,4.937,13.011,2.91,15.213,-5.3879,19.7597
1529,30.579999999999437,231094.0,0.02,-0.31006,0.10986,0.87207,7.18,19.431,2.789,16.247,-10.5177,48.462
1530,30.599999999999437,231114.0,0.02,-0.31909,0.07251,0.8313,4.985,20.927,2.819,18.115,-0.6856,90.523
1531,30.619999999999436,231134.0,0.02,-0.30469,0.0415,0.94775,2.507,17.806,3.056,19.868,12.3831,89.7597
1532,30.639999999999436,231154.0,0.02,-0.26611,0.04639,1.04663,2.538,14.252,3.322,20.739,14.1235,50.1566
1533,30.659999999999435,231174.0,0.02,-0.2627,0.06299,1.02295,3.524,14.376,3.408,20.903,4.1846,14.8742
1534,30.679999999999435,231194.0,0.02,-0.40186,0.05713,0.96777,3.378,22.515,3.325,21.386,-4.22,22.9887
1535,30.699999999999434,231214.0,0.02,-0.46436,0.09106,0.8877,5.857,27.491,3.234,22.685,-7.2276,60.0421
1536,30.719999999999434,231234.0,0.02,-0.36816,0.09106,0.8606,6.04,23.046,3.284,24.248,-0.3192,79.3551
1537,30.739999999999434,231254.0,0.02,-0.37036,0.05396,0.95972,3.218,21.072,3.486,25.244,10.3602,54.0879
1538,30.759999999999433,231274.0,0.02,-0.44385,0.03027,1.04736,1.656,22.957,3.64,25.434,9.7342,12.0192
1539,30.779999999999433,231294.0,0.02,-0.51855,0.08374,0.91602,5.223,29.412,3.593,25.598,-3.991,4.3245
1540,30.799999999999432,231314.0,0.02,-0.42187,0.11401,0.7832,8.283,28.059,3.479,26.547,-10.6246,45.8742
1541,30.819999999999432,231334.0,0.02,-0.38306,0.08032,0.8501,5.398,24.161,3.514,27.949,-0.1589,73.9734
1542,30.83999999999943,231354.0,0.02,-0.46851,0.05518,0.93604,3.373,26.549,3.652,28.924,7.1769,51.1948
1543,30.85999999999943,231374.0,0.02,-0.49829,0.04712,0.95239,2.832,27.59,3.728,29.086,4.7342,9.607
1544,30.87999999999943,231394.0,0.02,-0.50732,0.05371,0.91846,3.347,28.873,3.666,29.244,-2.8154,8.2635
1545,30.89999999999943,231414.0,0.02,-0.53076,0.12134,0.80518,8.57,33.097,3.451,30.646,-15.9452,67.6299
1546,30.91999999999943,231434.0,0.02,-0.45972,0.0625,0.82788,4.317,28.974,3.202,32.293,-13.6169,85.7215
1547,30.93999999999943,231454.0,0.02,-0.52002,0.02197,0.86279,1.459,31.07,3.157,33.127,-0.5177,43.8207
1548,30.95999999999943,231474.0,0.02,-0.66431,0.03149,0.84692,2.13,38.091,3.104,33.707,-1.6475,24.523
1549,30.97999999999943,231494.0,0.02,-0.64648,0.08032,0.7627,6.012,40.13,2.933,34.881,-11.6551,53.3169
1550,30.999999999999428,231514.0,0.02,-0.5437,0.08154,0.70703,6.579,37.377,2.773,36.304,-11.9147,70.0497
1551,31.019999999999428,231534.0,0.02,-0.54956,0.0354,0.73804,2.746,36.641,2.784,37.476,0.5968,59.4696
1552,31.039999999999427,231554.0,0.02,-0.60449,0.0271,0.83325,1.863,35.945,2.873,38.421,5.467,49.7749
1553,31.059999999999427,231574.0,0.02,-0.67334,0.06177,0.81812,4.318,39.376,2.798,39.291,-5.3116,43.4085
1554,31.079999999999426,231594.0,0.02,-0.69922,0.06982,0.66846,5.963,46.133,2.662,40.691,-10.1513,64.4696
1555,31.099999999999426,231614.0,0.02,-0.60889,0.03491,0.73389,2.724,39.65,2.633,42.386,-1.5406,87.5154
1556,31.119999999999425,231634.0,0.02,-0.6272,0.02734,0.83618,1.873,36.858,2.623,43.535,0.2456,64.2864
1557,31.139999999999425,231654.0,0.02,-0.69849,0.04639,0.77808,3.412,41.864,2.443,44.047,-9.9452,27.836
1558,31.159999999999425,231674.0,0.02,-0.71094,0.09399,0.61646,8.669,48.745,2.183,45.333,-19.6246,60.7749
1559,31.179999999999424,231694.0,0.02,-0.70361,0.03809,0.6416,3.397,47.589,1.987,47.381,-11.2353,102.2329
1560,31.199999999999424,231714.0,0.02,-0.67847,0.01099,0.71729,0.878,43.404,1.908,48.837,-2.9376,78.3017
1561,31.219999999999423,231734.0,0.02,-0.73779,0.03662,0.68994,3.038,46.879,1.832,49.424,-4.9834,31.9887
1562,31.239999999999423,231754.0,0.02,-0.83936,0.08276,0.50806,9.252,58.48,1.78,50.71,-10.2353,56.3703
1563,31.259999999999422,231774.0,0.02,-0.74707,0.02856,0.60107,2.721,51.149,1.69,52.631,-5.5788,97.5383
1564,31.279999999999422,231794.0,0.02,-0.77246,0.0127,0.70142,1.037,47.755,1.65,53.629,-1.3727,55.8971
1565,31.29999999999942,231814.0,0.02,-0.84717,0.04346,0.60254,4.125,54.508,1.499,54.117,-10.2276,23.9734
1566,31.31999999999942,231834.0,0.02,-0.82153,0.0708,0.48047,8.383,59.41,1.296,55.168,-17.3574,48.2406
1567,31.33999999999942,231854.0,0.02,-0.84961,0.04419,0.48267,5.231,60.296,1.152,56.629,-11.3574,69.294
1568,31.35999999999942,231874.0,0.02,-0.8855,0.01855,0.52637,2.019,59.256,1.115,58.267,-2.8078,80.8971
1569,31.37999999999942,231894.0,0.02,-0.73486,0.03418,0.56689,3.45,52.302,1.029,59.409,-6.7773,64.3475
1570,31.39999999999942,231914.0,0.02,-0.75879,0.03442,0.47925,4.108,57.657,0.818,60.093,-13.8765,36.7062
1571,31.41999999999942,231934.0,0.02,-0.88428,0.04224,0.41138,5.862,64.936,0.677,61.579,-12.3727,70.8589
1572,31.43999999999942,231954.0,0.02,-0.90796,0.0144,0.47974,1.72,62.139,0.495,63.358,-10.304,90.1948
1573,31.459999999999418,231974.0,0.02,-0.85962,0.02393,0.45557,3.006,62.045,0.296,64.134,-12.7391,40.9276
1574,31.479999999999418,231994.0,0.02,-0.78101,0.00854,0.38989,1.255,63.465,0.178,64.008,-6.991,-5.7365
1575,31.499999999999417,232014.0,0.02,-0.75342,0.02319,0.39331,3.375,62.393,0.257,63.152,0.78,-42.0037
1576,31.519999999999417,232034.0,0.02,-0.96924,0.06934,0.30884,12.653,71.914,0.563,62.863,2.9632,-23.706
1577,31.539999999999417,232054.0,0.02,-0.854,0.01245,0.50293,1.418,59.498,0.745,62.824,8.4136,1.4696
1578,31.559999999999416,232074.0,0.02,-0.93066,0.00366,0.57764,0.363,58.173,0.789,62.077,2.6273,-33.4006
1579,31.579999999999416,232094.0,0.02,-0.81567,0.00513,0.60645,0.484,53.369,0.565,60.033,-11.136,-95.4083
1580,31.599999999999415,232114.0,0.02,-0.89941,0.06787,0.42114,9.155,64.626,0.392,57.47,-17.5864,-135.4388
1581,31.619999999999415,232134.0,0.02,-0.92554,0.10791,0.1499,35.749,78.714,0.931,56.747,-8.5635,-58.538
1582,31.639999999999414,232154.0,0.02,-0.72241,-0.03979,0.49023,-4.641,55.751,1.323,56.707,25.6502,-1.0571
1583,31.659999999999414,232174.0,0.02,-0.85181,-0.07324,0.82666,-5.063,45.746,1.897,55.059,35.8182,-72.8816
1584,31.679999999999414,232194.0,0.02,-0.88306,0.01221,0.7981,0.876,47.89,1.947,51.587,3.6044,-169.8129
1585,31.699999999999413,232214.0,0.02,-0.82593,0.10693,0.44287,13.575,61.118,1.714,48.827,-23.7544,-150.5457
1586,31.719999999999413,232234.0,0.02,-0.73242,0.0481,0.35156,7.79,64.151,1.671,47.958,-8.3803,-59.9884
1587,31.739999999999412,232254.0,0.02,-0.62134,-0.06616,0.66968,-5.642,42.717,2.057,47.718,27.1617,-6.8892
1588,31.759999999999412,232274.0,0.02,-0.6731,-0.04907,0.93652,-2.999,35.668,2.514,46.062,28.4518,-72.2251
1589,31.77999999999941,232294.0,0.02,-0.80786,0.03735,0.83936,2.548,43.876,2.443,42.803,-3.678,-164.0419
1590,31.79999999999941,232314.0,0.02,-0.76782,0.06372,0.51855,7.005,55.767,2.119,40.438,-21.1742,-133.8739
1591,31.81999999999941,232334.0,0.02,-0.56372,0.02417,0.49219,2.811,48.841,2.08,39.982,-2.7085,-31.8358
1592,31.83999999999941,232354.0,0.02,-0.51465,-0.09277,0.85693,-6.179,30.841,2.522,39.282,30.9937,-26.3777
1593,31.85999999999941,232374.0,0.02,-0.63086,-0.03223,1.02832,-1.795,31.516,2.913,37.215,24.3754,-97.5457
1594,31.87999999999941,232394.0,0.02,-0.67725,0.03149,0.79541,2.267,40.39,2.765,35.095,-6.9299,-111.3854
1595,31.89999999999941,232414.0,0.02,-0.46411,0.03174,0.69043,2.632,33.881,2.457,34.138,-15.5635,-47.6144
1596,31.91999999999941,232434.0,0.02,-0.44263,-0.0376,0.82324,-2.615,28.24,2.45,33.352,4.8105,-34.0571
1597,31.939999999999408,232454.0,0.02,-0.50269,-0.04858,0.97559,-2.851,27.232,2.644,31.458,15.322,-90.4235
1598,31.959999999999408,232474.0,0.02,-0.59497,-0.00464,0.92261,-0.288,32.817,2.623,28.943,1.925,-129.706
1599,31.979999999999407,232494.0,0.02,-0.50146,0.04175,0.7229,3.305,34.704,2.397,28.011,-12.2429,-53.4083
1600,31.999999999999407,232514.0,0.02,-0.30249,-0.00073,0.83105,-0.05,20.001,2.309,27.798,-1.9757,-2.706
1601,32.019999999999406,232534.0,0.02,-0.3855,-0.0481,0.98804,-2.787,21.291,2.478,26.649,13.8029,-51.9884
1602,32.03999999999941,232554.0,0.02,-0.53394,-0.02319,1.05054,-1.265,26.936,2.591,24.318,9.5739,-119.2098
1603,32.05999999999941,232574.0,0.02,-0.5022,0.04077,0.86377,2.702,30.146,2.493,22.12,-5.1055,-118.1029
1604,32.079999999999416,232594.0,0.02,-0.30151,0.0376,0.78857,2.73,20.903,2.322,21.043,-8.9452,-53.6831
1605,32.09999999999942,232614.0,0.02,-0.2085,-0.02661,0.94043,-1.621,12.496,2.391,20.02,7.5128,-43.4922
1606,32.11999999999942,232634.0,0.02,-0.39136,-0.04175,1.07837,-2.217,19.933,2.596,18.429,15.1922,-81.0495
1607,32.139999999999425,232654.0,0.02,-0.45068,0.0,1.04492,0.0,23.331,2.584,16.552,2.0166,-100.8129
1608,32.15999999999943,232674.0,0.02,-0.30005,0.04883,0.89258,3.131,18.555,2.324,15.518,-13.8154,-54.7976
1609,32.17999999999943,232694.0,0.02,-0.18213,0.00537,0.93774,0.328,10.991,2.123,14.666,-8.1895,-38.8434
1610,32.199999999999434,232714.0,0.02,-0.18408,-0.02905,0.99634,-1.67,10.463,2.154,13.346,5.4518,-63.019
1611,32.21999999999944,232734.0,0.02,-0.2478,-0.02856,1.05737,-1.547,13.185,2.175,11.708,4.8029,-83.4541
1612,32.23999999999944,232754.0,0.02,-0.25366,0.02515,0.97876,1.472,14.525,2.032,10.447,-6.5635,-67.1716
1613,32.259999999999444,232774.0,0.02,-0.13281,0.00317,0.97681,0.186,7.743,1.814,9.475,-9.2124,-46.8739
1614,32.27999999999945,232794.0,0.02,-0.07275,0.00122,0.97852,0.071,4.252,1.724,8.285,-2.8231,-55.3472
1615,32.29999999999945,232814.0,0.02,-0.12305,-0.0166,0.9917,-0.959,7.072,1.684,6.874,0.7113,-70.7671
1616,32.31999999999945,232834.0,0.02,-0.18018,-0.02173,1.04297,-1.193,9.799,1.659,5.349,1.6426,-80.8052
1617,32.339999999999456,232854.0,0.02,-0.11719,0.00024,1.02808,0.014,6.503,1.583,3.908,-2.22,-74.6983
1618,32.35999999999946,232874.0,0.02,-0.04395,0.00244,1.00195,0.14,2.511,1.429,2.528,-6.3803,-68.9426
1619,32.37999999999946,232894.0,0.02,0.02148,-0.00757,0.96143,-0.451,-1.28,1.302,1.189,-4.5406,-64.4388
1620,32.399999999999466,232914.0,0.02,-0.02954,-0.021,1.00415,-1.198,1.685,1.287,-0.061,1.7724,-64.309
1621,32.41999999999947,232934.0,0.02,0.04736,-0.0144,1.05737,-0.78,-2.565,1.314,-1.572,3.4747,-74.5228
1622,32.43999999999947,232954.0,0.02,0.06592,0.00049,1.03564,0.027,-3.642,1.248,-3.244,-2.0368,-83.1793
1623,32.459999999999475,232974.0,0.02,0.06592,-0.01196,0.98926,-0.693,-3.812,1.114,-4.775,-4.846,-77.538
1624,32.47999999999948,232994.0,0.02,0.06079,-0.00952,0.97559,-0.559,-3.565,1.049,-5.916,-1.6017,-59.4693
1625,32.49999999999948,233014.0,0.02,0.10767,-0.0293,1.04126,-1.612,-5.901,1.024,-6.98,1.4365,-54.2861
1626,32.519999999999484,233034.0,0.02,0.15967,-0.01196,1.06006,-0.647,-8.565,0.961,-8.343,-1.5177,-67.9503
1627,32.53999999999949,233054.0,0.02,0.1936,-0.0127,1.0061,-0.723,-10.891,0.829,-9.931,-5.0063,-78.4083
1628,32.55999999999949,233074.0,0.02,0.17261,-0.02051,0.97998,-1.199,-9.987,0.75,-11.412,-1.9757,-75.4846
1629,32.579999999999494,233094.0,0.02,0.18994,-0.02734,1.00562,-1.558,-10.692,0.709,-12.774,0.2686,-70.2403
1630,32.5999999999995,233114.0,0.02,0.20581,-0.01489,1.0188,-0.837,-11.42,0.608,-13.926,-3.5864,-60.1716
1631,32.6199999999995,233134.0,0.02,0.28101,-0.01465,0.95874,-0.875,-16.334,0.415,-15.023,-8.3269,-53.5151
1632,32.6399999999995,233154.0,0.02,0.32153,-0.01123,0.92578,-0.695,-19.151,0.284,-16.346,-5.5635,-63.2403
1633,32.659999999999506,233174.0,0.02,0.3042,-0.02637,0.95703,-1.578,-17.627,0.281,-17.802,1.7724,-72.9808
1634,32.67999999999951,233194.0,0.02,0.29028,-0.04053,1.0022,-2.316,-16.141,0.29,-19.151,3.093,-70.5533
1635,32.69999999999951,233214.0,0.02,0.29639,-0.02051,0.97754,-1.202,-16.864,0.221,-20.248,-2.0139,-58.2938
1636,32.719999999999516,233234.0,0.02,0.39478,-0.00342,0.92725,-0.211,-23.062,0.109,-21.386,-5.2734,-55.2098
1637,32.73999999999952,233254.0,0.02,0.45361,-0.02466,0.93237,-1.515,-25.936,0.078,-22.845,0.1082,-69.7976
1638,32.75999999999952,233274.0,0.02,0.40088,-0.04858,0.99585,-2.793,-21.904,0.099,-24.422,3.9785,-81.393
1639,32.779999999999525,233294.0,0.02,0.39429,-0.03003,0.97217,-1.769,-22.067,0.021,-25.817,-2.0521,-73.5991
1640,32.79999999999953,233314.0,0.02,0.47559,-0.0188,0.90967,-1.184,-27.596,-0.183,-27.054,-9.2124,-61.2785
1641,32.81999999999953,233334.0,0.02,0.49634,-0.00977,0.8689,-0.644,-29.735,-0.314,-28.509,-6.2124,-71.4846
1642,32.839999999999534,233354.0,0.02,0.51709,-0.04736,0.89282,-3.037,-30.043,-0.317,-30.185,2.6426,-83.9732
1643,32.85999999999954,233374.0,0.02,0.51978,-0.04321,0.92212,-2.683,-29.382,-0.307,-31.795,2.9174,-82.9274
1644,32.87999999999954,233394.0,0.02,0.5625,-0.01709,0.90625,-1.08,-31.823,-0.434,-33.29,-5.6627,-76.2632
1645,32.899999999999544,233414.0,0.02,0.55029,-0.00977,0.81323,-0.688,-34.083,-0.631,-34.791,-9.8002,-75.7823
1646,32.91999999999955,233434.0,0.02,0.60571,-0.00977,0.75757,-0.739,-38.642,-0.654,-36.419,-1.0521,-79.1182
1647,32.93999999999955,233454.0,0.02,0.5791,-0.05054,0.80542,-3.59,-35.663,-0.523,-37.913,9.6655,-77.019
1648,32.95999999999955,233474.0,0.02,0.59766,-0.05371,0.85425,-3.598,-34.925,-0.423,-39.17,8.2456,-67.1564
1649,32.979999999999556,233494.0,0.02,0.6814,-0.02832,0.84766,-1.914,-38.779,-0.479,-40.345,-1.3421,-60.3625
1650,32.99999999999956,233514.0,0.02,0.66577,-0.01099,0.8125,-0.775,-39.329,-0.62,-41.876,-6.8918,-79.1411
1651,33.01999999999956,233534.0,0.02,0.64307,-0.03027,0.70825,-2.448,-42.212,-0.739,-43.53,-4.2047,-84.0342
1652,33.039999999999566,233554.0,0.02,0.68726,-0.03418,0.698,-2.803,-44.521,-0.746,-44.831,1.7495,-65.3701
1653,33.05999999999957,233574.0,0.02,0.75073,-0.03735,0.71777,-2.979,-46.247,-0.712,-45.894,3.9785,-52.79
1654,33.07999999999957,233594.0,0.02,0.73413,-0.01782,0.7312,-1.396,-45.106,-0.68,-47.08,2.3373,-61.3319
1655,33.099999999999575,233614.0,0.02,0.70898,-0.02441,0.68872,-2.03,-45.813,-0.659,-48.55,2.4441,-76.2938
1656,33.11999999999958,233634.0,0.02,0.78296,-0.04614,0.67358,-3.919,-49.228,-0.616,-49.983,5.5663,-72.4083
1657,33.13999999999958,233654.0,0.02,0.82715,-0.01099,0.65112,-0.967,-51.787,-0.552,-51.226,3.5815,-61.5991
1658,33.159999999999584,233674.0,0.02,0.80103,0.00952,0.60278,0.905,-53.035,-0.505,-52.627,0.925,-69.6296
1659,33.17999999999959,233694.0,0.02,0.84448,-0.04395,0.59155,-4.249,-54.915,-0.427,-54.423,7.8258,-89.3014
1660,33.19999999999959,233714.0,0.02,0.87671,-0.0625,0.65576,-5.444,-53.08,-0.238,-56.241,14.7342,-94.1029
1661,33.219999999999594,233734.0,0.02,0.79565,-0.0105,0.58813,-1.023,-53.524,-0.179,-57.544,3.8182,-69.2785
1662,33.2399999999996,233754.0,0.02,0.81152,-0.01758,0.52368,-1.922,-57.151,-0.312,-58.302,-5.0215,-39.0724
1663,33.2599999999996,233774.0,0.02,0.89429,-0.06812,0.61621,-6.308,-55.268,-0.49,-59.055,-2.9376,-41.4846
1664,33.2799999999996,233794.0,0.02,0.88892,-0.05273,0.58643,-5.139,-56.481,-0.679,-59.915,-4.907,-46.538
1665,33.299999999999606,233814.0,0.02,0.79907,-0.00928,0.47949,-1.108,-59.029,-0.925,-60.299,-12.136,-20.4541
1666,33.31999999999961,233834.0,0.02,0.82739,-0.03223,0.45068,-4.09,-61.361,-1.196,-60.072,-10.5864,12.6299
1667,33.33999999999961,233854.0,0.02,0.91626,-0.05127,0.4939,-5.926,-61.545,-1.361,-59.646,-3.5711,23.2329
1668,33.359999999999616,233874.0,0.02,1.01172,-0.02417,0.53955,-2.565,-61.905,-1.374,-59.469,0.5281,11.3474
1669,33.37999999999962,233894.0,0.02,0.90796,-0.0376,0.54858,-3.921,-58.8,-1.462,-59.276,-1.8612,9.1948
1670,33.39999999999962,233914.0,0.02,0.82739,-0.03076,0.52954,-3.325,-57.336,-1.622,-58.767,-6.2887,23.9581
1671,33.419999999999625,233934.0,0.02,0.8584,-0.05688,0.5188,-6.257,-58.7,-1.861,-57.899,-7.449,44.2177
1672,33.43999999999963,233954.0,0.02,0.88062,-0.04004,0.5459,-4.195,-58.136,-2.024,-57.002,-5.9452,45.9963
1673,33.45999999999963,233974.0,0.02,0.93213,-0.02954,0.56982,-2.968,-58.528,-2.144,-56.257,-5.136,39.5688
1674,33.479999999999634,233994.0,0.02,0.92041,-0.03613,0.55981,-3.693,-58.638,-2.273,-55.617,-5.0292,35.1108
1675,33.49999999999964,234014.0,0.02,0.80103,-0.00952,0.53882,-1.012,-56.069,-2.393,-54.577,-7.3727,53.5078
1676,33.51999999999964,234034.0,0.02,0.70874,-0.06177,0.56372,-6.253,-51.335,-2.615,-52.901,-7.3879,82.2177
1677,33.539999999999644,234054.0,0.02,0.85571,-0.08032,0.64917,-7.053,-52.605,-2.762,-51.486,-3.0063,71.8742
1678,33.55999999999965,234074.0,0.02,0.90015,-0.01367,0.68188,-1.149,-52.85,-2.756,-50.747,-1.3116,39.1108
1679,33.57999999999965,234094.0,0.02,0.72046,-0.05078,0.59839,-4.851,-50.187,-2.818,-49.942,-1.0597,40.4696
1680,33.59999999999965,234114.0,0.02,0.65088,-0.04761,0.58105,-4.684,-48.149,-2.82,-48.381,1.8029,77.8589
1681,33.619999999999656,234134.0,0.02,0.78369,-0.04199,0.64258,-3.739,-50.591,-2.649,-46.612,9.696,92.4925
1682,33.63999999999966,234154.0,0.02,0.77344,-0.05908,0.74072,-4.56,-46.147,-2.358,-45.164,16.8105,73.4085
1683,33.65999999999966,234174.0,0.02,0.70581,-0.05762,0.77905,-4.23,-42.098,-2.082,-44.009,15.9556,55.8055
1684,33.679999999999666,234194.0,0.02,0.73071,-0.02686,0.75806,-2.029,-43.93,-1.91,-42.875,8.7113,57.7368
1685,33.69999999999967,234214.0,0.02,0.69482,-0.03833,0.73022,-3.005,-43.538,-1.81,-41.489,6.238,71.4314
1686,33.71999999999967,234234.0,0.02,0.67505,-0.05029,0.79834,-3.605,-40.161,-1.619,-40.16,11.5892,66.4314
1687,33.739999999999675,234254.0,0.02,0.71411,-0.04346,0.81689,-3.045,-41.119,-1.33,-39.362,16.1998,41.691
1688,33.75999999999968,234274.0,0.02,0.65015,-0.02148,0.80176,-1.535,-39.029,-1.056,-38.645,14.1693,36.2329
1689,33.77999999999968,234294.0,0.02,0.56885,0.00513,0.68506,0.429,-39.704,-0.794,-37.358,11.8563,66.7368
1690,33.799999999999685,234314.0,0.02,0.62061,-0.02075,0.74268,-1.601,-39.872,-0.359,-35.77,23.009,83.5994
1691,33.81999999999969,234334.0,0.02,0.6626,-0.04663,0.90454,-2.951,-36.187,0.285,-34.731,35.5357,53.4238
1692,33.83999999999969,234354.0,0.02,0.62354,-0.00024,0.93164,-0.015,-33.794,0.846,-34.171,28.8869,27.6223
1693,33.859999999999694,234374.0,0.02,0.53247,0.01172,0.7981,0.841,-33.707,1.217,-33.395,18.9403,39.1108
1694,33.8799999999997,234394.0,0.02,0.54175,0.00537,0.81274,0.379,-33.686,1.661,-32.203,23.5357,61.1108
1695,33.8999999999997,234414.0,0.02,0.55933,0.03711,0.87866,2.418,-32.456,2.381,-31.184,35.9632,52.2558
1696,33.9199999999997,234434.0,0.02,0.55078,0.03882,0.9375,2.371,-30.413,3.18,-30.409,40.7495,38.7826
1697,33.939999999999706,234454.0,0.02,0.49146,0.021,0.94873,1.268,-27.379,3.918,-29.447,39.6197,45.9658
1698,33.95999999999971,234474.0,0.02,0.45825,0.07544,0.90356,4.773,-26.812,4.577,-28.077,32.7724,67.2177
1699,33.97999999999971,234494.0,0.02,0.51221,0.08447,0.92187,5.235,-28.956,5.267,-26.873,34.5128,62.3016
1700,33.999999999999716,234514.0,0.02,0.57446,0.09741,1.01416,5.487,-29.416,6.166,-26.232,45.6502,35.3093
1701,34.01999999999972,234534.0,0.02,0.47607,0.09204,1.05396,4.991,-24.227,7.057,-26.021,46.6655,8.7444
1702,34.03999999999972,234554.0,0.02,0.35937,0.10107,0.96411,5.985,-20.341,7.704,-25.512,34.093,20.149
1703,34.059999999999725,234574.0,0.02,0.33887,0.14331,0.90649,8.984,-20.266,8.265,-24.371,27.2991,52.8513
1704,34.07999999999973,234594.0,0.02,0.36597,0.14697,0.94995,8.795,-20.843,9.009,-22.99,37.4518,66.8742
1705,34.09999999999973,234614.0,0.02,0.43237,0.15942,1.00073,9.052,-23.107,9.941,-21.881,47.4976,56.7139
1706,34.119999999999735,234634.0,0.02,0.42578,0.14844,1.04565,8.08,-21.957,10.795,-20.972,45.467,46.4543
1707,34.13999999999974,234654.0,0.02,0.38428,0.16309,1.01611,9.118,-20.476,11.498,-20.069,37.5586,45.5612
1708,34.15999999999974,234674.0,0.02,0.33203,0.19043,0.97192,11.086,-18.534,12.132,-19.046,32.8029,50.6223
1709,34.179999999999744,234694.0,0.02,0.33813,0.22217,0.94458,13.236,-19.212,12.841,-18.111,35.0319,47.8818
1710,34.19999999999975,234714.0,0.02,0.39258,0.22461,0.92187,13.693,-22.477,13.619,-17.346,38.8182,43.4772
1711,34.21999999999975,234734.0,0.02,0.39648,0.20166,0.93237,12.204,-22.569,14.399,-16.7,41.2533,38.3016
1712,34.23999999999975,234754.0,0.02,0.33667,0.22632,0.9519,13.374,-18.988,15.188,-16.092,41.2915,33.3322
1713,34.259999999999756,234774.0,0.02,0.26538,0.24341,0.96729,14.125,-14.899,15.917,-15.438,38.2915,32.1795
1714,34.27999999999976,234794.0,0.02,0.25195,0.27344,0.91431,16.65,-14.789,16.645,-14.759,36.3907,33.9734
1715,34.29999999999976,234814.0,0.02,0.27783,0.26245,0.86499,16.879,-17.085,17.5,-14.096,43.3678,36.1719
1716,34.319999999999766,234834.0,0.02,0.28491,0.26636,0.93628,15.88,-16.314,18.503,-13.5,52.8182,32.6757
1717,34.33999999999977,234854.0,0.02,0.23413,0.30688,0.98242,17.348,-12.816,19.401,-13.04,46.9937,22.7597
1718,34.35999999999977,234874.0,0.02,0.23486,0.33472,0.896,20.484,-13.796,20.14,-12.66,36.5892,20.1795
1719,34.379999999999775,234894.0,0.02,0.26587,0.32812,0.85913,20.903,-16.124,20.894,-12.146,37.696,29.7749
1720,34.39999999999978,234914.0,0.02,0.20166,0.31177,0.94043,18.341,-11.505,21.701,-11.576,43.7953,28.4085
1721,34.41999999999978,234934.0,0.02,0.17236,0.37793,0.96899,21.307,-9.41,22.494,-11.143,40.8411,19.8894
1722,34.439999999999785,234954.0,0.02,0.20532,0.41235,0.88354,25.019,-11.892,23.252,-10.75,36.1311,20.8055
1723,34.45999999999979,234974.0,0.02,0.19702,0.38257,0.82056,24.996,-12.277,24.11,-10.186,41.9632,30.3245
1724,34.47999999999979,234994.0,0.02,0.1499,0.34961,0.94849,20.234,-8.435,25.052,-9.475,52.0243,34.4925
1725,34.499999999999794,235014.0,0.02,0.11987,0.38281,1.02588,20.463,-6.248,25.848,-8.749,45.3067,33.7749
1726,34.5199999999998,235034.0,0.02,0.14111,0.44604,0.96167,24.883,-7.582,26.478,-8.136,33.1311,30.0955
1727,34.5399999999998,235054.0,0.02,0.1145,0.41699,0.81689,27.043,-7.116,27.008,-7.63,26.4594,24.7597
1728,34.5599999999998,235074.0,0.02,0.13843,0.44653,0.77295,30.015,-8.815,27.721,-7.13,33.3144,26.6986
1729,34.57999999999981,235094.0,0.02,0.15723,0.45166,0.91675,26.228,-8.746,28.508,-6.57,41.6808,30.2558
1730,34.59999999999981,235114.0,0.02,0.08984,0.48169,0.92651,27.47,-4.917,29.132,-5.999,32.9098,27.4391
1731,34.61999999999981,235134.0,0.02,0.08618,0.42041,0.81421,27.309,-5.373,29.71,-5.534,31.3449,23.0574
1732,34.639999999999816,235154.0,0.02,0.13281,0.46216,0.86401,28.142,-7.719,30.488,-4.973,41.2915,30.8589
1733,34.65999999999982,235174.0,0.02,0.1355,0.40796,0.94434,23.365,-7.504,31.187,-4.415,42.9403,31.0726
1734,34.67999999999982,235194.0,0.02,0.10254,0.52637,0.91797,29.83,-5.535,31.719,-3.78,28.5205,33.523
1735,34.699999999999825,235214.0,0.02,0.07373,0.51758,0.79077,33.206,-4.461,32.153,-3.36,20.6044,22.1184
1736,34.71999999999983,235234.0,0.02,0.03882,0.51587,0.94751,28.566,-2.061,32.608,-2.933,26.8716,20.4772
1737,34.73999999999983,235254.0,0.02,0.09351,0.54639,0.80127,34.29,-5.507,33.202,-2.412,28.5815,29.21
1738,34.759999999999835,235274.0,0.02,0.00049,0.55078,0.7561,36.071,-0.03,33.895,-1.801,32.4289,28.7444
1739,34.77999999999984,235294.0,0.02,-0.00635,0.52344,0.76074,34.53,0.394,34.703,-1.238,40.5739,26.4849
1740,34.79999999999984,235314.0,0.02,0.03662,0.54102,0.84546,32.615,-2.089,35.563,-0.618,46.0472,32.4849
1741,34.819999999999844,235334.0,0.02,0.01489,0.573,0.87964,33.08,-0.813,36.218,-0.235,35.9479,19.752
1742,34.83999999999985,235354.0,0.02,0.03003,0.61133,0.77686,38.2,-1.74,36.785,-0.028,26.8869,12.0879
1743,34.85999999999985,235374.0,0.02,0.02588,0.62866,0.66309,43.473,-1.622,37.578,0.298,33.6273,18.2787
1744,34.87999999999985,235394.0,0.02,-0.01294,0.59106,0.7644,37.712,0.767,38.496,0.826,46.7113,26.462
1745,34.89999999999986,235414.0,0.02,-0.03052,0.60864,0.85937,35.308,1.66,39.399,1.246,49.3296,20.5765
1746,34.91999999999986,235434.0,0.02,-0.021,0.63306,0.87256,35.962,1.116,40.067,1.605,37.5663,18.4467
1747,34.93999999999986,235454.0,0.02,0.00195,0.65601,0.76147,40.745,-0.111,40.665,1.992,29.8487,21.4925
1748,34.959999999999866,235474.0,0.02,-0.00488,0.65942,0.72681,42.217,0.285,41.346,2.452,33.1464,25.2024
1749,34.97999999999987,235494.0,0.02,-0.01489,0.65625,0.77588,40.225,0.84,42.061,2.784,37.6044,18.5917
1750,34.99999999999987,235514.0,0.02,-0.02783,0.69238,0.77808,41.665,1.531,42.748,3.111,35.4594,17.9352
1751,35.019999999999875,235534.0,0.02,-0.05444,0.69897,0.69385,45.211,3.164,43.392,3.45,30.3831,17.2482
1752,35.03999999999988,235554.0,0.02,-0.02051,0.67334,0.69043,44.282,1.218,44.091,3.771,34.7189,18.6757
1753,35.05999999999988,235574.0,0.02,0.04443,0.68652,0.72412,43.473,-2.55,44.793,3.893,36.4594,12.6681
1754,35.079999999999885,235594.0,0.02,0.02832,0.7417,0.72266,45.745,-1.567,45.426,3.858,31.3449,3.7749
1755,35.09999999999989,235614.0,0.02,-0.04492,0.71997,0.67871,46.69,2.599,45.971,3.876,26.5128,2.2253
1756,35.11999999999989,235634.0,0.02,-0.07471,0.73389,0.58032,51.665,4.565,46.659,3.977,29.2686,4.4238
1757,35.139999999999894,235654.0,0.02,-0.04224,0.73584,0.57593,51.95,2.588,47.417,4.184,33.2838,11.9734
1758,35.1599999999999,235674.0,0.02,-0.06909,0.72217,0.74146,44.245,3.819,48.146,4.682,40.406,25.8131
1759,35.1799999999999,235694.0,0.02,-0.09204,0.74146,0.7998,42.832,4.824,48.592,4.948,28.2151,13.4009
1760,35.1999999999999,235714.0,0.02,-0.02466,0.78809,0.71851,47.644,1.325,48.783,4.98,10.7113,5.3322
1761,35.21999999999991,235734.0,0.02,-0.05518,0.75244,0.71777,46.351,3.037,48.847,5.158,5.7418,11.0497
1762,35.23999999999991,235754.0,0.02,-0.0896,0.76172,0.79028,43.946,4.667,48.761,5.429,0.5815,14.3627
1763,35.25999999999991,235774.0,0.02,-0.09448,0.79565,0.74121,47.029,4.966,48.473,5.587,-12.9223,8.5078
1764,35.279999999999916,235794.0,0.02,-0.06079,0.85156,0.56836,56.28,3.398,48.263,5.381,-18.6627,-8.248
1765,35.29999999999992,235814.0,0.02,-0.06812,0.75,0.57617,52.467,4.119,48.166,5.301,-9.2505,-2.8281
1766,35.31999999999992,235834.0,0.02,-0.09937,0.74463,0.70435,46.592,5.537,48.095,5.293,-2.0292,-0.6449
1767,35.339999999999925,235854.0,0.02,-0.0835,0.74805,0.74829,44.991,4.512,47.767,5.297,-13.5635,1.0039
1768,35.35999999999993,235874.0,0.02,-0.07544,0.76147,0.7168,46.731,4.126,47.147,5.107,-30.5788,-8.5151
1769,35.37999999999993,235894.0,0.02,-0.01465,0.79761,0.57715,54.111,0.852,46.484,4.936,-40.9147,-4.3777
1770,35.399999999999935,235914.0,0.02,-0.06372,0.70679,0.61865,48.804,3.881,45.714,5.11,-41.6551,9.9658
1771,35.41999999999994,235934.0,0.02,-0.08472,0.67236,0.7793,40.787,4.705,44.693,5.188,-47.0597,4.3933
1772,35.43999999999994,235954.0,0.02,-0.08813,0.71753,0.7583,43.418,4.826,43.525,4.843,-58.2887,-17.2174
1773,35.459999999999944,235974.0,0.02,-0.05762,0.72827,0.63086,49.1,3.422,42.46,4.413,-60.0292,-20.4846
1774,35.47999999999995,235994.0,0.02,-0.01221,0.66089,0.60278,47.633,0.782,41.606,4.253,-48.8612,-4.4846
1775,35.49999999999995,236014.0,0.02,-0.0083,0.62158,0.72876,40.462,0.497,40.804,4.15,-39.7238,-1.4083
1776,35.51999999999995,236034.0,0.02,-0.02441,0.70801,0.7356,43.905,1.37,39.924,3.744,-48.0597,-17.8587
1777,35.53999999999996,236054.0,0.02,0.00854,0.64526,0.71802,41.945,-0.507,39.001,3.184,-49.1589,-24.248
1778,35.55999999999996,236074.0,0.02,-0.03638,0.5271,0.85669,31.603,2.071,37.959,2.657,-45.6093,-25.7747
1779,35.57999999999996,236094.0,0.02,-0.03735,0.58472,0.89062,33.286,2.008,36.71,2.007,-58.9834,-32.5075
1780,35.599999999999966,236114.0,0.02,0.06641,0.67749,0.7312,42.816,-3.811,35.336,1.254,-76.2963,-32.4693
1781,35.61999999999997,236134.0,0.02,0.03467,0.53711,0.75977,35.258,-2.134,33.958,0.476,-70.2734,-36.2403
1782,35.63999999999997,236154.0,0.02,0.00171,0.51611,0.79565,32.97,-0.103,32.894,-0.289,-53.2658,-38.4006
1783,35.659999999999975,236174.0,0.02,-0.03076,0.5625,0.8479,33.56,1.732,31.838,-0.947,-54.5635,-35.6373
1784,35.67999999999998,236194.0,0.02,0.01196,0.53369,0.84033,32.419,-0.689,30.635,-1.521,-61.9757,-29.5762
1785,35.69999999999998,236214.0,0.02,0.07861,0.45581,0.84497,28.344,-4.681,29.422,-2.165,-59.533,-29.6068
1786,35.719999999999985,236234.0,0.02,0.07593,0.43457,0.9082,25.571,-4.313,28.25,-2.778,-55.8689,-29.1106
1787,35.73999999999999,236254.0,0.02,0.00977,0.46924,0.98828,25.398,-0.511,26.995,-3.229,-61.136,-25.2938
1788,35.75999999999999,236274.0,0.02,0.00146,0.49316,0.9082,28.502,-0.081,25.605,-3.574,-72.4337,-20.8587
1789,35.779999999999994,236294.0,0.02,0.09058,0.44019,0.78906,29.155,-5.725,24.305,-3.861,-69.9605,-12.4006
1790,35.8,236314.0,0.02,0.13599,0.36597,0.79687,24.667,-8.815,23.281,-3.948,-52.6093,0.607
1791,35.82,236334.0,0.02,0.09106,0.27783,1.07178,14.533,-4.702,22.327,-4.03,-39.7238,-3.4159
1792,35.84,236354.0,0.02,-0.06299,0.27881,1.28198,12.27,2.749,21.04,-4.294,-55.4261,-20.4159
1793,35.86000000000001,236374.0,0.02,0.03589,0.45093,1.04297,23.381,-1.809,19.338,-4.927,-89.2124,-34.7976
1794,35.88000000000001,236394.0,0.02,0.27075,0.42603,0.80054,28.021,-16.624,17.732,-5.65,-90.8231,-24.9503
1795,35.90000000000001,236414.0,0.02,0.04272,0.23437,0.9248,14.221,-2.564,16.383,-5.669,-65.2353,-4.1564
1796,35.920000000000016,236434.0,0.02,-0.05322,0.22168,1.08716,11.525,2.746,15.149,-5.302,-57.9681,10.1795
1797,35.94000000000002,236454.0,0.02,0.07251,0.25586,1.04395,13.771,-3.859,13.651,-5.184,-75.0444,4.5383
1798,35.96000000000002,236474.0,0.02,0.21631,0.23291,0.96021,13.634,-12.349,12.05,-5.609,-81.6933,-14.3777
1799,35.980000000000025,236494.0,0.02,0.19043,0.14429,0.97412,8.425,-10.945,10.69,-6.066,-65.6856,-17.8968
1800,36.00000000000003,236514.0,0.02,0.10815,0.19653,0.98853,11.245,-6.125,9.533,-6.236,-59.5864,-8.5991
1801,36.02000000000003,236534.0,0.02,0.1394,0.2168,0.9353,13.05,-8.261,8.332,-6.13,-64.8307,7.462
1802,36.040000000000035,236554.0,0.02,0.19263,0.13647,0.94214,8.242,-11.439,7.26,-5.89,-54.6475,17.6757
1803,36.06000000000004,236574.0,0.02,0.07056,0.02661,1.06372,1.433,-3.794,6.368,-5.536,-39.533,15.9352
1804,36.08000000000004,236594.0,0.02,0.05347,0.0708,1.12012,3.617,-2.727,5.468,-5.237,-43.1208,12.3856
1805,36.100000000000044,236614.0,0.02,0.13818,0.0979,1.08398,5.161,-7.236,4.347,-5.29,-56.8689,-0.6755
1806,36.12000000000005,236634.0,0.02,0.12402,0.05396,1.01343,3.048,-6.967,3.203,-5.575,-57.0368,-12.8129
1807,36.14000000000005,236654.0,0.02,0.04687,0.05396,1.01538,3.042,-2.639,2.245,-5.457,-48.7085,3.0345
1808,36.16000000000005,236674.0,0.02,0.0415,0.10303,0.97729,6.018,-2.418,1.259,-4.776,-54.1513,31.6452
1809,36.18000000000006,236694.0,0.02,0.18018,0.0249,0.9165,1.556,-11.118,0.229,-4.317,-52.8536,29.8894
1810,36.20000000000006,236714.0,0.02,0.11768,-0.0603,1.01611,-3.396,-6.594,-0.567,-4.078,-36.9452,14.4925
1811,36.22000000000006,236734.0,0.02,0.00171,-0.03955,1.09888,-2.061,-0.089,-1.253,-3.752,-33.4643,12.5765
1812,36.240000000000066,236754.0,0.02,0.02832,-0.00903,1.08081,-0.479,-1.501,-2.097,-3.394,-43.8612,15.9429
1813,36.26000000000007,236774.0,0.02,0.07593,-0.05347,1.02344,-2.991,-4.237,-3.077,-2.966,-49.0673,22.7215
1814,36.28000000000007,236794.0,0.02,0.12109,-0.06201,0.9624,-3.687,-7.157,-4.0,-2.601,-46.4948,22.8894
1815,36.300000000000075,236814.0,0.02,0.0481,-0.05957,0.98462,-3.462,-2.791,-4.702,-2.391,-36.3345,10.92
1816,36.32000000000008,236834.0,0.02,-0.0332,-0.10474,1.02563,-5.831,1.845,-5.315,-1.986,-30.1589,16.3551
1817,36.34000000000008,236854.0,0.02,0.0293,-0.10059,1.01074,-5.683,-1.652,-6.017,-1.67,-35.4032,15.7826
1818,36.360000000000085,236874.0,0.02,0.09814,-0.12598,1.02417,-7.012,-5.433,-6.828,-1.458,-40.3803,14.6299
1819,36.38000000000009,236894.0,0.02,0.06763,-0.07739,1.00806,-4.39,-3.827,-7.661,-1.329,-44.9986,9.0116
1820,36.40000000000009,236914.0,0.02,-0.04956,-0.09668,0.90625,-6.089,3.113,-8.472,-1.219,-42.9528,1.0497
1821,36.420000000000094,236934.0,0.02,-0.01172,-0.18408,0.95923,-10.863,0.687,-9.048,-1.022,-26.9528,8.1337
1822,36.4400000000001,236954.0,0.02,0.08008,-0.22021,1.11133,-11.208,-4.043,-9.596,-0.682,-25.7467,20.4314
1823,36.4600000000001,236974.0,0.02,0.02319,-0.1814,1.13745,-9.061,-1.154,-10.376,-0.337,-40.3879,18.0574
1824,36.4800000000001,236994.0,0.02,-0.03516,-0.13428,0.97974,-7.804,2.036,-11.368,-0.183,-53.2276,5.4467
1825,36.50000000000011,237014.0,0.02,0.00073,-0.22314,0.88574,-14.14,-0.046,-12.241,-0.173,-41.7009,0.378
1826,36.52000000000011,237034.0,0.02,0.0144,-0.2688,1.01733,-14.8,-0.784,-12.771,-0.053,-24.4261,6.7215
1827,36.54000000000011,237054.0,0.02,0.03516,-0.18457,1.08936,-9.616,-1.822,-13.424,0.23,-36.5482,16.2406
1828,36.560000000000116,237074.0,0.02,0.0083,-0.20654,0.92651,-12.567,-0.501,-14.441,0.435,-52.7467,11.21
1829,36.58000000000012,237094.0,0.02,-0.07349,-0.31543,0.92603,-18.81,4.296,-15.213,0.691,-34.9528,9.149
1830,36.60000000000012,237114.0,0.02,0.00098,-0.28979,1.06299,-15.25,-0.051,-15.781,0.999,-28.9299,16.4696
1831,36.620000000000125,237134.0,0.02,0.0293,-0.24341,1.0647,-12.877,-1.537,-16.633,1.315,-46.4108,18.691
1832,36.64000000000013,237154.0,0.02,-0.00024,-0.31592,0.93359,-18.695,0.014,-17.682,1.582,-51.4185,14.9734
1833,36.66000000000013,237174.0,0.02,-0.01025,-0.32251,0.91699,-19.377,0.604,-18.438,1.815,-36.8765,12.8971
1834,36.680000000000135,237194.0,0.02,-0.03857,-0.34082,0.95044,-19.727,2.188,-19.088,2.087,-31.8383,13.4925
1835,36.70000000000014,237214.0,0.02,-0.07471,-0.34546,1.02124,-18.689,3.964,-19.717,2.488,-32.5101,18.5154
1836,36.72000000000014,237234.0,0.02,-0.0564,-0.35791,1.01538,-19.417,2.999,-20.514,2.785,-40.9376,14.6681
1837,36.740000000000144,237254.0,0.02,-0.07031,-0.38892,0.98853,-21.476,3.787,-21.364,3.039,-42.3803,11.9352
1838,36.76000000000015,237274.0,0.02,-0.04126,-0.4043,0.94873,-23.081,2.291,-22.222,3.179,-42.0597,7.8818
1839,36.78000000000015,237294.0,0.02,-0.03979,-0.38013,0.90283,-22.833,2.326,-23.048,3.298,-41.4795,6.92
1840,36.80000000000015,237314.0,0.02,-0.03101,-0.3999,0.91724,-23.557,1.775,-23.766,3.514,-36.1131,12.5765
1841,36.82000000000016,237334.0,0.02,-0.02588,-0.4104,0.91138,-24.242,1.483,-24.512,3.751,-37.594,14.1719
1842,36.84000000000016,237354.0,0.02,-0.04834,-0.4375,0.89697,-26.001,2.773,-25.316,4.036,-39.4872,15.5383
1843,36.86000000000016,237374.0,0.02,-0.09009,-0.42529,0.86011,-26.311,5.364,-26.143,4.311,-41.1818,12.6681
1844,36.880000000000166,237394.0,0.02,-0.07935,-0.44019,0.85571,-27.222,4.714,-26.858,4.578,-35.3879,13.21
1845,36.90000000000017,237414.0,0.02,-0.0481,-0.46558,0.8938,-27.515,2.732,-27.494,4.863,-31.7696,16.4467
1846,36.92000000000017,237434.0,0.02,-0.10156,-0.48657,0.88403,-28.828,5.747,-28.186,5.079,-33.9681,10.1032
1847,36.940000000000175,237454.0,0.02,-0.07739,-0.47217,0.85718,-28.848,4.522,-28.846,5.202,-32.9834,6.836
1848,36.96000000000018,237474.0,0.02,-0.06494,-0.46606,0.85181,-28.685,3.826,-29.423,5.361,-29.594,9.5459
1849,36.98000000000018,237494.0,0.02,-0.08374,-0.52344,0.89502,-30.321,4.617,-29.939,5.386,-25.4337,2.0497
1850,37.000000000000185,237514.0,0.02,-0.146,-0.53223,0.88696,-30.966,8.034,-30.461,5.355,-25.5635,-4.3014
1851,37.02000000000019,237534.0,0.02,-0.11255,-0.51733,0.89648,-29.988,6.206,-31.048,5.294,-30.4414,-3.9961
1852,37.04000000000019,237554.0,0.02,-0.04297,-0.50195,0.84351,-30.756,2.507,-31.719,5.304,-34.5177,3.3551
1853,37.060000000000194,237574.0,0.02,-0.03833,-0.54028,0.85547,-32.275,2.17,-32.367,5.367,-32.4948,6.4238
1854,37.0800000000002,237594.0,0.02,-0.07275,-0.57349,0.83252,-34.561,4.116,-33.088,5.412,-34.5559,3.5841
1855,37.1000000000002,237614.0,0.02,-0.11011,-0.54395,0.79272,-34.457,6.534,-33.786,5.486,-34.2047,2.6146
1856,37.1200000000002,237634.0,0.02,-0.09253,-0.54102,0.7998,-34.076,5.474,-34.371,5.649,-29.5635,8.3245
1857,37.14000000000021,237654.0,0.02,-0.04907,-0.58911,0.87524,-33.944,2.663,-34.899,5.696,-27.3803,5.462
1858,37.16000000000021,237674.0,0.02,-0.04272,-0.60303,0.90649,-33.633,2.247,-35.504,5.603,-32.1437,-1.2174
1859,37.18000000000021,237694.0,0.02,-0.06421,-0.58276,0.74976,-37.857,3.868,-36.319,5.467,-39.2047,-5.2098
1860,37.200000000000216,237714.0,0.02,-0.07227,-0.60889,0.7688,-38.379,4.214,-36.932,5.524,-29.1513,4.2024
1861,37.22000000000022,237734.0,0.02,-0.07495,-0.6189,0.80298,-37.623,4.228,-37.483,5.602,-27.4032,5.3322
1862,37.24000000000022,237754.0,0.02,-0.0686,-0.64258,0.75171,-40.525,3.968,-38.217,5.652,-34.365,4.21
1863,37.260000000000225,237774.0,0.02,-0.0918,-0.61963,0.70142,-41.457,5.602,-38.873,5.762,-30.1284,5.6452
1864,37.28000000000023,237794.0,0.02,-0.12598,-0.64624,0.76538,-40.176,7.168,-39.35,6.16,-23.0368,18.8818
1865,37.30000000000023,237814.0,0.02,-0.09131,-0.6792,0.88306,-37.566,4.686,-39.825,6.556,-26.0521,21.6833
1866,37.320000000000235,237834.0,0.02,-0.08618,-0.65649,0.77368,-40.316,4.855,-40.594,6.636,-38.7085,5.8207
1867,37.34000000000024,237854.0,0.02,-0.04883,-0.6272,0.64111,-44.371,3.116,-41.287,6.742,-31.5101,9.0039
1868,37.36000000000024,237874.0,0.02,-0.00659,-0.63257,0.74023,-40.516,0.388,-41.625,7.01,-18.0368,20.1871
1869,37.380000000000244,237894.0,0.02,-0.05859,-0.66602,0.82568,-38.89,3.161,-42.041,7.391,-24.0139,23.3322
1870,37.40000000000025,237914.0,0.02,-0.13525,-0.65649,0.64746,-45.397,8.345,-42.682,7.628,-29.304,11.149
1871,37.42000000000025,237934.0,0.02,-0.1875,-0.67114,0.49438,-53.623,12.677,-43.058,7.464,-8.0063,-13.538
1872,37.44000000000025,237954.0,0.02,-0.14526,-0.69385,0.6499,-46.873,8.688,-42.668,7.181,23.8105,-15.6984
1873,37.46000000000026,237974.0,0.02,-0.09302,-0.69849,0.99634,-35.033,4.371,-42.095,6.908,21.4365,-11.0571
1874,37.48000000000026,237994.0,0.02,-0.08276,-0.67114,0.88843,-37.068,4.251,-42.138,6.645,-7.3116,-10.6984
1875,37.50000000000026,238014.0,0.02,-0.13525,-0.69458,0.59814,-49.266,8.394,-42.292,6.427,-0.6322,-12.9121
1876,37.520000000000266,238034.0,0.02,-0.16724,-0.68994,0.51196,-53.423,11.015,-41.903,5.898,31.2304,-31.6678
1877,37.54000000000027,238054.0,0.02,-0.09229,-0.69653,0.93213,-36.769,4.535,-40.687,5.44,56.8029,-21.9579
1878,37.56000000000027,238074.0,0.02,-0.03369,-0.66675,1.16748,-29.731,1.436,-39.812,5.214,33.4747,-7.477
1879,37.580000000000275,238094.0,0.02,-0.1001,-0.63184,0.8501,-36.622,5.399,-40.032,4.932,-14.4719,-14.5838
1880,37.60000000000028,238114.0,0.02,-0.14453,-0.63379,0.4082,-57.216,10.853,-40.42,4.223,-2.2963,-42.2098
1881,37.62000000000028,238134.0,0.02,-0.1228,-0.64062,0.38379,-59.075,9.338,-39.812,3.173,50.0548,-58.7976
1882,37.640000000000285,238154.0,0.02,0.03369,-0.65015,1.1731,-28.996,-1.439,-37.659,2.77,98.8105,-15.8205
1883,37.66000000000029,238174.0,0.02,0.07495,-0.53345,1.17749,-24.372,-3.318,-36.52,2.384,44.5586,-13.4693
1884,37.68000000000029,238194.0,0.02,0.05127,-0.55835,0.79663,-35.026,-3.017,-36.835,1.651,-17.5711,-31.9121
1885,37.700000000000294,238214.0,0.02,-0.07837,-0.58936,0.30566,-62.587,6.732,-37.327,0.393,1.1769,-69.3777
1886,37.7200000000003,238234.0,0.02,0.02539,-0.71802,0.69531,-45.92,-1.455,-36.022,-0.167,75.3296,-26.6907
1887,37.7400000000003,238254.0,0.02,0.09253,-0.61182,1.20557,-26.907,-3.915,-34.058,-0.185,90.8945,2.9123
1888,37.7600000000003,238274.0,0.02,0.08936,-0.49414,1.07446,-24.697,-4.321,-33.459,-0.447,21.0243,-9.1182
1889,37.78000000000031,238294.0,0.02,0.0376,-0.52466,0.78931,-33.612,-2.272,-33.703,-0.79,-12.2887,-15.6526
1890,37.80000000000031,238314.0,0.02,-0.06787,-0.5874,0.43091,-53.737,5.323,-33.847,-1.605,13.1159,-47.8205
1891,37.82000000000031,238334.0,0.02,0.04761,-0.61768,0.81152,-37.276,-2.673,-32.589,-2.082,67.6579,-23.2632
1892,37.840000000000316,238354.0,0.02,0.0918,-0.49463,1.13599,-23.529,-4.237,-31.141,-2.283,64.6273,-8.0571
1893,37.86000000000032,238374.0,0.02,0.06152,-0.43384,1.0249,-22.943,-3.164,-30.774,-2.383,10.3525,-4.1793
1894,37.88000000000032,238394.0,0.02,-0.01538,-0.50952,0.77246,-33.409,0.952,-30.932,-2.74,-5.365,-21.6068
1895,37.900000000000325,238414.0,0.02,-0.04297,-0.52832,0.62354,-40.275,3.01,-30.713,-3.51,20.6884,-45.1793
1896,37.92000000000033,238434.0,0.02,-0.02661,-0.53955,0.81812,-33.405,1.555,-29.701,-4.689,54.4136,-65.3319
1897,37.94000000000033,238454.0,0.02,0.14282,-0.45386,1.06763,-23.031,-7.019,-28.532,-5.273,52.8105,-27.4006
1898,37.960000000000335,238474.0,0.02,0.23682,-0.42065,1.01099,-22.591,-12.203,-28.113,-5.697,15.3373,-14.5686
1899,37.98000000000034,238494.0,0.02,0.07568,-0.45239,0.81787,-28.948,-4.629,-28.13,-6.061,0.0014,-19.6449
1900,38.00000000000034,238514.0,0.02,0.09082,-0.48389,0.78687,-31.59,-5.615,-27.832,-6.384,18.7266,-16.9274
1901,38.020000000000344,238534.0,0.02,0.15479,-0.42969,0.83203,-27.313,-9.386,-27.164,-6.413,33.5128,1.5612
1902,38.04000000000035,238554.0,0.02,0.14771,-0.43677,0.99023,-23.801,-7.771,-26.55,-6.108,27.925,16.9429
1903,38.06000000000035,238574.0,0.02,0.0957,-0.41577,0.9436,-23.779,-5.303,-26.228,-5.543,13.6044,28.0192
1904,38.080000000000354,238594.0,0.02,0.12402,-0.44189,0.89087,-26.383,-7.109,-26.043,-4.867,9.5892,36.0726
1905,38.10000000000036,238614.0,0.02,0.0874,-0.40723,0.81592,-26.524,-5.475,-25.787,-3.93,13.551,48.4238
1906,38.12000000000036,238634.0,0.02,0.0105,-0.43066,0.84155,-27.101,-0.636,-25.422,-2.741,19.9708,57.3016
1907,38.14000000000036,238654.0,0.02,-0.03345,-0.43237,0.92627,-25.023,1.874,-24.851,-1.587,28.7113,54.1871
1908,38.160000000000366,238674.0,0.02,0.02368,-0.42187,0.94067,-24.155,-1.316,-24.226,-0.509,31.1846,54.7062
