94,0.020000,0.03394,0.00098,1.01831,0.055,-1.909,-0.102,-1.588,-0.0597,0.0345
199614,0.020000,0.02808,-0.00049,1.01440,-0.028,-1.585,-0.101,-1.590,-0.0063,-0.1106
199634,0.020000,0.02588,-0.01099,1.00952,-0.624,-1.468,-0.105,-1.586,0.3144,0.0803
199654,0.020000,0.02686,-0.01440,1.01636,-0.812,-1.513,-0.120,-1.583,-0.0063,0.0574
199674,0.020000,0.02661,-0.00586,1.02026,-0.329,-1.494,-0.129,-1.583,-0.2582,-0.0419
199694,0.020000,0.02637,-0.00391,1.01001,-0.222,-1.495,-0.130,-1.581,0.0395,-0.0266
199714,0.020000,0.02808,0.00415,1.01904,0.233,-1.578,-0.122,-1.582,0.0472,-0.0648
199734,0.020000,0.02637,0.00513,1.01563,0.289,-1.4
7200654,0.020000,0.02539,-0.00122,1.01855,-0.069,-1.428,-0.100,-1.581,-0.0368,0.1032
200674,0.020000,0.02637,-0.00562,1.01270,-0.318,-1.491,-0.109,-1.578,-0.2276,0.0803
200694,0.020000,0.02417,-0.00220,1.01709,-0.124,-1.361,-0.115,-1.574,-0.3269,-0.0419
200714,0.020000,0.02612,0.00024,1.02124,0.014,-1.465,-0.113,-1.569,-0.0292,0.1719
200734,0.020000,0.02563,-0.00415,1.01587,-0.234,-1.446,-0.117,-1.566,-0.0521,0.0192
200754,0.020000,0.02686,-0.00806,1.02148,-0.452,-1.506,-0.123,-1.562,0.0319,0.1566
200774,0.020000,0.03491,-0.00366,1.01685,-0.206,-1.966,-0.124,-1.569,0.0395,0.0421
200794,0.020000,0.03271,-0.00098,1.01270,-0.055,-1.850,-0.124,-1.578,-0.0826,-0.1945
200814,0.020000,0.03125,-0.00122,1.01563,-0.069,-1.762,-0.122,-1.582,0.0472,0.0268
200834,0.020000,0.03125,-0.00220,1.01929,-0.124,-1.756,-0.121,-1.587,0.0395,-0.0724
200854,0.020000,0.02393,0.00098,1.01563,0.055,-1.350,-0.115,-1.581,0.1540,0.0268
200874,0.020000,0.02612,-0.00464,1.01660,-0.261,-1.472,-0.118,-1.579,-0.0368,-0.0113
200894,0.020000,0.02832,-0.00659,1.01636,-0.372,-1.596,-0.124,-1.582,-0.0368,-0.1106
200914,0.020000,0.02393,-0.00244,1.01514,-0.138,-1.350,-0.121,-1.575,0.1769,0.1184
200934,0.020000,0.02515,-0.00439,1.01831,-0.247,-1.415,-0.124,-1.579,-0.0215,-0.3548
200954,0.020000,0.03027,-0.00439,1.00903,-0.250,-1.718,-0.129,-1.577,-0.1360,0.2406
200974,0.020000,0.02979,-0.00171,1.01611,-0.096,-1.679,-0.127,-1.581,0.0472,-0.0953
200994,0.020000,0.03003,-0.00244,1.01685,-0.138,-1.692,-0.125,-1.579,0.1388,0.2177
201014,0.020000,0.03174,-0.00073,1.01660,-0.041,-1.788,-0.126,-1.582,-0.1360,0.0192
201034,0.020000,0.02930,-0.00317,1.01611,-0.179,-1.652,-0.127,-1.585,-0.0215,-0.0571
201054,0.020000,0.03027,-0.00513,1.01904,-0.288,-1.702,-0.132,-1.590,-0.0902,-0.1411
201074,0.020000,0.02710,-0.00220,1.01294,-0.124,-1.532,-0.133,-1.590,-0.0521,-0.0571
201094,0.020000,0.02417,-0.00293,1.01440,-0.165,-1.365,-0.135,-1.587,-0.0521,-0.0877
201114,0.020000,0.02246,-0.00244,1.02246,-0.137,-1.258,-0.132,-1.580,0.1464,0.0192
201134,0.020000,0.02197,-0.00269,1.01758,-0.151,-1.237,-0.136,-1.573,-0.1589,0.0116
201154,0.020000,0.02734,-0.00146,1.00952,-0.083,-1.552,-0.129,-1.572,0.2686,0.0497
201174,0.020000,0.02881,-0.00024,1.01221,-0.014,-1.630,-0.121,-1.570,0.2991,0.1337
201194,0.020000,0.03467,-0.00024,1.01074,-0.014,-1.964,-0.118,-1.579,0.0701,-0.0648
201214,0.020000,0.02954,0.00000,1.01563,0.000,-1.666,-0.116,-1.582,-0.0521,-0.0342
201234,0.020000,0.02783,-0.00366,1.01685,-0.206,-1.568,-0.121,-1.581,-0.1513,0.0039
201254,0.020000,0.02759,-0.00830,1.01294,-0.470,-1.560,-0.124,-1.581,0.2304,-0.0190
201274,0.020000,0.03003,-0.00781,1.00928,-0.443,-1.704,-0.129,-1.580,0.0624,0.2100
201294,0.020000,0.02734,-0.00293,1.01147,-0.166,-1.549,-0.132,-1.578,-0.1131,0.0803
201314,0.020000,0.02661,-0.00488,1.01831,-0.275,-1.497,-0.139,-1.579,-0.2047,-0.1640
201334,0.020000,0.02344,-0.00171,1.01465,-0.097,-1.323,-0.135,-1.576,0.1388,-0.0800
201354,0.020000,0.02393,-0.00098,1.01318,-0.055,-1.353,-0.133,-1.572,0.0014,-0.0190
201374,0.020000,0.02881,-0.00098,1.01416,-0.055,-1.627,-0.134,-1.571,-0.1055,0.1032
201394,0.020000,0.02881,-0.00195,1.01440,-0.110,-1.627,-0.134,-1.568,-0.0215,0.2100
201414,0.020000,0.02832,-0.00488,1.01123,-0.277,-1.604,-0.136,-1.565,0.0319,0.1795
201434,0.020000,0.03052,-0.00732,1.01807,-0.412,-1.717,-0.142,-1.569,-0.0215,-0.0342
201454,0.020000,0.03174,-0.00488,1.02222,-0.274,-1.778,-0.144,-1.569,0.0319,0.1948
201474,0.020000,0.02954,-0.00635,1.02026,-0.356,-1.658,-0.146,-1.566,0.1159,0.2482
201494,0.020000,0.03101,-0.00049,1.01392,-0.028,-1.752,-0.145,-1.571,-0.0521,-0.0648
201514,0.020000,0.02783,-0.00293,1.01758,-0.165,-1.567,-0.146,-1.573,-0.0444,-0.0953
201534,0.020000,0.02075,0.00146,1.01489,0.083,-1.171,-0.149,-1.559,-0.3803,0.2635
201554,0.020000,0.02319,0.00586,1.01538,0.331,-1.309,-0.137,-1.555,0.1006,-0.0113
201574,0.020000,0.02441,-0.00098,1.01440,-0.055,-1.379,-0.132,-1.546,0.1998,0.2711
201594,0.020000,0.02393,-0.00220,1.01733,-0.124,-1.347,-0.131,-1.544,0.0166,-0.1106
201614,0.020000,0.02905,-0.00537,1.01147,-0.304,-1.645,-0.137,-1.544,-0.1360,0.1032
201634,0.020000,0.03052,-0.00366,1.01709,-0.206,-1.719,-0.138,-1.546,0.0548,0.0879
201654,0.020000,0.03003,-0.00269,1.01709,-0.151,-1.691,-0.137,-1.549,0.0624,-0.0037
201674,0.020000,0.02930,-0.00366,1.01416,-0.207,-1.655,-0.136,-1.553,0.0930,-0.1335
201694,0.020000,0.02588,0.00098,1.01001,0.055,-1.468,-0.133,-1.550,-0.0292,0.1108
201714,0.020000,0.02881,-0.00171,1.01465,-0.097,-1.626,-0.134,-1.553,-0.0902,-0.1182
201734,0.020000,0.02734,0.00146,1.01538,0.083,-1.543,-0.127,-1.556,0.1540,-0.1335
201754,0.020000,0.02954,-0.00317,1.01831,-0.179,-1.662,-0.129,-1.559,-0.0673,-0.0571
201774,0.020000,0.02930,-0.00488,1.01416,-0.276,-1.655,-0.134,-1.559,-0.1208,0.1184
201794,0.020000,0.02832,0.00098,1.01514,0.055,-1.598,-0.131,-1.557,-0.0444,0.1261
201814,0.020000,0.02881,-0.00537,1.01318,-0.304,-1.629,-0.136,-1.554,-0.0826,0.2100
201834,0.020000,0.02954,-0.00708,1.01660,-0.399,-1.664,-0.139,-1.559,0.1235,-0.1029
201854,0.020000,0.02881,-0.00293,1.01147,-0.166,-1.631,-0.140,-1.560,-0.0292,0.0192
201874,0.020000,0.03101,-0.00122,1.01660,-0.069,-1.747,-0.141,-1.563,-0.0979,0.0345
201894,0.020000,0.03125,0.00098,1.02466,0.055,-1.747,-0.138,-1.564,-0.0750,0.1337
201914,0.020000,0.03198,0.00195,1.00513,0.111,-1.822,-0.136,-1.566,-0.1055,0.1490
201934,0.020000,0.03076,0.00195,1.01294,0.110,-1.739,-0.127,-1.572,0.1617,-0.1106
201954,0.020000,0.03027,-0.00195,1.01709,-0.110,-1.705,-0.129,-1.575,-0.0979,-0.0495
201974,0.020000,0.02563,-0.00317,1.02222,-0.178,-1.437,-0.128,-1.577,0.1159,-0.2251
201994,0.020000,0.02539,-0.00562,1.01758,-0.316,-1.429,-0.126,-1.573,0.2915,0.0268
202014,0.020000,0.02808,-0.00513,1.01538,-0.289,-1.584,-0.128,-1.570,0.0319,0.2024
202034,0.020000,0.02783,-0.00293,1.01563,-0.165,-1.570,-0.131,-1.571,-0.0979,-0.0648
202054,0.020000,0.03174,0.00049,1.01758,0.027,-1.786,-0.126,-1.576,0.1082,-0.0495
202074,0.020000,0.02905,-0.00024,1.01416,-0.014,-1.641,-0.124,-1.577,-0.0368,0.0268
202094,0.020000,0.02759,-0.00195,1.01392,-0.110,-1.559,-0.121,-1.579,0.1617,-0.1335
202114,0.020000,0.02783,-0.00269,1.01294,-0.152,-1.574,-0.120,-1.578,0.0701,0.0421
202134,0.020000,0.02881,-0.00366,1.01855,-0.206,-1.620,-0.125,-1.581,-0.1895,-0.0800
202154,0.020000,0.02905,-0.00586,1.01782,-0.330,-1.635,-0.129,-1.578,0.0548,0.1719
202174,0.020000,0.02808,-0.00366,1.00684,-0.208,-1.597,-0.130,-1.581,-0.0139,-0.1335
202194,0.020000,0.02466,-0.00049,1.01880,-0.027,-1.386,-0.132,-1.575,-0.2124,0.1184
202214,0.020000,0.02930,-0.00146,1.02100,-0.082,-1.644,-0.130,-1.574,0.0930,0.1184
202234,0.020000,0.02759,0.00098,1.01782,0.055,-1.553,-0.125,-1.575,0.0395,-0.0724
202254,0.020000,0.03027,-0.00098,1.00732,-0.056,-1.721,-0.120,-1.578,0.1769,0.0192
202274,0.020000,0.03198,0.00049,1.01440,0.028,-1.806,-0.119,-1.583,-0.1055,-0.0571
202294,0.020000,0.03003,-0.00195,1.01636,-0.110,-1.692,-0.120,-1.586,-0.0139,0.0039
202314,0.020000,0.03027,-0.00488,1.01538,-0.276,-1.708,-0.116,-1.587,0.3602,0.0268
202334,0.020000,0.02905,-0.00464,1.01489,-0.262,-1.640,-0.115,-1.588,0.1922,0.0421
202354,0.020000,0.02637,-0.00586,1.01025,-0.332,-1.495,-0.120,-1.581,-0.0215,0.2482
202374,0.020000,0.02930,-0.00439,1.01050,-0.249,-1.661,-0.120,-1.582,0.1159,0.0268
202394,0.020000,0.02441,-0.00098,1.01904,-0.055,-1.372,-0.120,-1.576,-0.0979,0.0803
202414,0.020000,0.02881,-0.00171,1.01465,-0.097,-1.626,-0.116,-1.577,0.2151,0.0345
202434,0.020000,0.02490,-0.00024,1.01489,-0.014,-1.406,-0.110,-1.573,0.1769,0.0268
202454,0.020000,0.02905,-0.00244,1.01587,-0.138,-1.638,-0.108,-1.577,0.1388,-0.1335
202474,0.020000,0.02759,-0.00073,1.01978,-0.041,-1.550,-0.108,-1.576,-0.0521,0.0116
202494,0.020000,0.02734,-0.00122,1.01758,-0.069,-1.539,-0.106,-1.575,0.0472,-0.0037
202514,0.020000,0.02515,-0.00610,1.01489,-0.345,-1.419,-0.110,-1.573,0.0624,-0.0419
202534,0.020000,0.02905,-0.00806,1.01953,-0.453,-1.632,-0.116,-1.576,0.0014,-0.1029
202554,0.020000,0.02930,0.00366,1.01587,0.207,-1.652,-0.109,-1.578,0.0395,-0.0266
202574,0.020000,0.02832,0.00000,1.01489,0.000,-1.598,-0.109,-1.578,-0.1208,0.0192
202594,0.020000,0.02563,-0.00122,1.01733,-0.069,-1.443,-0.107,-1.574,0.0548,0.0879
202614,0.020000,0.02710,-0.00049,1.01123,-0.028,-1.535,-0.111,-1.576,-0.2811,-0.1716
202634,0.020000,0.02930,-0.00195,1.01880,-0.110,-1.647,-0.108,-1.580,0.1540,-0.1106
202654,0.020000,0.02466,0.00171,1.01221,0.097,-1.395,-0.104,-1.575,0.0014,0.0726
202674,0.020000,0.02979,-0.00171,1.01733,-0.096,-1.677,-0.101,-1.581,0.1311,-0.2022
202694,0.020000,0.02710,-0.00684,1.01929,-0.384,-1.523,-0.108,-1.577,-0.0521,0.1413
202714,0.020000,0.03174,-0.00269,1.01758,-0.151,-1.786,-0.107,-1.578,0.1006,0.1642
202734,0.020000,0.02856,-0.00317,1.01855,-0.179,-1.606,-0.110,-1.574,-0.0597,0.2100
202754,0.020000,0.02710,0.00122,1.01855,0.069,-1.524,-0.110,-1.574,-0.2200,-0.0495
202774,0.020000,0.02661,-0.00073,1.01123,-0.041,-1.507,-0.109,-1.572,-0.0139,0.0268
202794,0.020000,0.02832,-0.00073,1.01489,-0.041,-1.598,-0.108,-1.571,0.0166,0.1184
202814,0.020000,0.02832,-0.00317,1.01221,-0.180,-1.603,-0.107,-1.573,0.1235,-0.0724
202834,0.020000,0.02734,-0.00464,1.01978,-0.261,-1.536,-0.108,-1.575,0.0777,-0.1640
202854,0.020000,0.02979,-0.00806,1.01147,-0.456,-1.687,-0.121,-1.580,-0.2811,-0.1487
202874,0.020000,0.02515,-0.00146,1.01367,-0.083,-1.421,-0.119,-1.576,0.0624,0.0345
202894,0.020000,0.03003,-0.00342,1.01782,-0.192,-1.690,-0.121,-1.585,-0.0521,-0.3396
202914,0.020000,0.02954,0.00342,1.01587,0.193,-1.666,-0.108,-1.582,0.3525,0.2329
202934,0.020000,0.02905,-0.00415,1.01050,-0.235,-1.647,-0.109,-1.582,0.0930,0.0803
202954,0.020000,0.02612,-0.00073,1.01904,-0.041,-1.468,-0.109,-1.578,-0.0750,0.1032
202974,0.020000,0.02563,-0.00244,1.01978,-0.137,-1.440,-0.110,-1.573,-0.0139,0.1108
202994,0.020000,0.02881,-0.00146,1.01733,-0.082,-1.622,-0.107,-1.575,0.1006,-0.0419
203014,0.020000,0.02783,0.00000,1.01929,0.000,-1.564,-0.099,-1.580,0.2915,-0.2632
203034,0.020000,0.02954,-0.00269,1.01318,-0.152,-1.670,-0.098,-1.582,0.1388,-0.0342
203054,0.020000,0.03320,-0.00488,1.01904,-0.275,-1.866,-0.103,-1.588,-0.0826,-0.0113
203074,0.020000,0.03003,0.00000,1.01733,0.000,-1.691,-0.095,-1.588,0.2686,0.0803
203094,0.020000,0.02930,0.00049,1.01831,0.027,-1.648,-0.093,-1.591,0.0243,-0.0800
203114,0.020000,0.03149,0.00122,1.01099,0.069,-1.784,-0.087,-1.595,0.1235,0.0268
203134,0.020000,0.03003,-0.00391,1.01929,-0.220,-1.687,-0.091,-1.596,-0.0750,0.0192
203154,0.020000,0.02759,-0.00293,1.02002,-0.165,-1.549,-0.094,-1.592,-0.0750,0.1719
203174,0.020000,0.02710,-0.00391,1.01318,-0.221,-1.532,-0.101,-1.593,-0.2353,-0.1487
203194,0.020000,0.02612,0.00098,1.01392,0.055,-1.476,-0.096,-1.591,0.1006,0.0268
203214,0.020000,0.02856,-0.00659,1.01636,-0.372,-1.610,-0.098,-1.593,0.1617,-0.1106
203234,0.020000,0.02734,-0.00342,1.01563,-0.193,-1.542,-0.105,-1.594,-0.2505,-0.0800
203254,0.020000,0.02832,-0.00024,1.01855,-0.014,-1.593,-0.106,-1.594,-0.1513,-0.0037
203274,0.020000,0.02734,-0.00171,1.01611,-0.096,-1.541,-0.108,-1.592,-0.0902,0.0497
203294,0.020000,0.02954,-0.00024,1.01367,-0.014,-1.669,-0.102,-1.595,0.1998,-0.1029
203314,0.020000,0.02979,-0.00049,1.01416,-0.028,-1.682,-0.100,-1.597,0.0319,0.0192
203334,0.020000,0.02954,-0.00488,1.01538,-0.276,-1.666,-0.103,-1.595,0.0090,0.1490
203354,0.020000,0.02441,-0.00220,1.01489,-0.124,-1.378,-0.106,-1.589,-0.1131,0.0955
203374,0.020000,0.02637,-0.00391,1.01636,-0.220,-1.486,-0.102,-1.590,0.3296,-0.1640
203394,0.020000,0.02954,-0.00366,1.01709,-0.206,-1.664,-0.102,-1.591,0.0701,0.0345
203414,0.020000,0.02759,0.00024,1.01343,0.014,-1.559,-0.105,-1.588,-0.2734,0.0955
203434,0.020000,0.02759,-0.00439,1.01147,-0.249,-1.562,-0.108,-1.591,0.0395,-0.1716
203454,0.020000,0.03027,-0.00024,1.01953,-0.014,-1.701,-0.107,-1.598,-0.0521,-0.2556
203474,0.020000,0.02979,-0.00146,1.01782,-0.082,-1.676,-0.107,-1.596,-0.0139,0.2253
203494,0.020000,0.02783,0.00073,1.01538,0.041,-1.570,-0.104,-1.596,-0.0063,-0.0724
203514,0.020000,0.02686,-0.00342,1.01025,-0.194,-1.523,-0.107,-1.596,-0.0597,-0.0495
203534,0.020000,0.02661,0.00098,1.01147,0.055,-1.507,-0.100,-1.592,0.1540,0.0955
203554,0.020000,0.03076,-0.00269,1.02124,-0.151,-1.725,-0.105,-1.597,-0.1818,-0.1029
203574,0.020000,0.02710,-0.00488,1.01489,-0.276,-1.530,-0.103,-1.595,0.2686,0.0574
203594,0.020000,0.02759,-0.00659,1.01440,-0.372,-1.558,-0.107,-1.598,0.0853,-0.2403
203614,0.020000,0.02783,-0.00049,1.01514,-0.028,-1.570,-0.103,-1.594,0.1311,0.2253
203634,0.020000,0.03027,-0.00342,1.01685,-0.193,-1.705,-0.107,-1.595,-0.1513,0.0268
203654,0.020000,0.03027,0.00244,1.01660,0.138,-1.706,-0.107,-1.595,-0.2429,0.1032
203674,0.020000,0.02954,-0.00269,1.01294,-0.152,-1.670,-0.114,-1.594,-0.3040,0.1261
203694,0.020000,0.03027,-0.00195,1.01489,-0.110,-1.709,-0.113,-1.592,0.0701,0.2177
203714,0.020000,0.02954,-0.00049,1.01904,-0.027,-1.660,-0.116,-1.593,-0.2734,0.0268
203734,0.020000,0.02612,-0.00122,1.01270,-0.069,-1.478,-0.115,-1.595,0.0319,-0.2098
203754,0.020000,0.03174,-0.00146,1.01465,-0.083,-1.792,-0.119,-1.601,-0.2429,-0.0953
203774,0.020000,0.03101,-0.00244,1.01807,-0.137,-1.744,-0.123,-1.601,-0.1666,0.1261
203794,0.020000,0.02734,-0.00269,1.01074,-0.152,-1.550,-0.123,-1.600,0.0014,0.0116
203814,0.020000,0.02905,-0.00195,1.01318,-0.110,-1.642,-0.119,-1.601,0.2075,0.0039
203834,0.020000,0.02441,0.00098,1.01563,0.055,-1.377,-0.114,-1.594,0.0853,0.0955
203854,0.020000,0.02710,0.00342,1.01660,0.193,-1.527,-0.105,-1.596,0.1464,-0.1716
203874,0.020000,0.02661,-0.00098,1.01587,-0.055,-1.501,-0.105,-1.596,-0.0521,-0.0953
203894,0.020000,0.02661,-0.00684,1.01318,-0.387,-1.504,-0.107,-1.596,0.1846,-0.0495
203914,0.020000,0.03125,-0.00488,1.01685,-0.275,-1.760,-0.110,-1.604,0.0166,-0.2785
203934,0.020000,0.02832,-0.00488,1.01440,-0.276,-1.599,-0.113,-1.607,-0.0215,-0.1411
203954,0.020000,0.03223,-0.00757,1.01001,-0.429,-1.827,-0.125,-1.608,-0.2658,0.1642
203974,0.020000,0.02905,-0.00537,1.01929,-0.302,-1.633,-0.133,-1.612,-0.2047,-0.1564
203994,0.020000,0.02930,-0.00366,1.02148,-0.205,-1.643,-0.138,-1.613,-0.1818,-0.0113
204014,0.020000,0.02637,0.00146,1.02344,0.082,-1.476,-0.132,-1.608,0.0701,0.1108
204034,0.020000,0.02466,0.00171,1.02002,0.096,-1.385,-0.126,-1.602,0.0701,0.0726
204054,0.020000,0.02319,-0.00171,1.02222,-0.096,-1.300,-0.121,-1.598,0.2304,-0.1258
204074,0.020000,0.02539,-0.00684,1.01489,-0.386,-1.433,-0.124,-1.595,0.1006,-0.0037
204094,0.020000,0.02979,-0.00854,1.01294,-0.483,-1.684,-0.130,-1.596,0.0472,0.0421
204114,0.020000,0.02612,-0.00903,1.01221,-0.511,-1.478,-0.131,-1.595,0.3754,-0.0571
204134,0.020000,0.02979,-0.00781,1.01416,-0.441,-1.682,-0.138,-1.597,-0.0826,-0.0419
204154,0.020000,0.03296,-0.00024,1.01270,-0.014,-1.864,-0.139,-1.601,-0.1513,0.1032
204174,0.020000,0.03247,0.00488,1.02075,0.274,-1.822,-0.132,-1.607,-0.0521,-0.1258
204194,0.020000,0.02881,-0.00098,1.01880,-0.055,-1.620,-0.133,-1.605,-0.1208,0.1490
204214,0.020000,0.02832,-0.00195,1.01318,-0.110,-1.601,-0.132,-1.610,-0.0063,-0.2709
204234,0.020000,0.02759,-0.00098,1.01855,-0.055,-1.551,-0.131,-1.609,-0.0215,-0.0266
204254,0.020000,0.02734,-0.00415,1.01294,-0.235,-1.546,-0.131,-1.608,0.1082,-0.0190
204274,0.020000,0.02563,-0.00586,1.01611,-0.330,-1.445,-0.137,-1.607,-0.1055,-0.0877
204294,0.020000,0.02393,-0.00171,1.01685,-0.096,-1.348,-0.137,-1.604,-0.0521,-0.1182
204314,0.020000,0.02393,-0.00244,1.01538,-0.138,-1.350,-0.141,-1.601,-0.1666,-0.1106
204334,0.020000,0.02954,-0.00269,1.01587,-0.151,-1.666,-0.143,-1.600,-0.1131,0.1032
204354,0.020000,0.03149,0.00171,1.01318,0.097,-1.780,-0.139,-1.600,-0.0215,0.2177
204374,0.020000,0.03198,0.00073,1.01196,0.041,-1.810,-0.134,-1.605,0.0472,-0.0419
204394,0.020000,0.03394,0.00098,1.01050,0.055,-1.923,-0.129,-1.607,0.0472,0.1871
204414,0.020000,0.02686,0.00000,1.01880,0.000,-1.510,-0.123,-1.606,0.2075,-0.0266
204434,0.020000,0.02783,-0.00220,1.01587,-0.124,-1.569,-0.124,-1.605,-0.0444,0.0268
204454,0.020000,0.02905,-0.00391,1.01538,-0.220,-1.639,-0.132,-1.607,-0.3040,-0.0800
204474,0.020000,0.02271,-0.00781,1.01050,-0.443,-1.287,-0.133,-1.603,0.2456,-0.1258
204494,0.020000,0.02490,-0.00342,1.01611,-0.193,-1.404,-0.138,-1.601,-0.1895,-0.0877
204514,0.020000,0.02563,-0.00195,1.01880,-0.110,-1.441,-0.140,-1.599,-0.1208,-0.0495
204534,0.020000,0.02832,0.00146,1.01660,0.083,-1.596,-0.137,-1.598,-0.0750,0.0497
204554,0.020000,0.02490,-0.00024,1.01709,-0.014,-1.403,-0.136,-1.592,-0.0979,0.0803
204574,0.020000,0.02954,-0.00464,1.01538,-0.262,-1.666,-0.134,-1.593,0.2533,0.0421
204594,0.020000,0.02905,0.00220,1.01270,0.124,-1.643,-0.126,-1.599,0.1235,-0.2709
204614,0.020000,0.02881,-0.00244,1.01538,-0.138,-1.625,-0.122,-1.599,0.1998,0.0192
204634,0.020000,0.02686,-0.00342,1.01367,-0.193,-1.518,-0.127,-1.596,-0.1513,0.1032
204654,0.020000,0.02539,-0.00195,1.01733,-0.110,-1.430,-0.128,-1.591,-0.0750,0.0650
204674,0.020000,0.02783,-0.00562,1.02124,-0.315,-1.561,-0.133,-1.592,-0.0750,-0.0877
204694,0.020000,0.02881,0.00000,1.01318,0.000,-1.629,-0.131,-1.593,-0.0292,-0.0037
204714,0.020000,0.02759,0.00122,1.02222,0.068,-1.546,-0.129,-1.595,-0.0979,-0.1335
204734,0.020000,0.03271,0.00049,1.01196,0.028,-1.852,-0.123,-1.599,0.1464,0.0421
204754,0.020000,0.02783,-0.00098,1.01782,-0.055,-1.566,-0.122,-1.599,-0.0368,-0.0190
204774,0.020000,0.02783,-0.00562,1.01270,-0.318,-1.574,-0.127,-1.597,-0.0597,0.0726
204794,0.020000,0.02856,-0.00806,1.01709,-0.454,-1.609,-0.136,-1.599,-0.1055,-0.1106
204814,0.020000,0.03223,-0.00293,1.01172,-0.166,-1.824,-0.135,-1.602,0.0777,0.0650
204834,0.020000,0.03003,-0.00024,1.01587,-0.014,-1.693,-0.132,-1.602,0.0166,0.0879
204854,0.020000,0.02930,0.00415,1.01318,0.235,-1.656,-0.123,-1.600,0.0853,0.1719
204874,0.020000,0.02295,-0.00049,1.01611,-0.028,-1.294,-0.129,-1.592,-0.3650,0.1032
204894,0.020000,0.02515,-0.00220,1.01636,-0.124,-1.417,-0.128,-1.589,0.0090,-0.0342
204914,0.020000,0.02905,-0.00269,1.01440,-0.152,-1.641,-0.128,-1.592,0.0472,-0.1106
204934,0.020000,0.02710,-0.00098,1.01489,-0.055,-1.530,-0.126,-1.593,0.0319,-0.1182
204954,0.020000,0.02856,-0.00073,1.01563,-0.041,-1.611,-0.128,-1.596,-0.2047,-0.1182
204974,0.020000,0.02979,-0.00317,1.01367,-0.179,-1.683,-0.126,-1.597,0.1693,0.0268
204994,0.020000,0.03003,-0.00366,1.01343,-0.207,-1.697,-0.123,-1.602,0.2151,-0.1335
205014,0.020000,0.03174,-0.00073,1.01660,-0.041,-1.788,-0.119,-1.603,0.1388,0.1413
205034,0.020000,0.02808,-0.00342,1.01855,-0.192,-1.579,-0.121,-1.600,-0.0215,0.1184
205054,0.020000,0.03125,-0.00586,1.01001,-0.332,-1.772,-0.123,-1.600,0.1235,0.1642
205074,0.020000,0.02954,-0.00366,1.01563,-0.207,-1.666,-0.126,-1.595,-0.1131,0.3322
205094,0.020000,0.02563,-0.00220,1.01758,-0.124,-1.443,-0.128,-1.590,-0.0597,0.0879
205114,0.020000,0.03052,0.00195,1.01587,0.110,-1.721,-0.122,-1.593,0.0166,0.0039
205134,0.020000,0.02979,-0.00073,1.01831,-0.041,-1.675,-0.119,-1.595,0.0777,-0.0266
205154,0.020000,0.02417,0.00244,1.01685,0.138,-1.362,-0.111,-1.591,0.1540,-0.0342
205174,0.020000,0.02734,0.00098,1.01514,0.055,-1.543,-0.104,-1.594,0.1998,-0.1869
205194,0.020000,0.02979,-0.00195,1.01880,-0.110,-1.675,-0.108,-1.596,-0.1971,-0.0419
205214,0.020000,0.02637,-0.00342,1.01807,-0.192,-1.484,-0.110,-1.596,-0.0139,-0.0953
205234,0.020000,0.02930,-0.00781,1.01660,-0.440,-1.651,-0.122,-1.599,-0.2887,-0.1258
205254,0.020000,0.02759,-0.00195,1.01660,-0.110,-1.554,-0.124,-1.601,-0.1131,-0.1411
205274,0.020000,0.03149,-0.00415,1.01733,-0.234,-1.773,-0.122,-1.607,0.2075,-0.1029
205294,0.020000,0.03320,-0.00317,1.01343,-0.179,-1.877,-0.128,-1.611,-0.2124,0.0497
205314,0.020000,0.02734,0.00049,1.01831,0.027,-1.538,-0.125,-1.611,-0.0521,-0.0800
205334,0.020000,0.03076,-0.00488,1.01709,-0.275,-1.732,-0.125,-1.615,0.1769,-0.0800
205354,0.020000,0.02759,0.00024,1.01685,0.014,-1.554,-0.124,-1.612,-0.0673,0.1261
205374,0.020000,0.02515,-0.00293,1.02002,-0.165,-1.412,-0.128,-1.608,-0.1818,-0.0419
205394,0.020000,0.02490,0.00244,1.01831,0.137,-1.401,-0.122,-1.601,0.0166,0.1413
205414,0.020000,0.02563,0.00073,1.01709,0.041,-1.444,-0.118,-1.597,0.0624,0.0803
205434,0.020000,0.03027,-0.00879,1.01538,-0.496,-1.708,-0.123,-1.596,0.1311,0.1566
205454,0.020000,0.02783,0.00024,1.01660,0.014,-1.568,-0.116,-1.601,0.2227,-0.2861
205474,0.020000,0.02734,-0.00342,1.01147,-0.194,-1.549,-0.114,-1.601,0.1540,-0.0342
205494,0.020000,0.03003,-0.00220,1.01563,-0.124,-1.694,-0.119,-1.598,-0.2200,0.2482
205514,0.020000,0.03125,0.00122,1.01514,0.069,-1.763,-0.117,-1.601,-0.0902,-0.0113
205534,0.020000,0.02905,0.00146,1.01611,0.083,-1.638,-0.108,-1.600,0.2304,0.0955
205554,0.020000,0.02588,-0.00415,1.01831,-0.234,-1.456,-0.109,-1.597,0.1006,-0.0113
205574,0.020000,0.03101,0.00122,1.02271,0.068,-1.737,-0.108,-1.600,-0.1666,-0.0190
205594,0.020000,0.02563,-0.00586,1.01807,-0.330,-1.442,-0.115,-1.599,-0.0826,-0.0800
205614,0.020000,0.02441,-0.00391,1.01855,-0.220,-1.373,-0.124,-1.589,-0.3727,0.2864
205634,0.020000,0.02344,-0.00073,1.01782,-0.041,-1.319,-0.120,-1.584,0.1159,-0.0342
205654,0.020000,0.02856,-0.00391,1.01416,-0.221,-1.613,-0.121,-1.581,0.0472,0.1795
205674,0.020000,0.02734,0.00171,1.01270,0.097,-1.547,-0.115,-1.583,0.0853,-0.1335
205694,0.020000,0.02563,0.00366,1.01538,0.207,-1.446,-0.101,-1.576,0.3678,0.2177
205714,0.020000,0.03027,0.00122,1.01709,0.069,-1.705,-0.096,-1.578,0.1159,0.0039
205734,0.020000,0.02856,-0.00366,1.01855,-0.206,-1.606,-0.102,-1.579,-0.2276,-0.0190
205754,0.020000,0.02734,-0.00244,1.01611,-0.138,-1.541,-0.103,-1.580,-0.0139,-0.0800
205774,0.020000,0.02856,0.00171,1.01538,0.096,-1.611,-0.099,-1.580,0.0395,0.0421
205794,0.020000,0.02466,-0.00659,1.02026,-0.370,-1.384,-0.105,-1.574,-0.0444,0.0879
205814,0.020000,0.02515,0.00073,1.01172,0.041,-1.424,-0.103,-1.569,-0.0521,0.1108
205834,0.020000,0.02759,0.00073,1.01367,0.041,-1.559,-0.103,-1.571,-0.1589,-0.1029
205854,0.020000,0.02954,0.00049,1.01172,0.028,-1.672,-0.098,-1.574,0.1159,-0.0571
205874,0.020000,0.03125,-0.00244,1.01929,-0.137,-1.756,-0.099,-1.578,-0.0063,-0.0266
205894,0.020000,0.02661,-0.00415,1.02319,-0.232,-1.490,-0.102,-1.576,-0.0063,0.0421
205914,0.020000,0.02563,-0.00464,1.01318,-0.262,-1.449,-0.108,-1.577,-0.1513,-0.1716
205934,0.020000,0.02856,-0.00562,1.01123,-0.318,-1.618,-0.113,-1.579,-0.0292,-0.0724
205954,0.020000,0.02441,0.00098,1.00806,0.056,-1.387,-0.113,-1.576,-0.1818,-0.0571
205974,0.020000,0.03149,-0.00195,1.01440,-0.110,-1.778,-0.115,-1.579,-0.1131,0.0421
205994,0.020000,0.02905,0.00171,1.01611,0.096,-1.638,-0.110,-1.580,0.0777,0.0345
206014,0.020000,0.03101,0.00244,1.01538,0.138,-1.749,-0.110,-1.584,-0.2811,-0.0342
206034,0.020000,0.02856,0.00098,1.01245,0.055,-1.616,-0.105,-1.584,0.0853,0.0421
206054,0.020000,0.03149,-0.00195,1.01611,-0.110,-1.775,-0.105,-1.588,0.0243,-0.0342
206074,0.020000,0.02734,0.00049,1.01660,0.028,-1.541,-0.101,-1.590,0.0624,-0.1411
206094,0.020000,0.02710,-0.00342,1.01733,-0.192,-1.526,-0.106,-1.585,-0.1513,0.1795
206114,0.020000,0.02783,-0.00244,1.01904,-0.137,-1.564,-0.108,-1.580,-0.0597,0.2482
206134,0.020000,0.02637,-0.00049,1.01514,-0.028,-1.488,-0.104,-1.580,0.1159,-0.1182
206154,0.020000,0.02686,-0.00171,1.01587,-0.096,-1.514,-0.105,-1.582,-0.0597,-0.1335
206174,0.020000,0.02832,-0.00220,1.01416,-0.124,-1.600,-0.102,-1.582,0.1617,0.0192
206194,0.020000,0.02441,0.00000,1.00537,0.000,-1.391,-0.101,-1.577,-0.0521,0.0497
206214,0.020000,0.03247,0.00122,1.01025,0.069,-1.841,-0.098,-1.576,-0.0063,0.3398
206234,0.020000,0.02808,-0.00269,1.01147,-0.152,-1.590,-0.100,-1.574,-0.0902,0.0879
206254,0.020000,0.02417,0.00146,1.01514,0.083,-1.364,-0.095,-1.566,0.0930,0.1871
206274,0.020000,0.03027,0.00391,1.01660,0.220,-1.706,-0.087,-1.569,0.0701,-0.0037
206294,0.020000,0.03027,-0.00391,1.01514,-0.220,-1.708,-0.091,-1.574,-0.0597,-0.1029
206314,0.020000,0.02661,-0.00220,1.01807,-0.124,-1.497,-0.095,-1.577,-0.1818,-0.2403
206334,0.020000,0.03198,-0.00293,1.01465,-0.165,-1.805,-0.095,-1.580,0.1006,0.0574
206354,0.020000,0.03198,-0.00073,1.01416,-0.041,-1.806,-0.094,-1.585,0.0014,-0.0037
206374,0.020000,0.02686,-0.00269,1.01416,-0.152,-1.517,-0.093,-1.578,0.1082,0.2864
206394,0.020000,0.02368,-0.00024,1.01001,-0.014,-1.343,-0.092,-1.579,-0.0444,-0.2861
206414,0.020000,0.02417,-0.00366,1.01318,-0.207,-1.367,-0.091,-1.575,0.1540,0.0116
206434,0.020000,0.02393,-0.00293,1.01440,-0.165,-1.351,-0.092,-1.566,0.0243,0.2100
206454,0.020000,0.02905,-0.00684,1.01294,-0.387,-1.643,-0.100,-1.574,-0.0750,-0.3319
206474,0.020000,0.02515,-0.00317,1.02148,-0.178,-1.410,-0.104,-1.570,-0.1284,0.0116
206494,0.020000,0.03027,-0.00269,1.01660,-0.151,-1.706,-0.107,-1.575,-0.0979,-0.0724
206514,0.020000,0.03052,-0.00464,1.01611,-0.262,-1.720,-0.109,-1.580,0.0548,-0.1335
206534,0.020000,0.02808,-0.00220,1.01538,-0.124,-1.584,-0.113,-1.578,-0.1818,0.1108
206554,0.020000,0.03247,-0.00195,1.01782,-0.110,-1.827,-0.112,-1.583,0.0166,0.0039
206574,0.020000,0.02930,-0.00464,1.01831,-0.261,-1.648,-0.119,-1.581,-0.2200,0.1490
206594,0.020000,0.03003,-0.00439,1.01025,-0.249,-1.703,-0.123,-1.586,-0.0292,-0.0953
206614,0.020000,0.02930,0.00000,1.01221,0.000,-1.658,-0.120,-1.588,-0.0063,-0.0571
206634,0.020000,0.02783,-0.00098,1.02100,-0.055,-1.561,-0.118,-1.592,0.0243,-0.2251
206654,0.020000,0.02783,-0.00293,1.01563,-0.165,-1.570,-0.122,-1.591,-0.1131,0.0116
206674,0.020000,0.02954,-0.00195,1.01465,-0.110,-1.668,-0.122,-1.596,-0.0521,-0.1487
206694,0.020000,0.03003,-0.00635,1.00977,-0.360,-1.703,-0.129,-1.601,-0.0750,-0.1335
206714,0.020000,0.02905,-0.00098,1.01929,-0.055,-1.633,-0.128,-1.599,-0.0673,0.1337
206734,0.020000,0.02686,-0.00464,1.01001,-0.263,-1.523,-0.131,-1.600,0.0014,-0.1716
206754,0.020000,0.02710,-0.00293,1.01489,-0.165,-1.530,-0.130,-1.594,0.0701,0.2635
206774,0.020000,0.02588,-0.00244,1.02026,-0.137,-1.453,-0.132,-1.589,-0.0826,0.1032
206794,0.020000,0.02466,-0.00342,1.01099,-0.194,-1.397,-0.136,-1.588,-0.1208,-0.1182
206814,0.020000,0.02979,-0.00415,1.01245,-0.235,-1.685,-0.139,-1.596,-0.0444,-0.3472
206834,0.020000,0.03003,-0.00293,1.01318,-0.166,-1.698,-0.139,-1.597,-0.0063,0.0421
206854,0.020000,0.02734,-0.00098,1.01343,-0.055,-1.546,-0.138,-1.592,-0.0292,0.2177
206874,0.020000,0.03198,0.00220,1.01538,0.124,-1.804,-0.134,-1.597,-0.0444,-0.0113
206894,0.020000,0.02832,-0.00073,1.01978,-0.041,-1.591,-0.137,-1.601,-0.2505,-0.2098
206914,0.020000,0.03247,-0.00317,1.01685,-0.179,-1.829,-0.136,-1.605,0.1006,0.0116
206934,0.020000,0.03198,-0.00366,1.01709,-0.206,-1.801,-0.137,-1.610,-0.0139,-0.0571
206954,0.020000,0.02759,-0.00171,1.01660,-0.096,-1.554,-0.140,-1.615,-0.1742,-0.3167
206974,0.020000,0.02734,-0.00610,1.01538,-0.344,-1.543,-0.147,-1.616,-0.1589,-0.1029
206994,0.020000,0.03027,-0.00513,1.01709,-0.289,-1.705,-0.150,-1.621,0.0014,-0.1564
207014,0.020000,0.02686,-0.00293,1.01831,-0.165,-1.511,-0.151,-1.624,-0.0521,-0.2709
207034,0.020000,0.02832,-0.00439,1.01929,-0.247,-1.592,-0.157,-1.622,-0.1666,0.0268
207054,0.020000,0.02612,-0.00122,1.01367,-0.069,-1.476,-0.157,-1.619,-0.0902,0.0421
207074,0.020000,0.02881,0.00049,1.01904,0.027,-1.619,-0.157,-1.620,-0.2047,-0.0877
207094,0.020000,0.02856,-0.00220,1.01758,-0.124,-1.608,-0.154,-1.623,0.1006,-0.1411
207114,0.020000,0.02905,-0.00317,1.01563,-0.179,-1.639,-0.154,-1.620,0.0319,0.1795
207134,0.020000,0.03027,-0.00342,1.01807,-0.192,-1.703,-0.154,-1.622,0.0319,-0.0190
207154,0.020000,0.02832,0.00073,1.02148,0.041,-1.588,-0.148,-1.624,0.1159,-0.1564
207174,0.020000,0.03125,-0.00513,1.01758,-0.289,-1.759,-0.151,-1.630,0.0166,-0.1411
207194,0.020000,0.02637,0.00098,1.01392,0.055,-1.490,-0.152,-1.629,-0.2887,-0.1106
207214,0.020000,0.02808,0.00000,1.01685,0.000,-1.582,-0.152,-1.629,-0.1360,-0.0266
207234,0.020000,0.02148,-0.00220,1.01514,-0.124,-1.212,-0.151,-1.623,-0.0139,-0.1564
207254,0.020000,0.02808,0.00073,1.01514,0.041,-1.584,-0.156,-1.625,-0.4185,-0.1258
207274,0.020000,0.02612,-0.00415,1.01514,-0.234,-1.474,-0.155,-1.622,0.1082,0.0039
207294,0.020000,0.02905,-0.00244,1.01538,-0.138,-1.639,-0.156,-1.620,-0.0444,0.1184
207314,0.020000,0.03003,-0.00366,1.01904,-0.206,-1.688,-0.156,-1.623,0.0624,-0.1106
207334,0.020000,0.02588,0.00098,1.01416,0.055,-1.462,-0.154,-1.620,-0.1589,0.0268
207354,0.020000,0.02686,-0.00366,1.01489,-0.207,-1.516,-0.161,-1.621,-0.2963,-0.1945
207374,0.020000,0.02881,-0.00122,1.01807,-0.069,-1.621,-0.156,-1.625,0.1769,-0.1945
207394,0.020000,0.02954,-0.00391,1.01782,-0.220,-1.662,-0.156,-1.624,0.0701,0.0803
207414,0.020000,0.02881,-0.00391,1.01685,-0.220,-1.623,-0.157,-1.626,0.0090,-0.0800
207434,0.020000,0.02832,-0.00073,1.02002,-0.041,-1.590,-0.157,-1.628,-0.1360,-0.1564
207454,0.020000,0.02588,-0.00317,1.01733,-0.179,-1.457,-0.155,-1.626,0.1464,-0.0419
207474,0.020000,0.02930,-0.00269,1.02051,-0.151,-1.644,-0.153,-1.624,0.0930,0.1108
207494,0.020000,0.02808,-0.00024,1.01660,-0.014,-1.582,-0.152,-1.626,-0.1131,-0.1411
207514,0.020000,0.02832,-0.00635,1.01294,-0.359,-1.601,-0.156,-1.625,0.0090,0.0421
207534,0.020000,0.02588,-0.00073,1.01440,-0.041,-1.461,-0.155,-1.624,-0.0368,-0.1335
207554,0.020000,0.02881,-0.00269,1.01270,-0.152,-1.629,-0.157,-1.621,-0.0902,0.1719
207574,0.020000,0.02881,-0.00391,1.02271,-0.219,-1.614,-0.162,-1.622,-0.1971,-0.0953
207594,0.020000,0.02930,-0.00195,1.02393,-0.109,-1.639,-0.158,-1.622,0.1464,0.0192
207614,0.020000,0.03271,-0.00195,1.01294,-0.110,-1.850,-0.160,-1.625,-0.1437,0.1032
207634,0.020000,0.02271,-0.00049,1.02344,-0.027,-1.271,-0.160,-1.609,-0.1589,0.4391
207654,0.020000,0.02734,-0.00122,1.00635,-0.069,-1.556,-0.158,-1.605,-0.0063,0.1337
207674,0.020000,0.03027,-0.00244,1.02222,-0.137,-1.696,-0.157,-1.609,0.0243,-0.0953
207694,0.020000,0.02539,-0.00391,1.01318,-0.221,-1.436,-0.158,-1.608,0.0166,-0.1258
207714,0.020000,0.02808,-0.00439,1.01147,-0.249,-1.590,-0.160,-1.608,0.0090,-0.0113
207734,0.020000,0.02734,-0.00317,1.01343,-0.179,-1.546,-0.167,-1.606,-0.3498,0.0497
207754,0.020000,0.02954,-0.00391,1.01245,-0.221,-1.671,-0.170,-1.608,-0.0673,-0.0266
207774,0.020000,0.02686,-0.00098,1.01660,-0.055,-1.513,-0.166,-1.600,0.0624,0.3169
207794,0.020000,0.02856,0.00073,1.01563,0.041,-1.611,-0.163,-1.598,-0.0750,0.0650
207814,0.020000,0.02734,0.00513,1.01709,0.289,-1.540,-0.156,-1.600,-0.0750,-0.1182
207834,0.020000,0.02637,0.00000,1.01221,0.000,-1.492,-0.147,-1.599,0.3067,-0.0648
207854,0.020000,0.02783,-0.00610,1.01367,-0.345,-1.573,-0.152,-1.599,-0.0826,-0.0495
207874,0.020000,0.03101,-0.00342,1.01660,-0.193,-1.747,-0.154,-1.601,-0.0368,0.0421
207894,0.020000,0.03101,-0.00806,1.01392,-0.455,-1.752,-0.154,-1.605,0.3220,-0.0113
207914,0.020000,0.03296,-0.00684,1.01563,-0.386,-1.859,-0.162,-1.613,-0.1818,-0.1793
207934,0.020000,0.02979,-0.00781,1.01465,-0.441,-1.681,-0.165,-1.616,0.1388,-0.0648
207954,0.020000,0.03394,-0.00244,1.01099,-0.138,-1.923,-0.170,-1.623,-0.2887,-0.0342
207974,0.020000,0.02881,0.00269,1.02051,0.151,-1.617,-0.163,-1.619,0.0395,0.1795
207994,0.020000,0.02637,0.00317,1.01782,0.179,-1.484,-0.154,-1.619,0.1082,-0.1564
208014,0.020000,0.02490,0.00220,1.01929,0.124,-1.400,-0.146,-1.614,0.1311,0.0574
208034,0.020000,0.02368,-0.00171,1.02026,-0.096,-1.330,-0.145,-1.605,-0.0063,0.1642
208054,0.020000,0.02271,-0.00610,1.01392,-0.345,-1.283,-0.144,-1.599,0.2304,-0.0037
208074,0.020000,0.02881,-0.01440,1.01733,-0.811,-1.622,-0.156,-1.599,0.0548,-0.0113
208094,0.020000,0.02930,-0.00537,1.01538,-0.303,-1.653,-0.162,-1.600,-0.1284,0.0116
208114,0.020000,0.03369,0.00195,1.02026,0.110,-1.891,-0.161,-1.607,-0.2200,-0.0342
208134,0.020000,0.03125,0.00415,1.01611,0.234,-1.762,-0.154,-1.611,-0.0750,-0.0571
208154,0.020000,0.02979,0.00903,1.01587,0.509,-1.679,-0.138,-1.604,0.1540,0.4085
208174,0.020000,0.02612,0.00610,1.01978,0.343,-1.467,-0.130,-1.601,-0.0750,0.0039
208194,0.020000,0.02734,-0.00439,1.01343,-0.248,-1.546,-0.133,-1.597,-0.0597,0.1490
208214,0.020000,0.02759,-0.00781,1.02100,-0.438,-1.548,-0.138,-1.599,0.1006,-0.1487
208234,0.020000,0.02271,-0.00781,1.02100,-0.438,-1.274,-0.148,-1.593,-0.2047,-0.0190
208254,0.020000,0.02222,-0.01147,1.01709,-0.646,-1.251,-0.160,-1.586,-0.1360,0.0345
208274,0.020000,0.02490,-0.00708,1.01440,-0.400,-1.406,-0.168,-1.578,-0.1284,0.2253
208294,0.020000,0.03198,-0.00122,1.01343,-0.069,-1.808,-0.166,-1.583,-0.0444,-0.0571
208314,0.020000,0.03394,0.00537,1.01367,0.304,-1.917,-0.158,-1.591,-0.0292,-0.0342
208334,0.020000,0.03271,0.00537,1.01172,0.304,-1.852,-0.148,-1.595,0.0166,0.0268
208354,0.020000,0.03149,0.00293,1.01245,0.166,-1.782,-0.145,-1.597,-0.1437,0.0955
208374,0.020000,0.03271,-0.00439,1.01636,-0.248,-1.844,-0.148,-1.600,-0.0750,0.0879
208394,0.020000,0.02881,-0.00977,1.01782,-0.550,-1.621,-0.155,-1.607,0.0701,-0.3014
208414,0.020000,0.02808,-0.00806,1.01465,-0.455,-1.585,-0.158,-1.608,0.1311,-0.1106
208434,0.020000,0.02173,-0.00317,1.01538,-0.179,-1.226,-0.160,-1.597,-0.0826,0.2177
208454,0.020000,0.03101,0.00146,1.01831,0.082,-1.744,-0.156,-1.601,-0.0368,-0.0953
208474,0.020000,0.02783,0.00537,1.01733,0.302,-1.567,-0.144,-1.602,0.1540,-0.0648
208494,0.020000,0.03003,0.00195,1.01978,0.110,-1.687,-0.140,-1.604,-0.0368,-0.0190
208514,0.020000,0.02637,-0.00415,1.00977,-0.235,-1.496,-0.144,-1.603,-0.1513,-0.0495
208534,0.020000,0.03101,-0.00439,1.01294,-0.249,-1.753,-0.147,-1.608,-0.0368,-0.0877
208554,0.020000,0.02881,-0.00293,1.01465,-0.165,-1.626,-0.141,-1.611,0.3220,-0.1487
208574,0.020000,0.03125,-0.00586,1.01343,-0.331,-1.766,-0.147,-1.613,-0.0826,0.0650
208594,0.020000,0.03076,-0.00195,1.01611,-0.110,-1.734,-0.144,-1.615,0.0777,-0.0113
208614,0.020000,0.03198,-0.00537,1.01587,-0.303,-1.803,-0.154,-1.617,-0.3040,0.0955
208634,0.020000,0.02295,-0.00146,1.01978,-0.082,-1.289,-0.150,-1.608,0.1082,0.1108
208654,0.020000,0.02271,0.00024,1.01270,0.014,-1.284,-0.144,-1.600,0.1617,0.0803
208674,0.020000,0.02588,-0.00146,1.01636,-0.083,-1.459,-0.140,-1.598,0.1464,-0.0037
208694,0.020000,0.02612,-0.00171,1.01343,-0.097,-1.477,-0.137,-1.597,0.0777,-0.0953
208714,0.020000,0.02759,-0.00098,1.01904,-0.055,-1.551,-0.132,-1.600,0.1769,-0.2174
208734,0.020000,0.03003,-0.00244,1.01831,-0.137,-1.689,-0.131,-1.603,0.0777,-0.0495
208754,0.020000,0.03101,-0.00171,1.01465,-0.097,-1.750,-0.128,-1.601,0.1235,0.2406
208774,0.020000,0.03125,-0.00488,1.01489,-0.276,-1.764,-0.131,-1.603,-0.0444,0.0955
208794,0.020000,0.02930,0.00195,1.01758,0.110,-1.649,-0.124,-1.606,0.1159,-0.1182
208814,0.020000,0.02661,-0.00122,1.01733,-0.069,-1.498,-0.121,-1.601,0.1159,0.1566
208834,0.020000,0.02344,0.00146,1.01416,0.083,-1.324,-0.122,-1.595,-0.2658,0.0116
208854,0.020000,0.02246,0.00049,1.01318,0.028,-1.270,-0.123,-1.588,-0.1818,0.0039
208874,0.020000,0.02417,-0.00146,1.01880,-0.082,-1.359,-0.119,-1.583,0.1235,0.0192
208894,0.020000,0.02710,-0.00244,1.01172,-0.138,-1.534,-0.120,-1.580,-0.0292,0.1261
208914,0.020000,0.02954,-0.00366,1.01538,-0.207,-1.666,-0.125,-1.583,-0.1360,-0.0419
208934,0.020000,0.02954,-0.00488,1.01709,-0.275,-1.664,-0.130,-1.585,-0.1360,-0.0190
208954,0.020000,0.02393,-0.00513,1.01563,-0.289,-1.349,-0.130,-1.579,0.1617,0.0268
208974,0.020000,0.03101,-0.00586,1.02271,-0.328,-1.737,-0.135,-1.583,-0.0444,-0.0113
208994,0.020000,0.03149,-0.00098,1.01440,-0.055,-1.778,-0.132,-1.586,0.0777,0.0497
209014,0.020000,0.02637,0.00244,1.01392,0.138,-1.490,-0.128,-1.587,-0.0597,-0.1869
209034,0.020000,0.02710,-0.00073,1.01831,-0.041,-1.524,-0.126,-1.591,0.0166,-0.2480
209054,0.020000,0.02686,0.00073,1.01147,0.041,-1.521,-0.123,-1.589,-0.0521,0.0421
209074,0.020000,0.02612,-0.00195,1.01611,-0.110,-1.473,-0.127,-1.586,-0.1818,0.0116
209094,0.020000,0.02588,-0.00146,1.01465,-0.083,-1.461,-0.128,-1.584,-0.0979,-0.0037
209114,0.020000,0.02539,-0.00098,1.00952,-0.055,-1.441,-0.129,-1.579,-0.1513,0.1108
209134,0.020000,0.02881,0.00122,1.01636,0.069,-1.624,-0.129,-1.579,-0.1666,0.0268
209154,0.020000,0.03052,-0.00073,1.01611,-0.041,-1.720,-0.126,-1.581,0.0243,0.0574
209174,0.020000,0.03149,-0.00073,1.01050,-0.042,-1.785,-0.123,-1.586,0.0624,-0.0800
209194,0.020000,0.03125,-0.00049,1.01270,-0.028,-1.767,-0.122,-1.595,-0.0139,-0.2327
209214,0.020000,0.03491,-0.00464,1.02246,-0.260,-1.956,-0.121,-1.601,0.1922,0.0268
209234,0.020000,0.02368,-0.00439,1.01660,-0.248,-1.334,-0.120,-1.600,0.1540,-0.1945
209254,0.020000,0.02881,-0.00171,1.01196,-0.097,-1.631,-0.120,-1.601,-0.0139,-0.0419
209274,0.020000,0.02954,-0.00391,1.01514,-0.220,-1.667,-0.119,-1.604,0.1769,-0.0495
209294,0.020000,0.02759,-0.00195,1.01416,-0.110,-1.558,-0.122,-1.602,-0.1895,0.0421
209314,0.020000,0.02393,-0.00098,1.02197,-0.055,-1.341,-0.122,-1.600,-0.0673,-0.1793
209334,0.020000,0.02930,-0.00415,1.01416,-0.234,-1.655,-0.122,-1.605,0.1159,-0.1945
209354,0.020000,0.02441,-0.00293,1.01611,-0.165,-1.376,-0.122,-1.599,0.0777,0.0574
209374,0.020000,0.02881,-0.00024,1.01294,-0.014,-1.629,-0.117,-1.599,0.1006,0.0345
209394,0.020000,0.02856,-0.00171,1.01880,-0.096,-1.606,-0.115,-1.601,0.1235,-0.0953
209414,0.020000,0.03003,0.00244,1.02026,0.137,-1.686,-0.111,-1.601,-0.0597,0.0803
209434,0.020000,0.02783,-0.00293,1.00977,-0.166,-1.579,-0.111,-1.600,0.0548,0.0268
209454,0.020000,0.02905,-0.00293,1.02295,-0.164,-1.627,-0.110,-1.605,0.0853,-0.1945
209474,0.020000,0.02539,-0.00122,1.01611,-0.069,-1.431,-0.109,-1.602,0.0395,-0.0190
209494,0.020000,0.02710,-0.00464,1.01343,-0.262,-1.532,-0.114,-1.597,-0.1055,0.1795
209514,0.020000,0.02759,-0.00220,1.01294,-0.124,-1.560,-0.116,-1.593,-0.0979,0.1337
209534,0.020000,0.02710,0.00024,1.01318,0.014,-1.532,-0.119,-1.592,-0.3116,-0.0113
209554,0.020000,0.03003,-0.00366,1.00659,-0.208,-1.709,-0.122,-1.597,-0.0292,-0.1106
209574,0.020000,0.02808,0.00098,1.01587,0.055,-1.583,-0.117,-1.597,0.0624,-0.0342
209594,0.020000,0.02905,0.00146,1.01636,0.083,-1.637,-0.110,-1.599,0.1311,-0.0495
209614,0.020000,0.02905,-0.00220,1.01343,-0.124,-1.642,-0.107,-1.600,0.1846,-0.0266
209634,0.020000,0.02734,-0.00366,1.01001,-0.208,-1.551,-0.109,-1.601,-0.0215,-0.0800
209654,0.020000,0.02612,-0.00146,1.01636,-0.083,-1.472,-0.105,-1.601,0.1769,-0.1182
209674,0.020000,0.02686,-0.00244,1.01709,-0.138,-1.512,-0.102,-1.600,0.1846,-0.0571
209694,0.020000,0.02441,-0.00244,1.01123,-0.138,-1.383,-0.107,-1.593,-0.1895,0.1642
209714,0.020000,0.03101,0.00220,1.01147,0.124,-1.756,-0.107,-1.596,-0.2429,-0.0037
209734,0.020000,0.02612,-0.00342,1.01660,-0.193,-1.472,-0.106,-1.593,0.1464,0.0345
209754,0.020000,0.02905,0.00146,1.01147,0.083,-1.645,-0.103,-1.594,-0.0292,-0.0342
209774,0.020000,0.02979,0.00195,1.01318,0.110,-1.684,-0.094,-1.595,0.2151,0.0497
209794,0.020000,0.02832,-0.00391,1.02246,-0.219,-1.587,-0.100,-1.598,-0.1513,-0.1258
209814,0.020000,0.03540,-0.00171,1.02124,-0.096,-1.985,-0.100,-1.602,-0.0368,0.1795
209834,0.020000,0.02856,-0.00098,1.01514,-0.055,-1.612,-0.097,-1.599,0.1464,0.1413
209854,0.020000,0.02930,-0.00317,1.01489,-0.179,-1.653,-0.097,-1.599,0.0548,0.0726
209874,0.020000,0.02686,-0.00439,1.01904,-0.247,-1.510,-0.101,-1.598,-0.0597,-0.0724
209894,0.020000,0.02612,-0.00366,1.01221,-0.207,-1.478,-0.100,-1.597,0.1846,-0.0495
209914,0.020000,0.02539,-0.00220,1.01733,-0.124,-1.430,-0.099,-1.593,0.0701,0.0192
209934,0.020000,0.02759,-0.00317,1.00903,-0.180,-1.566,-0.099,-1.593,0.0853,0.0039
209954,0.020000,0.02881,-0.00513,1.01831,-0.288,-1.620,-0.104,-1.596,-0.0673,-0.1258
209974,0.020000,0.02881,0.00269,1.01270,0.152,-1.629,-0.099,-1.600,-0.0139,-0.1716
209994,0.020000,0.02783,-0.00293,1.01367,-0.166,-1.573,-0.101,-1.596,-0.0063,0.1871
210014,0.020000,0.02783,-0.00488,1.01782,-0.275,-1.566,-0.104,-1.589,0.0014,0.2864
210034,0.020000,0.02637,0.00000,1.01660,0.000,-1.486,-0.098,-1.592,0.1769,-0.2480
210054,0.020000,0.02661,-0.00391,1.00928,-0.222,-1.510,-0.096,-1.591,0.2762,-0.0266
210074,0.020000,0.02344,-0.00122,1.01538,-0.069,-1.322,-0.095,-1.587,0.0014,-0.0877
210094,0.020000,0.02832,-0.00439,1.01855,-0.247,-1.593,-0.097,-1.583,0.0701,0.2100
210114,0.020000,0.02515,-0.00366,1.01440,-0.207,-1.420,-0.098,-1.580,0.0624,0.0116
210134,0.020000,0.02197,-0.00391,1.01611,-0.220,-1.239,-0.103,-1.567,-0.1589,0.3169
210154,0.020000,0.02612,-0.00488,1.01685,-0.275,-1.472,-0.102,-1.564,0.2456,0.0345
210174,0.020000,0.03027,-0.00049,1.01978,-0.027,-1.700,-0.102,-1.567,-0.0673,0.0116
210194,0.020000,0.03174,-0.00952,1.01660,-0.537,-1.788,-0.110,-1.569,0.0243,0.1032
210214,0.020000,0.03027,-0.00073,1.01807,-0.041,-1.703,-0.109,-1.573,-0.0292,-0.0419
210234,0.020000,0.03467,0.00317,1.00879,0.180,-1.968,-0.102,-1.580,0.0853,0.0116
210254,0.020000,0.03027,0.00146,1.00781,0.083,-1.721,-0.099,-1.582,-0.0750,0.0650
210274,0.020000,0.02417,-0.00146,1.01318,-0.083,-1.367,-0.101,-1.574,-0.1208,0.1719
210294,0.020000,0.02808,-0.00171,1.01172,-0.097,-1.590,-0.107,-1.576,-0.2887,-0.0953
210314,0.020000,0.02661,-0.00244,1.01221,-0.138,-1.506,-0.107,-1.575,0.0472,-0.0266
210334,0.020000,0.02539,-0.00342,1.01294,-0.193,-1.436,-0.109,-1.571,-0.0063,0.1032
210354,0.020000,0.02930,-0.00513,1.01782,-0.289,-1.649,-0.111,-1.572,0.0777,-0.0037
210374,0.020000,0.02515,0.00073,1.01904,0.041,-1.414,-0.112,-1.568,-0.2124,0.0574
210394,0.020000,0.02881,-0.00195,1.01489,-0.110,-1.626,-0.116,-1.564,-0.2353,0.2635
210414,0.020000,0.02856,-0.00049,1.01147,-0.028,-1.618,-0.115,-1.565,-0.0063,-0.0113
210434,0.020000,0.03101,-0.00146,1.01343,-0.083,-1.752,-0.114,-1.568,0.0166,0.0421
210454,0.020000,0.02905,-0.00146,1.02026,-0.082,-1.631,-0.110,-1.571,0.1617,-0.0648
210474,0.020000,0.02710,-0.00171,1.01929,-0.096,-1.523,-0.111,-1.571,-0.0597,-0.0495
210494,0.020000,0.02466,0.00317,1.01953,0.178,-1.385,-0.105,-1.568,0.0243,-0.0648
210514,0.020000,0.02759,-0.00073,1.01099,-0.042,-1.563,-0.100,-1.565,0.1846,0.1719
210534,0.020000,0.02588,-0.00391,1.01782,-0.220,-1.456,-0.098,-1.563,0.2304,-0.0342
210554,0.020000,0.02979,-0.00464,1.01294,-0.262,-1.684,-0.102,-1.567,-0.0521,-0.0648
210574,0.020000,0.03027,-0.00464,1.01587,-0.262,-1.707,-0.105,-1.573,-0.0063,-0.1640
210594,0.020000,0.03198,-0.00806,1.01465,-0.455,-1.805,-0.115,-1.572,-0.1513,0.3016
210614,0.020000,0.03076,-0.00195,1.01343,-0.110,-1.739,-0.114,-1.575,0.0395,0.0116
210634,0.020000,0.03076,0.00073,1.00806,0.042,-1.748,-0.108,-1.579,0.1540,-0.0190
210654,0.020000,0.02734,0.00537,1.01660,0.303,-1.541,-0.106,-1.575,-0.3269,0.1413
210674,0.020000,0.02808,0.00073,1.01270,0.041,-1.588,-0.100,-1.574,0.1769,0.0726
210694,0.020000,0.02563,-0.00195,1.01489,-0.110,-1.447,-0.106,-1.569,-0.2887,0.1032
210714,0.020000,0.02515,-0.00391,1.01587,-0.220,-1.418,-0.105,-1.567,0.1693,-0.0342
210734,0.020000,0.02612,-0.00977,1.01587,-0.551,-1.473,-0.118,-1.570,-0.2124,-0.2480
210754,0.020000,0.02832,-0.00757,1.01440,-0.427,-1.599,-0.126,-1.565,-0.1055,0.3016
210774,0.020000,0.03223,-0.00537,1.01465,-0.303,-1.819,-0.130,-1.566,-0.0215,0.1795
210794,0.020000,0.02783,0.00098,1.02148,0.055,-1.561,-0.124,-1.567,0.1006,-0.0648
210814,0.020000,0.03491,0.00024,1.01538,0.014,-1.969,-0.124,-1.575,-0.1360,0.0116
210834,0.020000,0.03198,0.00024,1.01660,0.014,-1.802,-0.119,-1.579,0.1159,0.0421
210854,0.020000,0.03247,-0.00366,1.01440,-0.207,-1.833,-0.121,-1.585,0.0090,-0.0266
210874,0.020000,0.02832,0.00049,1.02124,0.027,-1.588,-0.118,-1.583,0.0166,0.0650
210894,0.020000,0.02295,-0.00562,1.01709,-0.316,-1.293,-0.125,-1.574,-0.1818,0.1948
210914,0.020000,0.02808,-0.00342,1.01904,-0.192,-1.578,-0.125,-1.576,0.0701,-0.0877
210934,0.020000,0.02490,-0.00195,1.01538,-0.110,-1.405,-0.125,-1.575,-0.0292,-0.1564
210954,0.020000,0.02417,0.00000,1.01270,0.000,-1.367,-0.121,-1.572,0.1006,-0.0571
210974,0.020000,0.02710,-0.00098,1.01587,-0.055,-1.528,-0.119,-1.569,0.0472,0.1261
210994,0.020000,0.03052,-0.00122,1.01489,-0.069,-1.722,-0.116,-1.576,0.0701,-0.2022
211014,0.020000,0.03076,-0.00684,1.01709,-0.385,-1.732,-0.122,-1.580,0.0014,-0.0342
211034,0.020000,0.02954,-0.00415,1.01953,-0.233,-1.660,-0.130,-1.582,-0.2963,-0.0419
211054,0.020000,0.02808,-0.00317,1.01270,-0.180,-1.588,-0.130,-1.582,0.0319,0.0268
211074,0.020000,0.02686,-0.00439,1.01978,-0.247,-1.509,-0.127,-1.581,0.2609,-0.0266
211094,0.020000,0.02490,0.00146,1.01489,0.083,-1.406,-0.122,-1.577,0.0395,0.0039
211114,0.020000,0.02441,0.00293,1.01929,0.165,-1.372,-0.115,-1.573,0.0777,0.0268
211134,0.020000,0.02441,-0.00122,1.01147,-0.069,-1.383,-0.113,-1.567,0.0548,0.0650
211154,0.020000,0.02197,-0.00464,1.01001,-0.263,-1.246,-0.116,-1.559,-0.0063,0.1108
211174,0.020000,0.02979,-0.00464,1.01074,-0.263,-1.688,-0.118,-1.563,0.0624,-0.0724
211194,0.020000,0.03271,-0.00366,1.00952,-0.208,-1.856,-0.122,-1.569,-0.1437,-0.0342
211214,0.020000,0.03174,-0.00244,1.01099,-0.138,-1.798,-0.125,-1.578,-0.1360,-0.2022
211234,0.020000,0.02930,0.00269,1.01489,0.152,-1.653,-0.117,-1.578,0.1617,0.0726
211254,0.020000,0.02930,0.00049,1.01465,0.028,-1.654,-0.114,-1.578,-0.0215,0.0803
211274,0.020000,0.02905,0.00073,1.02026,0.041,-1.631,-0.114,-1.578,-0.1513,0.0650
211294,0.020000,0.02441,0.00171,1.01538,0.096,-1.377,-0.108,-1.575,0.0777,-0.0724
211314,0.020000,0.02539,-0.00366,1.01489,-0.207,-1.433,-0.109,-1.574,0.0472,-0.1029
211334,0.020000,0.02637,-0.00635,1.00977,-0.360,-1.496,-0.112,-1.576,0.1006,-0.1411
211354,0.020000,0.02344,-0.00830,1.01709,-0.468,-1.320,-0.123,-1.574,-0.1666,-0.1945
211374,0.020000,0.02441,-0.00464,1.02026,-0.260,-1.371,-0.127,-1.569,-0.0597,0.0497
211394,0.020000,0.02905,-0.00146,1.01294,-0.083,-1.643,-0.130,-1.570,-0.1971,0.0116
211414,0.020000,0.03418,0.00024,1.01172,0.014,-1.935,-0.126,-1.579,0.0319,-0.0571
211434,0.020000,0.02930,-0.00244,1.01172,-0.138,-1.659,-0.122,-1.579,0.2456,0.0497
211454,0.020000,0.03003,-0.00171,1.01587,-0.096,-1.693,-0.122,-1.582,-0.0292,-0.0266
211474,0.020000,0.02856,-0.00269,1.01465,-0.152,-1.613,-0.120,-1.582,0.1235,0.0497
211494,0.020000,0.02588,-0.00464,1.01318,-0.262,-1.463,-0.122,-1.578,0.0243,0.0726
211514,0.020000,0.02612,-0.00635,1.01660,-0.358,-1.472,-0.127,-1.572,-0.0215,0.1948
211534,0.020000,0.02393,-0.00293,1.01587,-0.165,-1.349,-0.133,-1.568,-0.2429,-0.0113
211554,0.020000,0.02441,-0.00098,1.01221,-0.055,-1.382,-0.133,-1.563,-0.1055,0.0497
211574,0.020000,0.02588,-0.00317,1.00952,-0.180,-1.468,-0.133,-1.563,0.0853,-0.0724
211594,0.020000,0.02905,-0.00464,1.01807,-0.261,-1.635,-0.135,-1.565,-0.0063,-0.0342
211614,0.020000,0.03003,-0.00024,1.01489,-0.014,-1.695,-0.133,-1.571,-0.0139,-0.1564
211634,0.020000,0.03296,-0.00244,1.02100,-0.137,-1.849,-0.134,-1.576,-0.0444,0.0268
211654,0.020000,0.02490,-0.00244,1.01880,-0.137,-1.400,-0.138,-1.569,-0.2124,0.1566
211674,0.020000,0.03027,-0.00366,1.01074,-0.208,-1.716,-0.142,-1.569,-0.1284,0.1719
211694,0.020000,0.02686,-0.00269,1.01538,-0.152,-1.515,-0.143,-1.569,-0.0063,-0.0800
211714,0.020000,0.03052,-0.00488,1.01953,-0.274,-1.715,-0.147,-1.571,-0.0673,0.0650
211734,0.020000,0.02466,0.00122,1.01807,0.069,-1.387,-0.143,-1.569,-0.0368,-0.1106
211754,0.020000,0.02637,-0.00171,1.01636,-0.096,-1.486,-0.141,-1.571,0.0395,-0.1564
211774,0.020000,0.02661,-0.00195,1.02197,-0.109,-1.492,-0.140,-1.570,0.0166,-0.0495
211794,0.020000,0.02710,-0.00146,1.01221,-0.083,-1.534,-0.139,-1.568,-0.0139,0.0497
211814,0.020000,0.03271,-0.00464,1.01245,-0.263,-1.851,-0.145,-1.573,-0.1666,0.0421
211834,0.020000,0.02856,-0.00171,1.01099,-0.097,-1.618,-0.141,-1.572,0.1388,0.1261
211854,0.020000,0.02954,-0.00415,1.02100,-0.233,-1.657,-0.146,-1.575,-0.1208,-0.0953
211874,0.020000,0.03320,-0.00220,1.01685,-0.124,-1.870,-0.142,-1.585,0.1846,-0.1869
211894,0.020000,0.02783,-0.00073,1.01538,-0.041,-1.570,-0.141,-1.584,-0.0750,0.0116
211914,0.020000,0.02612,-0.00220,1.01416,-0.124,-1.476,-0.138,-1.582,0.1388,0.0039
211934,0.020000,0.02710,-0.00171,1.01294,-0.097,-1.532,-0.141,-1.583,-0.1971,-0.1029
211954,0.020000,0.02515,-0.00122,1.01538,-0.069,-1.419,-0.141,-1.578,-0.0521,0.0650
211974,0.020000,0.02808,0.00024,1.01904,0.014,-1.578,-0.134,-1.579,0.1693,-0.0113
211994,0.020000,0.02783,-0.00781,1.01343,-0.442,-1.573,-0.139,-1.580,0.0624,-0.0724
212014,0.020000,0.02661,-0.01343,1.01294,-0.759,-1.505,-0.151,-1.579,0.0166,-0.0495
212034,0.020000,0.02881,0.00293,1.01416,0.166,-1.627,-0.142,-1.580,0.1464,0.0345
212054,0.020000,0.02734,0.00879,1.01172,0.498,-1.548,-0.127,-1.575,0.1388,0.2100
212074,0.020000,0.03174,0.01001,1.01514,0.565,-1.791,-0.110,-1.578,0.1311,0.0726
212094,0.020000,0.02905,0.00220,1.01294,0.124,-1.643,-0.103,-1.581,0.1006,-0.1182
212114,0.020000,0.02954,-0.01367,1.01685,-0.770,-1.664,-0.111,-1.583,0.2762,0.0039
212134,0.020000,0.03076,-0.01978,1.01514,-1.116,-1.735,-0.132,-1.589,-0.0139,-0.1487
212154,0.020000,0.03101,-0.01855,1.01782,-1.044,-1.745,-0.153,-1.588,-0.1284,0.1948
212174,0.020000,0.03076,-0.00757,1.01709,-0.426,-1.732,-0.164,-1.591,-0.2887,0.0039
212194,0.020000,0.02515,0.00464,1.01172,0.263,-1.424,-0.159,-1.585,-0.1742,0.1413
212214,0.020000,0.02246,0.01050,1.01685,0.592,-1.265,-0.144,-1.576,-0.0063,0.1184
212234,0.020000,0.02222,0.01294,1.01733,0.729,-1.251,-0.126,-1.571,0.0166,-0.0724
212254,0.020000,0.02563,0.00708,1.01636,0.399,-1.445,-0.120,-1.569,-0.2429,0.0039
212274,0.020000,0.03296,-0.00220,1.01538,-0.124,-1.859,-0.117,-1.579,0.1617,-0.2556
212294,0.020000,0.02759,-0.01636,1.01489,-0.923,-1.557,-0.130,-1.581,0.1846,-0.0877
212314,0.020000,0.02881,-0.01563,1.01611,-0.881,-1.624,-0.148,-1.578,-0.1513,0.1719
212334,0.020000,0.03296,-0.00879,1.01807,-0.495,-1.854,-0.155,-1.582,-0.0444,0.0726
212354,0.020000,0.02441,0.00415,1.01904,0.233,-1.372,-0.149,-1.581,-0.0902,-0.1487
212374,0.020000,0.02905,0.01611,1.01416,0.910,-1.641,-0.125,-1.581,0.1464,0.0421
212394,0.020000,0.02393,0.01416,1.01025,0.803,-1.357,-0.108,-1.577,-0.0673,-0.0037
212414,0.020000,0.02734,-0.00024,1.01709,-0.014,-1.540,-0.102,-1.577,0.2075,-0.0190
212434,0.020000,0.02686,-0.01831,1.01123,-1.037,-1.521,-0.115,-1.575,0.3067,0.0116
212454,0.020000,0.02832,-0.02515,1.01758,-1.416,-1.594,-0.138,-1.570,0.1540,0.2864
212474,0.020000,0.03052,-0.01514,1.01245,-0.857,-1.726,-0.158,-1.581,-0.2963,-0.4006
212494,0.020000,0.03247,-0.00806,1.01831,-0.453,-1.826,-0.165,-1.586,-0.0597,-0.0342
212514,0.020000,0.02954,0.00488,1.02222,0.274,-1.655,-0.154,-1.587,0.1311,0.0345
212534,0.020000,0.02734,0.01758,1.01514,0.992,-1.543,-0.134,-1.588,-0.1818,-0.0648
212554,0.020000,0.02856,0.01440,1.01196,0.815,-1.617,-0.111,-1.588,0.1998,-0.0037
212574,0.020000,0.02515,0.00537,1.00830,0.305,-1.429,-0.102,-1.586,0.0624,-0.0724
212594,0.020000,0.02734,-0.00781,1.01978,-0.439,-1.536,-0.105,-1.583,0.1617,0.1032
212614,0.020000,0.02759,-0.02075,1.01050,-1.176,-1.564,-0.128,-1.580,-0.0826,0.1490
212634,0.020000,0.02930,-0.01660,1.01440,-0.938,-1.654,-0.144,-1.581,0.0319,0.0421
212654,0.020000,0.03027,-0.01099,1.01392,-0.621,-1.710,-0.154,-1.584,-0.0444,-0.0495
212674,0.020000,0.03735,-0.00073,1.01831,-0.041,-2.101,-0.147,-1.596,0.2762,-0.0571
212694,0.020000,0.02954,0.00732,1.01465,0.414,-1.668,-0.141,-1.597,-0.2963,0.0116
212714,0.020000,0.03125,0.00806,1.01685,0.454,-1.760,-0.130,-1.598,-0.0215,0.1261
212734,0.020000,0.02686,0.00830,1.01001,0.471,-1.523,-0.118,-1.598,-0.0292,-0.0877
212754,0.020000,0.02808,-0.00122,1.01172,-0.069,-1.590,-0.120,-1.598,-0.1055,-0.0266
212774,0.020000,0.02612,-0.00464,1.01318,-0.262,-1.477,-0.120,-1.594,0.1082,0.0955
212794,0.020000,0.02539,-0.00708,1.01636,-0.399,-1.431,-0.124,-1.594,0.0853,-0.1411
212814,0.020000,0.02466,-0.00342,1.01172,-0.194,-1.396,-0.126,-1.590,-0.0215,-0.0113
212834,0.020000,0.02905,-0.00391,1.00952,-0.222,-1.648,-0.130,-1.594,-0.1055,-0.1411
212854,0.020000,0.02783,-0.00146,1.01636,-0.083,-1.569,-0.130,-1.595,-0.0673,-0.0800
212874,0.020000,0.03345,0.00391,1.01709,0.220,-1.883,-0.124,-1.600,-0.0444,0.0421
212894,0.020000,0.02783,0.00293,1.01367,0.166,-1.573,-0.121,-1.596,-0.1513,0.1566
212914,0.020000,0.02881,0.00537,1.01245,0.304,-1.630,-0.115,-1.594,-0.1208,0.1413
212934,0.020000,0.03052,0.00317,1.01465,0.179,-1.723,-0.111,-1.596,-0.0597,0.0268
212954,0.020000,0.02783,-0.00220,1.02002,-0.123,-1.563,-0.110,-1.597,0.0395,-0.0953
212974,0.020000,0.02368,-0.00269,1.00952,-0.152,-1.344,-0.109,-1.590,0.0701,0.1337
212994,0.020000,0.02612,-0.00488,1.01685,-0.275,-1.472,-0.110,-1.588,0.1617,-0.0342
213014,0.020000,0.02246,-0.00854,1.01782,-0.481,-1.264,-0.117,-1.579,0.0166,0.1261
213034,0.020000,0.03003,-0.00708,1.01611,-0.399,-1.693,-0.124,-1.584,-0.0979,-0.1335
213054,0.020000,0.02832,0.00146,1.01563,0.083,-1.597,-0.116,-1.582,0.2227,0.0955
213074,0.020000,0.03076,0.00586,1.01563,0.331,-1.735,-0.107,-1.581,-0.0139,0.2100
213094,0.020000,0.03149,0.00488,1.01270,0.276,-1.781,-0.100,-1.583,-0.0063,0.1184
213114,0.020000,0.02979,0.00073,1.02148,0.041,-1.670,-0.094,-1.588,0.1235,-0.1869
213134,0.020000,0.02808,-0.00391,1.01660,-0.220,-1.582,-0.095,-1.593,0.1006,-0.2632
213154,0.020000,0.02637,-0.00781,1.01514,-0.441,-1.488,-0.100,-1.592,0.0853,-0.0342
213174,0.020000,0.02612,-0.01172,1.01489,-0.662,-1.474,-0.111,-1.590,0.0319,-0.0113
213194,0.020000,0.02197,-0.00244,1.01660,-0.138,-1.238,-0.113,-1.579,-0.0902,0.1719
213214,0.020000,0.02319,0.00171,1.01636,0.096,-1.307,-0.109,-1.578,-0.0292,-0.2098
213234,0.020000,0.02808,0.00684,1.01636,0.385,-1.582,-0.099,-1.577,0.0395,0.0726
213254,0.020000,0.02539,0.00415,1.01563,0.234,-1.432,-0.091,-1.575,0.0624,-0.0724
213274,0.020000,0.02783,0.00049,1.00928,0.028,-1.580,-0.088,-1.582,0.0472,-0.3167
213294,0.020000,0.03076,-0.00391,1.01807,-0.220,-1.731,-0.089,-1.584,0.0395,0.0192
213314,0.020000,0.02954,-0.00708,1.01563,-0.399,-1.666,-0.092,-1.585,0.1769,0.0421
213334,0.020000,0.03003,-0.00586,1.01294,-0.331,-1.698,-0.100,-1.585,-0.1742,0.1184
213354,0.020000,0.03198,-0.00244,1.00854,-0.139,-1.816,-0.098,-1.589,0.1617,0.0497
213374,0.020000,0.02905,-0.00122,1.01807,-0.069,-1.635,-0.094,-1.593,0.1769,-0.2022
213394,0.020000,0.02905,0.00049,1.01538,0.028,-1.639,-0.089,-1.591,0.1388,0.1642
213414,0.020000,0.02637,0.00146,1.01929,0.082,-1.482,-0.087,-1.586,-0.0826,0.1719
213434,0.020000,0.02563,-0.00244,1.01318,-0.138,-1.449,-0.086,-1.581,0.0853,0.0879
213454,0.020000,0.02905,-0.00220,1.01147,-0.124,-1.645,-0.083,-1.585,0.2151,-0.1411
213474,0.020000,0.02930,-0.00562,1.01563,-0.317,-1.652,-0.086,-1.586,0.0701,0.0116
213494,0.020000,0.03052,-0.00244,1.01733,-0.137,-1.718,-0.085,-1.593,0.0930,-0.2022
213514,0.020000,0.03076,-0.00488,1.01538,-0.276,-1.735,-0.090,-1.595,-0.0673,0.0116
213534,0.020000,0.02832,-0.00073,1.01733,-0.041,-1.595,-0.091,-1.593,-0.0902,0.1337
213554,0.020000,0.02808,-0.00024,1.01855,-0.014,-1.579,-0.087,-1.593,0.1540,-0.0190
213574,0.020000,0.02979,-0.00391,1.01758,-0.220,-1.677,-0.088,-1.591,0.0930,0.1871
213594,0.020000,0.02612,0.00024,1.01514,0.014,-1.474,-0.085,-1.587,0.0166,0.0955
213614,0.020000,0.02808,0.00049,1.01904,0.027,-1.578,-0.084,-1.587,-0.0368,-0.0266
213634,0.020000,0.02759,-0.00220,1.01904,-0.124,-1.551,-0.081,-1.590,0.1617,-0.1716
213654,0.020000,0.02563,-0.00024,1.02100,-0.014,-1.438,-0.083,-1.585,-0.1360,0.0726
213674,0.020000,0.03027,0.00098,1.02197,0.055,-1.697,-0.077,-1.586,0.1388,0.0726
213694,0.020000,0.02710,-0.00610,1.01660,-0.344,-1.527,-0.086,-1.585,-0.1666,-0.0190
213714,0.020000,0.02637,-0.00586,1.01440,-0.331,-1.489,-0.092,-1.589,-0.0673,-0.2632
213734,0.020000,0.03271,-0.00171,1.01221,-0.097,-1.851,-0.094,-1.594,-0.0902,-0.0113
213754,0.020000,0.02661,0.00049,1.01123,0.028,-1.507,-0.088,-1.591,0.1922,0.0421
213774,0.020000,0.02954,0.00024,1.01514,0.014,-1.667,-0.088,-1.596,-0.1208,-0.1335
213794,0.020000,0.02466,-0.00049,1.01929,-0.027,-1.386,-0.084,-1.595,0.1235,-0.1716
213814,0.020000,0.02637,-0.00342,1.01563,-0.193,-1.487,-0.088,-1.588,-0.0750,0.2558
213834,0.020000,0.02661,-0.00488,1.02075,-0.274,-1.493,-0.090,-1.585,0.0853,0.0268
213854,0.020000,0.02734,-0.00610,1.01538,-0.344,-1.543,-0.096,-1.581,-0.0673,0.1719
213874,0.020000,0.02466,-0.00513,1.00928,-0.291,-1.400,-0.099,-1.579,0.0777,-0.0800
213894,0.020000,0.03247,-0.00146,1.01074,-0.083,-1.840,-0.100,-1.583,-0.0826,0.0726
213914,0.020000,0.02856,0.00269,1.02002,0.151,-1.604,-0.098,-1.585,-0.1666,-0.0724
213934,0.020000,0.02905,-0.00024,1.02075,-0.014,-1.630,-0.100,-1.587,-0.1513,-0.0648
213954,0.020000,0.03003,0.00171,1.02002,0.096,-1.686,-0.095,-1.589,0.0548,0.0039
213974,0.020000,0.02856,0.00000,1.01685,0.000,-1.609,-0.096,-1.589,-0.1742,-0.0113
213994,0.020000,0.02417,-0.00195,1.01538,-0.110,-1.364,-0.103,-1.586,-0.3498,-0.0571
214014,0.020000,0.02612,-0.00488,1.01465,-0.276,-1.475,-0.105,-1.585,0.0701,-0.0724
214034,0.020000,0.02808,-0.00513,1.01099,-0.291,-1.591,-0.120,-1.581,-0.5330,0.2329
214054,0.020000,0.02686,-0.00073,1.01929,-0.041,-1.509,-0.115,-1.579,0.1540,0.0268
214074,0.020000,0.03223,-0.00195,1.00635,-0.111,-1.834,-0.116,-1.586,-0.0521,-0.1335
214094,0.020000,0.02808,0.00293,1.01855,0.165,-1.579,-0.107,-1.591,0.1922,-0.2480
214114,0.020000,0.03125,-0.00073,1.01270,-0.041,-1.767,-0.101,-1.591,0.2380,0.1871
214134,0.020000,0.02954,0.00000,1.01465,0.000,-1.668,-0.103,-1.592,-0.2047,0.0192
214154,0.020000,0.02979,0.00098,1.01807,0.055,-1.676,-0.100,-1.593,-0.0292,0.0574
214174,0.020000,0.02441,-0.00488,1.01392,-0.276,-1.379,-0.107,-1.586,-0.1589,0.1413
214194,0.020000,0.02734,0.00171,1.01782,0.096,-1.539,-0.104,-1.584,-0.0673,0.0497
214214,0.020000,0.02930,-0.00220,1.01685,-0.124,-1.650,-0.104,-1.584,0.0166,0.0345
214234,0.020000,0.02563,0.00098,1.01172,0.055,-1.451,-0.101,-1.581,0.0014,0.0268
214254,0.020000,0.02686,0.00024,1.01172,0.014,-1.521,-0.101,-1.583,-0.1360,-0.1716
214274,0.020000,0.03027,-0.00293,1.01074,-0.166,-1.716,-0.100,-1.586,0.1388,0.0192
214294,0.020000,0.02734,-0.00366,1.01709,-0.206,-1.540,-0.102,-1.587,-0.0215,-0.1411
214314,0.020000,0.03125,-0.00049,1.01611,-0.028,-1.762,-0.100,-1.588,0.0624,0.1719
214334,0.020000,0.02710,0.00122,1.01489,0.069,-1.530,-0.097,-1.587,-0.0215,-0.0495
214354,0.020000,0.03052,-0.00464,1.01636,-0.261,-1.720,-0.095,-1.592,0.2227,-0.0800
214374,0.020000,0.02319,0.00024,1.01733,0.014,-1.306,-0.093,-1.581,0.0395,0.2711
214394,0.020000,0.02588,-0.00073,1.02417,-0.041,-1.447,-0.093,-1.579,-0.0902,-0.0419
214414,0.020000,0.03320,-0.00293,1.01563,-0.165,-1.872,-0.095,-1.584,-0.0139,0.0345
214434,0.020000,0.02954,0.00024,1.02100,0.014,-1.657,-0.093,-1.583,0.0090,0.1184
214454,0.020000,0.02466,-0.00049,1.01489,-0.028,-1.392,-0.090,-1.578,0.0853,0.0421
214474,0.020000,0.02563,-0.00391,1.01807,-0.220,-1.442,-0.093,-1.574,-0.0215,0.0726
214494,0.020000,0.02734,-0.00269,1.01489,-0.152,-1.543,-0.094,-1.573,-0.0215,0.0345
214514,0.020000,0.03174,-0.00317,1.01782,-0.179,-1.786,-0.099,-1.580,-0.1589,-0.1564
214534,0.020000,0.02783,-0.00146,1.01709,-0.083,-1.567,-0.097,-1.577,0.0853,0.1413
214554,0.020000,0.02856,-0.00415,1.01392,-0.235,-1.614,-0.100,-1.573,-0.0292,0.2558
214574,0.020000,0.02759,0.00098,1.01392,0.055,-1.559,-0.097,-1.574,0.0243,-0.0724
214594,0.020000,0.02783,0.00049,1.01318,0.028,-1.574,-0.097,-1.575,-0.1284,-0.0342
214614,0.020000,0.02661,-0.00269,1.01514,-0.152,-1.502,-0.098,-1.571,0.0090,0.0955
214634,0.020000,0.02661,-0.00122,1.01807,-0.069,-1.497,-0.099,-1.568,-0.0826,0.1184
214654,0.020000,0.02881,-0.00049,1.01270,-0.028,-1.629,-0.097,-1.570,0.0395,-0.0648
214674,0.020000,0.03003,-0.00293,1.02051,-0.164,-1.685,-0.103,-1.570,-0.2353,0.1184
214694,0.020000,0.02979,-0.00903,1.02075,-0.507,-1.671,-0.109,-1.572,0.1006,0.0116
214714,0.020000,0.03491,-0.00391,1.01758,-0.220,-1.965,-0.112,-1.573,-0.0521,0.3627
214734,0.020000,0.02832,-0.00049,1.01831,-0.027,-1.593,-0.111,-1.569,-0.0444,0.2253
214754,0.020000,0.02979,-0.00293,1.01538,-0.165,-1.680,-0.109,-1.573,0.1693,-0.1106
214774,0.020000,0.02686,-0.00610,1.01392,-0.345,-1.517,-0.111,-1.575,0.1235,-0.1487
214794,0.020000,0.02856,-0.00220,1.00879,-0.125,-1.622,-0.117,-1.576,-0.2887,0.0039
214814,0.020000,0.02515,-0.00098,1.01685,-0.055,-1.417,-0.117,-1.569,-0.0750,0.1871
214834,0.020000,0.02832,-0.00049,1.01123,-0.028,-1.604,-0.116,-1.567,-0.0368,0.1337
214854,0.020000,0.02734,0.00073,1.01050,0.042,-1.550,-0.117,-1.571,-0.1971,-0.2251
214874,0.020000,0.03052,-0.00244,1.01587,-0.138,-1.721,-0.118,-1.576,-0.0063,-0.0800
214894,0.020000,0.02417,-0.00269,1.01270,-0.152,-1.367,-0.119,-1.572,-0.0597,-0.0037
214914,0.020000,0.02930,-0.00269,1.02222,-0.151,-1.642,-0.118,-1.568,0.1159,0.2329
214934,0.020000,0.02856,0.00073,1.01563,0.041,-1.611,-0.117,-1.565,-0.1360,0.1948
214954,0.020000,0.02759,-0.00293,1.01489,-0.165,-1.557,-0.119,-1.564,-0.0521,0.0650
214974,0.020000,0.02808,-0.00586,1.01221,-0.332,-1.589,-0.120,-1.566,0.1922,-0.0724
214994,0.020000,0.02686,0.00024,1.01660,0.014,-1.513,-0.114,-1.565,0.1617,-0.0037
215014,0.020000,0.03198,-0.00122,1.01855,-0.069,-1.798,-0.115,-1.566,-0.0979,0.1795
215034,0.020000,0.02783,-0.00244,1.01294,-0.138,-1.574,-0.119,-1.567,-0.1895,-0.0648
215054,0.020000,0.02808,-0.00195,1.01416,-0.110,-1.586,-0.117,-1.570,0.0853,-0.0953
215074,0.020000,0.02441,-0.00684,1.01416,-0.386,-1.379,-0.122,-1.566,0.0319,0.0039
215094,0.020000,0.02856,0.00269,1.01611,0.151,-1.610,-0.118,-1.566,-0.0597,0.0192
215114,0.020000,0.03101,-0.00024,1.01855,-0.014,-1.744,-0.117,-1.569,-0.0750,0.0497
215134,0.020000,0.03101,-0.00195,1.01343,-0.110,-1.752,-0.116,-1.576,0.0472,-0.1564
215154,0.020000,0.02808,-0.00513,1.01367,-0.290,-1.587,-0.121,-1.577,-0.0673,-0.0800
215174,0.020000,0.02710,-0.00562,1.01392,-0.317,-1.531,-0.128,-1.579,-0.1742,-0.1411
215194,0.020000,0.02710,-0.00146,1.01685,-0.083,-1.527,-0.128,-1.578,-0.0215,0.0039
215214,0.020000,0.02832,-0.00171,1.00903,-0.097,-1.608,-0.124,-1.576,0.1388,0.1184
215234,0.020000,0.02637,-0.00269,1.01758,-0.151,-1.484,-0.123,-1.571,0.0853,0.1795
215254,0.020000,0.03174,-0.00024,1.01611,-0.014,-1.789,-0.123,-1.574,-0.0979,0.0650
215274,0.020000,0.02563,-0.00195,1.01318,-0.110,-1.449,-0.123,-1.573,-0.0215,-0.0648
215294,0.020000,0.02637,-0.00073,1.01245,-0.041,-1.492,-0.122,-1.576,-0.0063,-0.2327
215314,0.020000,0.02905,-0.00220,1.01465,-0.124,-1.640,-0.122,-1.572,-0.0292,0.2482
215334,0.020000,0.02881,0.00122,1.01563,0.069,-1.625,-0.118,-1.574,0.0090,-0.0571
215354,0.020000,0.03149,-0.00464,1.00903,-0.263,-1.788,-0.120,-1.580,0.0395,-0.0800
215374,0.020000,0.03125,-0.00488,1.01733,-0.275,-1.759,-0.125,-1.582,-0.0826,0.0879
215394,0.020000,0.02881,-0.00391,1.01147,-0.221,-1.631,-0.128,-1.580,-0.0368,0.1719
215414,0.020000,0.02905,-0.00317,1.02100,-0.178,-1.630,-0.125,-1.578,0.1998,0.1566
215434,0.020000,0.02686,0.00024,1.01392,0.014,-1.517,-0.122,-1.582,0.0090,-0.2632
215454,0.020000,0.02563,0.00000,1.01392,0.000,-1.448,-0.117,-1.575,0.1464,0.2100
215474,0.020000,0.02515,-0.00171,1.01050,-0.097,-1.426,-0.122,-1.568,-0.3116,0.1719
215494,0.020000,0.02661,-0.00195,1.02026,-0.110,-1.494,-0.122,-1.563,0.0014,0.1795
215514,0.020000,0.02710,-0.00342,1.01904,-0.192,-1.523,-0.126,-1.561,-0.1284,0.0650
215534,0.020000,0.03149,-0.00293,1.01489,-0.165,-1.777,-0.130,-1.567,-0.1742,-0.0419
215554,0.020000,0.02783,-0.00269,1.01245,-0.152,-1.575,-0.134,-1.567,-0.1895,-0.0113
215574,0.020000,0.03003,-0.00562,1.01123,-0.318,-1.701,-0.134,-1.569,0.1846,0.0345
215594,0.020000,0.02441,0.00000,1.01489,0.000,-1.378,-0.136,-1.566,-0.2047,-0.0342
215614,0.020000,0.03101,-0.00317,1.01172,-0.180,-1.755,-0.139,-1.568,-0.1208,0.1032
215634,0.020000,0.02686,-0.00269,1.01929,-0.151,-1.509,-0.141,-1.570,-0.0902,-0.2098
215654,0.020000,0.02832,0.00000,1.01660,0.000,-1.596,-0.137,-1.569,0.0701,0.1261
215674,0.020000,0.02856,-0.00439,1.01758,-0.247,-1.608,-0.134,-1.572,0.2456,-0.1182
215694,0.020000,0.02466,0.00024,1.01416,0.014,-1.393,-0.130,-1.569,0.0777,-0.0571
215714,0.020000,0.02979,-0.00586,1.01685,-0.330,-1.678,-0.133,-1.571,0.0166,0.0116
215734,0.020000,0.02979,-0.00122,1.01465,-0.069,-1.681,-0.137,-1.572,-0.2353,0.0726
215754,0.020000,0.02466,-0.00269,1.01660,-0.151,-1.389,-0.140,-1.566,-0.1437,0.1337
215774,0.020000,0.02930,0.00195,1.01660,0.110,-1.651,-0.140,-1.568,-0.2582,-0.0495
215794,0.020000,0.03027,-0.00244,1.02222,-0.137,-1.696,-0.141,-1.569,-0.0750,0.0726
215814,0.020000,0.02368,0.00024,1.01050,0.014,-1.343,-0.136,-1.570,0.1235,-0.2403
215834,0.020000,0.03125,0.00000,1.01563,0.000,-1.762,-0.131,-1.571,0.0853,0.1108
215854,0.020000,0.03174,-0.00269,1.01270,-0.152,-1.795,-0.133,-1.574,-0.0673,0.0879
215874,0.020000,0.02368,-0.00171,1.01563,-0.096,-1.336,-0.133,-1.567,-0.0292,0.0955
215894,0.020000,0.02734,-0.00415,1.02002,-0.233,-1.536,-0.133,-1.566,0.1006,0.0192
215914,0.020000,0.02710,-0.00073,1.01514,-0.041,-1.529,-0.129,-1.561,0.1006,0.2177
215934,0.020000,0.02759,-0.00293,1.01270,-0.166,-1.560,-0.134,-1.560,-0.2124,0.0803
215954,0.020000,0.02612,0.00171,1.01514,0.096,-1.474,-0.126,-1.557,0.1846,0.0574
215974,0.020000,0.03174,-0.00073,1.01489,-0.041,-1.791,-0.124,-1.558,0.0166,0.2100
215994,0.020000,0.02417,0.00195,1.01465,0.110,-1.365,-0.118,-1.554,0.0472,-0.0037
216014,0.020000,0.02661,-0.00049,1.01563,-0.028,-1.501,-0.113,-1.550,0.1693,0.1261
216034,0.020000,0.02783,-0.00220,1.01221,-0.124,-1.575,-0.108,-1.550,0.2762,0.0192
216054,0.020000,0.02539,-0.00391,1.01294,-0.221,-1.436,-0.111,-1.550,-0.0368,-0.0953
216074,0.020000,0.02710,0.00073,1.01758,0.041,-1.526,-0.114,-1.552,-0.3116,-0.1411
216094,0.020000,0.02832,-0.00269,1.01392,-0.152,-1.600,-0.113,-1.551,0.1082,0.0955
216114,0.020000,0.02783,-0.00049,1.01392,-0.028,-1.572,-0.112,-1.551,-0.0673,0.0345
216134,0.020000,0.02979,-0.00073,1.01416,-0.041,-1.682,-0.110,-1.557,0.0319,-0.1793
216154,0.020000,0.03076,-0.00269,1.01782,-0.151,-1.731,-0.117,-1.559,-0.2887,0.0803
216174,0.020000,0.02783,-0.00415,1.01245,-0.235,-1.575,-0.121,-1.562,-0.1055,-0.1411
216194,0.020000,0.02637,-0.00562,1.01392,-0.317,-1.490,-0.129,-1.558,-0.1895,0.1490
216214,0.020000,0.02759,-0.00098,1.01538,-0.055,-1.556,-0.125,-1.563,0.1082,-0.2480
216234,0.020000,0.02710,-0.00220,1.01245,-0.124,-1.533,-0.126,-1.560,-0.0444,0.0955
216254,0.020000,0.02808,-0.00513,1.02173,-0.288,-1.574,-0.134,-1.562,-0.2276,-0.1029
216274,0.020000,0.02490,-0.00269,1.01660,-0.151,-1.403,-0.135,-1.558,-0.0673,0.0650
216294,0.020000,0.02808,-0.00415,1.02051,-0.233,-1.576,-0.139,-1.556,-0.0750,0.1413
216314,0.020000,0.03052,-0.00049,1.01563,-0.028,-1.721,-0.140,-1.556,-0.1895,0.1413
216334,0.020000,0.02515,-0.00220,1.01392,-0.124,-1.421,-0.142,-1.556,-0.1284,-0.1487
216354,0.020000,0.02246,-0.00073,1.01489,-0.041,-1.268,-0.139,-1.552,0.0548,-0.0495
216374,0.020000,0.02856,-0.00635,1.01221,-0.359,-1.616,-0.137,-1.553,0.3373,-0.0190
216394,0.020000,0.02856,-0.00220,1.01318,-0.124,-1.615,-0.138,-1.554,-0.0750,0.0116
216414,0.020000,0.02954,0.00098,1.01465,0.055,-1.668,-0.139,-1.555,-0.2505,0.0726
216434,0.020000,0.02612,-0.00415,1.01392,-0.235,-1.476,-0.146,-1.551,-0.2505,0.1490
216454,0.020000,0.02612,-0.00073,1.01538,-0.041,-1.474,-0.146,-1.551,-0.0902,-0.1106
216474,0.020000,0.03027,-0.00024,1.01489,-0.014,-1.709,-0.142,-1.554,0.0701,0.0192
216494,0.020000,0.02783,-0.00464,1.01587,-0.262,-1.569,-0.142,-1.554,0.0930,0.0039
216514,0.020000,0.02832,-0.00366,1.02271,-0.205,-1.586,-0.143,-1.551,0.0319,0.2177
216534,0.020000,0.02954,-0.00122,1.00366,-0.070,-1.686,-0.144,-1.557,-0.1284,-0.1793
216554,0.020000,0.02612,-0.00708,1.01440,-0.400,-1.475,-0.146,-1.557,0.1540,-0.0953
216574,0.020000,0.02856,-0.00269,1.01416,-0.152,-1.613,-0.146,-1.560,0.0090,-0.0953
216594,0.020000,0.02954,-0.00391,1.01807,-0.220,-1.662,-0.149,-1.561,-0.0673,0.0574
216614,0.020000,0.02588,-0.00513,1.01904,-0.288,-1.455,-0.154,-1.557,-0.1208,0.1032
216634,0.020000,0.02686,0.00586,1.01758,0.330,-1.512,-0.145,-1.557,-0.0444,-0.0419
216654,0.020000,0.02905,-0.00317,1.01953,-0.178,-1.632,-0.148,-1.559,-0.1208,-0.0342
216674,0.020000,0.02637,0.00195,1.01538,0.110,-1.488,-0.138,-1.558,0.2533,-0.0495
216694,0.020000,0.02759,-0.00244,1.01294,-0.138,-1.560,-0.137,-1.561,0.0395,-0.1258
216714,0.020000,0.02661,-0.00293,1.01807,-0.165,-1.497,-0.142,-1.557,-0.2200,0.1490
216734,0.020000,0.02661,-0.00073,1.02051,-0.041,-1.494,-0.139,-1.552,0.0624,0.1719
216754,0.020000,0.02637,-0.00098,1.01709,-0.055,-1.485,-0.133,-1.545,0.2075,0.2940
216774,0.020000,0.02905,-0.00146,1.01489,-0.083,-1.640,-0.134,-1.545,-0.1055,0.0879
216794,0.020000,0.02637,0.00293,1.01221,0.166,-1.492,-0.127,-1.542,0.0701,0.1108
216814,0.020000,0.02759,-0.00537,1.01953,-0.302,-1.550,-0.129,-1.540,0.0548,0.1108
216834,0.020000,0.02637,-0.00220,1.01587,-0.124,-1.487,-0.132,-1.542,-0.1284,-0.1411
216854,0.020000,0.03174,-0.00513,1.01831,-0.288,-1.785,-0.137,-1.547,-0.0902,-0.0037
216874,0.020000,0.03052,-0.00146,1.01904,-0.082,-1.715,-0.136,-1.551,-0.0215,-0.0648
216894,0.020000,0.02759,0.00000,1.02344,0.000,-1.544,-0.129,-1.550,0.2151,0.0650
216914,0.020000,0.02710,-0.00171,1.00977,-0.097,-1.537,-0.129,-1.548,-0.0368,0.0803
216934,0.020000,0.03052,-0.00610,1.01880,-0.343,-1.716,-0.138,-1.554,-0.2429,-0.1411
216954,0.020000,0.02686,-0.00244,1.01270,-0.138,-1.519,-0.142,-1.553,-0.2047,0.0039
216974,0.020000,0.02856,-0.00024,1.01318,-0.014,-1.615,-0.144,-1.552,-0.2353,0.1490
216994,0.020000,0.03003,-0.00244,1.01343,-0.138,-1.697,-0.145,-1.556,-0.0444,-0.0571
217014,0.020000,0.02954,-0.00122,1.01587,-0.069,-1.666,-0.138,-1.561,0.2609,-0.1640
217034,0.020000,0.02759,-0.00122,1.01294,-0.069,-1.560,-0.135,-1.560,0.1082,0.0650
217054,0.020000,0.02954,0.00098,1.01831,0.055,-1.662,-0.131,-1.564,-0.0139,-0.1335
217074,0.020000,0.02686,-0.00439,1.02002,-0.247,-1.508,-0.136,-1.567,-0.1437,-0.2022
217094,0.020000,0.03076,-0.00220,1.02124,-0.123,-1.725,-0.133,-1.567,0.1769,0.1795
217114,0.020000,0.02808,-0.00073,1.01587,-0.041,-1.583,-0.136,-1.570,-0.2658,-0.1182
217134,0.020000,0.02588,-0.00098,1.02197,-0.055,-1.451,-0.135,-1.567,-0.0292,-0.0037
217154,0.020000,0.02856,-0.00024,1.01123,-0.014,-1.618,-0.132,-1.565,0.0472,0.1795
217174,0.020000,0.02637,-0.00317,1.01465,-0.179,-1.489,-0.133,-1.563,-0.0368,0.0116
217194,0.020000,0.02930,0.00073,1.01343,0.041,-1.656,-0.133,-1.565,-0.1437,-0.0037
217214,0.020000,0.02954,-0.00269,1.00928,-0.152,-1.677,-0.135,-1.568,-0.1208,-0.0342
217234,0.020000,0.02783,0.00122,1.01709,0.069,-1.567,-0.133,-1.570,-0.0597,-0.1106
217254,0.020000,0.02856,-0.00171,1.00830,-0.097,-1.623,-0.129,-1.570,0.1388,0.0650
217274,0.020000,0.02759,-0.00366,1.02612,-0.204,-1.540,-0.135,-1.571,-0.2353,-0.0877
217294,0.020000,0.02832,-0.00195,1.01392,-0.110,-1.600,-0.133,-1.572,0.1006,-0.0342
217314,0.020000,0.02612,0.00024,1.02197,0.014,-1.464,-0.132,-1.569,-0.0979,0.0574
217334,0.020000,0.02979,-0.00391,1.01343,-0.221,-1.683,-0.133,-1.574,0.0014,-0.1487
217354,0.020000,0.02783,-0.00391,1.01904,-0.220,-1.564,-0.138,-1.574,-0.1360,0.0116
217374,0.020000,0.03174,0.00049,1.01953,0.027,-1.783,-0.132,-1.573,0.1311,0.2253
217394,0.020000,0.03125,-0.00317,1.01367,-0.179,-1.766,-0.131,-1.576,0.1082,0.0879
217414,0.020000,0.02783,-0.00073,1.01782,-0.041,-1.566,-0.128,-1.575,0.0395,0.0421
217434,0.020000,0.02808,-0.00122,1.01367,-0.069,-1.587,-0.121,-1.576,0.3220,-0.0648
217454,0.020000,0.02710,-0.00366,1.01636,-0.206,-1.527,-0.120,-1.576,0.1311,-0.0571
217474,0.020000,0.03101,-0.00098,1.02271,-0.055,-1.737,-0.118,-1.585,0.0319,-0.2709
217494,0.020000,0.02856,-0.00317,1.01367,-0.179,-1.614,-0.118,-1.583,0.0853,0.1261
217514,0.020000,0.03003,-0.00342,1.01904,-0.192,-1.688,-0.117,-1.587,0.0777,-0.1106
217534,0.020000,0.02905,-0.00293,1.01001,-0.166,-1.648,-0.121,-1.590,-0.1284,-0.0648
217554,0.020000,0.02856,-0.00513,1.02661,-0.286,-1.594,-0.125,-1.589,-0.0368,0.0192
217574,0.020000,0.02734,-0.00317,1.02026,-0.178,-1.535,-0.125,-1.585,0.0472,0.1413
217594,0.020000,0.02832,-0.00439,1.01416,-0.248,-1.600,-0.127,-1.586,0.0548,-0.0190
217614,0.020000,0.03003,-0.00488,1.01587,-0.275,-1.693,-0.129,-1.589,0.0395,-0.0342
217634,0.020000,0.02979,-0.00171,1.01465,-0.097,-1.681,-0.131,-1.593,-0.1360,-0.1029
217654,0.020000,0.02783,-0.00171,1.01147,-0.097,-1.576,-0.127,-1.590,0.1769,0.1108
217674,0.020000,0.02734,-0.00220,1.01978,-0.123,-1.536,-0.125,-1.588,0.1006,0.0345
217694,0.020000,0.02808,-0.00293,1.01367,-0.166,-1.587,-0.128,-1.588,-0.1131,0.0192
217714,0.020000,0.02563,0.00220,1.01318,0.124,-1.449,-0.124,-1.587,-0.0902,-0.0877
217734,0.020000,0.02783,-0.00537,1.01685,-0.303,-1.568,-0.128,-1.585,0.0166,0.1032
217754,0.020000,0.02661,0.00171,1.01367,0.097,-1.504,-0.122,-1.587,0.0701,-0.1945
217774,0.020000,0.02954,-0.00317,1.02051,-0.178,-1.658,-0.124,-1.589,-0.0597,-0.0571
217794,0.020000,0.02881,-0.00024,1.01294,-0.014,-1.629,-0.123,-1.594,-0.0368,-0.1945
217814,0.020000,0.02930,-0.00073,1.02100,-0.041,-1.644,-0.120,-1.591,0.0624,0.1948
217834,0.020000,0.02734,0.00098,1.01758,0.055,-1.539,-0.116,-1.594,0.0243,-0.1793
217854,0.020000,0.03101,0.00171,1.02002,0.096,-1.741,-0.111,-1.601,0.0395,-0.2098
217874,0.020000,0.02490,-0.00073,1.02100,-0.041,-1.397,-0.109,-1.596,0.0166,0.0345
217894,0.020000,0.03003,-0.00366,1.01855,-0.206,-1.689,-0.112,-1.595,-0.0750,0.1261
217914,0.020000,0.02808,-0.00122,1.01758,-0.069,-1.580,-0.112,-1.598,-0.0368,-0.1411
217934,0.020000,0.02954,0.00342,1.01685,0.193,-1.664,-0.112,-1.601,-0.2734,-0.0953
217954,0.020000,0.02832,-0.00293,1.01855,-0.165,-1.593,-0.110,-1.601,0.1159,0.0116
217974,0.020000,0.02930,-0.00342,1.01221,-0.193,-1.658,-0.111,-1.600,0.0548,0.0803
217994,0.020000,0.02905,-0.00293,1.01416,-0.166,-1.641,-0.111,-1.600,0.0624,0.0268
218014,0.020000,0.03369,-0.00293,1.01147,-0.166,-1.908,-0.109,-1.602,0.1540,0.2329
218034,0.020000,0.02734,-0.00562,1.01733,-0.316,-1.540,-0.112,-1.602,0.0472,-0.0724
218054,0.020000,0.03369,-0.00391,1.01880,-0.220,-1.894,-0.113,-1.610,0.0624,-0.0800
218074,0.020000,0.02686,-0.00244,1.01245,-0.138,-1.519,-0.114,-1.607,-0.0215,0.0650
218094,0.020000,0.02856,0.00049,1.01758,0.027,-1.608,-0.112,-1.605,-0.0215,0.0879
218114,0.020000,0.02710,-0.00293,1.01611,-0.165,-1.528,-0.112,-1.602,0.0090,0.0574
218134,0.020000,0.02783,-0.00122,1.02002,-0.069,-1.563,-0.108,-1.600,0.1922,0.0726
218154,0.020000,0.03003,0.00024,1.01196,0.014,-1.700,-0.103,-1.596,0.1006,0.3169
218174,0.020000,0.02612,0.00146,1.01392,0.083,-1.476,-0.099,-1.595,0.0472,-0.0877
218194,0.020000,0.02686,-0.00146,1.00708,-0.083,-1.528,-0.098,-1.595,0.0319,-0.0648
218214,0.020000,0.02686,0.00049,1.01538,0.028,-1.515,-0.095,-1.592,0.0014,0.0574
218234,0.020000,0.02710,-0.00488,1.01343,-0.276,-1.532,-0.100,-1.590,-0.0444,0.0345
218254,0.020000,0.02710,-0.00073,1.02222,-0.041,-1.519,-0.099,-1.593,0.0014,-0.2098
218274,0.020000,0.03052,-0.00098,1.01929,-0.055,-1.715,-0.098,-1.600,-0.0139,-0.2098
218294,0.020000,0.02881,-0.00562,1.01221,-0.318,-1.630,-0.100,-1.605,0.1159,-0.2556
218314,0.020000,0.03052,0.00146,1.01831,0.082,-1.717,-0.095,-1.608,0.0472,-0.0113
218334,0.020000,0.02661,0.00098,1.01782,0.055,-1.498,-0.095,-1.604,-0.1360,0.0955
218354,0.020000,0.02832,-0.00244,1.01880,-0.137,-1.592,-0.098,-1.601,-0.1131,0.0955
218374,0.020000,0.02808,-0.00342,1.01440,-0.193,-1.585,-0.100,-1.607,-0.0063,-0.3014
218394,0.020000,0.02588,-0.00049,1.01904,-0.027,-1.455,-0.104,-1.602,-0.2582,0.1184
218414,0.020000,0.02490,-0.00586,1.01196,-0.332,-1.410,-0.111,-1.598,-0.1208,0.0116
218434,0.020000,0.02515,-0.00024,1.01855,-0.014,-1.414,-0.111,-1.594,-0.0902,-0.0266
218454,0.020000,0.02856,-0.00317,1.01563,-0.179,-1.611,-0.113,-1.596,-0.0673,-0.0571
218474,0.020000,0.03198,-0.00024,1.01538,-0.014,-1.804,-0.109,-1.596,0.1006,0.2177
218494,0.020000,0.02881,-0.00269,1.01172,-0.152,-1.631,-0.107,-1.600,0.1617,-0.1945
218514,0.020000,0.02490,-0.00488,1.01440,-0.276,-1.406,-0.111,-1.596,-0.0368,0.0345
218534,0.020000,0.02783,-0.00317,1.01318,-0.179,-1.574,-0.113,-1.595,-0.0292,0.0192
218554,0.020000,0.02930,-0.00073,1.01343,-0.041,-1.656,-0.108,-1.598,0.1922,-0.0800
218574,0.020000,0.02783,-0.00244,1.01392,-0.138,-1.572,-0.109,-1.593,-0.0215,0.2177
218594,0.020000,0.02832,-0.00220,1.01880,-0.124,-1.592,-0.108,-1.594,0.0548,-0.0342
218614,0.020000,0.02808,-0.00146,1.01611,-0.083,-1.583,-0.110,-1.594,-0.1055,-0.0342
218634,0.020000,0.02808,-0.00220,1.01929,-0.124,-1.578,-0.112,-1.597,-0.1131,-0.1411
218654,0.020000,0.02832,-0.00171,1.01489,-0.096,-1.598,-0.113,-1.596,-0.0826,0.0116
218674,0.020000,0.02832,-0.00464,1.01563,-0.262,-1.597,-0.121,-1.594,-0.2276,0.1184
218694,0.020000,0.03491,-0.00073,1.00928,-0.042,-1.981,-0.117,-1.595,0.0930,0.3627
218714,0.020000,0.02637,-0.00269,1.01294,-0.152,-1.491,-0.120,-1.590,-0.1131,0.1108
218734,0.020000,0.03101,-0.00122,1.01953,-0.069,-1.742,-0.118,-1.591,0.0624,0.1184
218754,0.020000,0.02734,-0.00098,1.01685,-0.055,-1.540,-0.114,-1.589,0.1617,0.0803
218774,0.020000,0.02979,-0.00415,1.01904,-0.233,-1.674,-0.119,-1.591,-0.1589,-0.0571
218794,0.020000,0.02734,0.00049,1.01343,0.028,-1.546,-0.116,-1.591,0.0166,-0.0266
218814,0.020000,0.02905,-0.00195,1.01367,-0.110,-1.642,-0.117,-1.591,-0.0597,0.0421
218834,0.020000,0.02930,0.00073,1.01904,0.041,-1.647,-0.113,-1.599,0.0472,-0.3548
218854,0.020000,0.02905,-0.00049,1.01636,-0.028,-1.637,-0.116,-1.598,-0.2353,0.0803
218874,0.020000,0.02856,-0.00342,1.01050,-0.194,-1.619,-0.117,-1.599,0.0319,0.0116
218894,0.020000,0.02808,-0.00098,1.01782,-0.055,-1.580,-0.118,-1.603,-0.1131,-0.2403
218914,0.020000,0.02930,-0.00415,1.01196,-0.235,-1.658,-0.116,-1.606,0.1846,-0.0800
218934,0.020000,0.02930,0.00049,1.01880,0.027,-1.647,-0.112,-1.610,0.0624,-0.1793
218954,0.020000,0.03027,-0.00391,1.01929,-0.220,-1.701,-0.115,-1.613,-0.0292,-0.0724
218974,0.020000,0.02832,-0.00342,1.01758,-0.192,-1.594,-0.119,-1.612,-0.1360,0.0497
218994,0.020000,0.02954,0.00049,1.01489,0.028,-1.667,-0.117,-1.618,-0.0521,-0.2785
219014,0.020000,0.02759,-0.00464,1.00830,-0.264,-1.567,-0.119,-1.620,0.0624,-0.1258
219034,0.020000,0.02832,0.00146,1.01709,0.083,-1.595,-0.121,-1.620,-0.2963,-0.0113
219054,0.020000,0.02979,0.00171,1.01636,0.096,-1.679,-0.119,-1.617,-0.1055,0.2177
219074,0.020000,0.02441,-0.00195,1.01147,-0.111,-1.383,-0.120,-1.614,-0.0673,-0.1182
219094,0.020000,0.02759,-0.00269,1.01929,-0.151,-1.550,-0.125,-1.615,-0.2505,-0.0877
219114,0.020000,0.02686,-0.00317,1.02124,-0.178,-1.506,-0.132,-1.611,-0.2887,0.0803
219134,0.020000,0.02368,0.00171,1.01563,0.096,-1.336,-0.129,-1.606,-0.0750,-0.0342
219154,0.020000,0.03101,-0.00244,1.01514,-0.138,-1.749,-0.127,-1.610,0.1082,-0.0724
219174,0.020000,0.02905,-0.00366,1.01855,-0.206,-1.634,-0.132,-1.606,-0.1666,0.2482
219194,0.020000,0.02710,0.00049,1.01660,0.028,-1.527,-0.128,-1.607,0.0472,-0.1106
219214,0.020000,0.02832,0.00244,1.01001,0.138,-1.606,-0.122,-1.608,-0.0063,-0.0648
219234,0.020000,0.02637,-0.00098,1.01172,-0.055,-1.493,-0.119,-1.608,0.1159,-0.1487
219254,0.020000,0.02832,-0.00195,1.01489,-0.110,-1.598,-0.116,-1.608,0.1159,-0.0113
219274,0.020000,0.03027,-0.00293,1.00659,-0.167,-1.723,-0.121,-1.605,-0.1666,0.3093
219294,0.020000,0.02808,-0.00464,1.01343,-0.262,-1.587,-0.122,-1.605,0.0853,-0.0113
219314,0.020000,0.02686,0.00098,1.02148,0.055,-1.506,-0.123,-1.599,-0.2276,0.1719
219334,0.020000,0.02832,0.00098,1.01099,0.055,-1.605,-0.121,-1.598,-0.0750,0.0497
219354,0.020000,0.02905,-0.00293,1.01196,-0.166,-1.644,-0.118,-1.601,0.1922,-0.0877
219374,0.020000,0.02930,-0.00415,1.02124,-0.233,-1.643,-0.119,-1.598,0.0395,0.1795
219394,0.020000,0.02637,-0.00269,1.01196,-0.152,-1.493,-0.120,-1.598,0.0243,-0.0953
219414,0.020000,0.03052,-0.00586,1.01025,-0.332,-1.730,-0.125,-1.600,-0.0826,0.0116
219434,0.020000,0.02393,0.00098,1.01270,0.055,-1.353,-0.125,-1.595,-0.1513,0.0116
219454,0.020000,0.02710,-0.00195,1.01514,-0.110,-1.529,-0.125,-1.600,-0.0292,-0.2861
219474,0.020000,0.03149,-0.00366,1.00928,-0.208,-1.787,-0.134,-1.607,-0.3956,-0.1945
219494,0.020000,0.03247,-0.00195,1.01953,-0.110,-1.824,-0.131,-1.611,0.1540,0.0345
219514,0.020000,0.02710,0.00024,1.01831,0.014,-1.524,-0.126,-1.610,0.0853,-0.0419
219534,0.020000,0.02661,0.00195,1.01343,0.110,-1.504,-0.119,-1.608,0.1159,-0.0037
219554,0.020000,0.02856,-0.00586,1.01025,-0.332,-1.620,-0.125,-1.608,-0.0750,0.0116
219574,0.020000,0.03003,-0.00220,1.01880,-0.124,-1.688,-0.124,-1.612,0.0395,-0.1487
219594,0.020000,0.02734,-0.00220,1.01147,-0.124,-1.549,-0.122,-1.609,0.1082,0.1184
219614,0.020000,0.02661,-0.00122,1.01563,-0.069,-1.501,-0.122,-1.606,-0.0521,0.0497
219634,0.020000,0.03003,-0.00293,1.01709,-0.165,-1.691,-0.122,-1.604,0.0395,0.1490
219654,0.020000,0.02612,0.00220,1.01392,0.124,-1.476,-0.119,-1.602,-0.0673,0.0116
219674,0.020000,0.02637,-0.00513,1.01416,-0.290,-1.489,-0.121,-1.597,0.0624,0.1184
219694,0.020000,0.02832,-0.00098,1.01514,-0.055,-1.598,-0.123,-1.597,-0.1666,-0.0190
219714,0.020000,0.02954,-0.00464,1.01221,-0.263,-1.672,-0.127,-1.601,-0.0597,-0.0953
219734,0.020000,0.02588,0.00049,1.01782,0.027,-1.456,-0.120,-1.598,0.1769,0.0039
219754,0.020000,0.02759,-0.00195,1.01611,-0.110,-1.555,-0.121,-1.597,-0.0673,-0.0113
219774,0.020000,0.03076,-0.00342,1.01831,-0.192,-1.730,-0.124,-1.605,-0.0750,-0.2556
219794,0.020000,0.02661,-0.00098,1.00903,-0.055,-1.511,-0.123,-1.599,0.0090,0.2253
219814,0.020000,0.02393,-0.00195,1.01807,-0.110,-1.346,-0.121,-1.594,0.0548,-0.0113
219834,0.020000,0.02759,-0.00317,1.01440,-0.179,-1.558,-0.122,-1.592,0.0395,0.0345
219854,0.020000,0.02710,0.00049,1.01611,0.028,-1.528,-0.122,-1.592,-0.1818,-0.0419
219874,0.020000,0.02637,-0.00073,1.02051,-0.041,-1.480,-0.124,-1.590,-0.1895,-0.0113
219894,0.020000,0.02734,0.00073,1.01245,0.041,-1.547,-0.116,-1.589,0.2533,0.0039
219914,0.020000,0.03052,-0.00049,1.01343,-0.028,-1.725,-0.114,-1.591,-0.0063,0.0574
219934,0.020000,0.03003,0.00024,1.01440,0.014,-1.696,-0.115,-1.596,-0.1513,-0.1640
219954,0.020000,0.03076,-0.00269,1.01611,-0.151,-1.734,-0.113,-1.597,0.1311,0.1032
219974,0.020000,0.02856,-0.00391,1.01636,-0.220,-1.610,-0.110,-1.591,0.2456,0.3093
219994,0.020000,0.02710,-0.00171,1.01636,-0.096,-1.527,-0.110,-1.591,-0.0139,-0.0571
220014,0.020000,0.02710,0.00073,1.01318,0.041,-1.532,-0.106,-1.589,0.0624,0.0268
220034,0.020000,0.02515,-0.00464,1.01221,-0.263,-1.423,-0.111,-1.583,-0.1055,0.1413
220054,0.020000,0.02759,-0.00122,1.00781,-0.069,-1.568,-0.112,-1.584,-0.1055,-0.0495
220074,0.020000,0.03052,0.00024,1.01587,0.014,-1.721,-0.109,-1.588,0.0472,-0.0648
220094,0.020000,0.02661,-0.00220,1.01318,-0.124,-1.505,-0.112,-1.587,-0.1437,-0.0648
220114,0.020000,0.02490,0.00049,1.01123,0.028,-1.411,-0.111,-1.581,-0.0750,0.1337
220134,0.020000,0.02832,-0.00342,1.01587,-0.193,-1.597,-0.110,-1.586,0.1235,-0.2251
220154,0.020000,0.02637,0.00000,1.01782,0.000,-1.484,-0.105,-1.581,0.1235,0.1337
220174,0.020000,0.03076,-0.00195,1.01489,-0.110,-1.736,-0.105,-1.584,0.0090,0.0268
220194,0.020000,0.02930,-0.00342,1.01514,-0.193,-1.653,-0.105,-1.583,0.1311,0.1108
220214,0.020000,0.02759,-0.00195,1.01123,-0.111,-1.563,-0.097,-1.583,0.3754,-0.0266
220234,0.020000,0.02734,-0.00098,1.01440,-0.055,-1.544,-0.093,-1.582,0.1846,0.0268
220254,0.020000,0.02563,-0.00122,1.00830,-0.069,-1.456,-0.093,-1.562,-0.0215,0.8665
220274,0.020000,0.03760,-0.00342,0.96973,-0.202,-2.220,-0.095,-1.573,-0.0215,0.1032
220294,0.020000,0.00684,-0.00488,1.02075,-0.274,-0.384,-0.092,-1.548,0.3678,0.0879
220314,0.020000,0.03027,-0.00122,0.98755,-0.071,-1.756,-0.091,-1.559,0.0395,-0.3777
220334,0.020000,0.03052,-0.00293,1.01660,-0.165,-1.719,-0.084,-1.563,0.4060,-0.0113
220354,0.020000,0.02466,0.00122,1.01514,0.069,-1.391,-0.080,-1.573,0.0701,-0.6907
220374,0.020000,0.02759,-0.00244,1.01660,-0.138,-1.554,-0.085,-1.579,-0.2124,-0.3167
220394,0.020000,0.02490,-0.00049,1.01538,-0.028,-1.405,-0.085,-1.576,-0.0673,-0.0266
220414,0.020000,0.02710,-0.00244,1.01318,-0.138,-1.532,-0.088,-1.576,-0.0826,-0.0571
220434,0.020000,0.03125,-0.00146,1.01196,-0.083,-1.769,-0.086,-1.581,0.0701,-0.0724
220454,0.020000,0.03296,-0.00073,1.01489,-0.041,-1.860,-0.089,-1.587,-0.1971,0.0039
220474,0.020000,0.02637,0.00195,1.01343,0.110,-1.490,-0.088,-1.594,-0.1208,-0.4770
220494,0.020000,0.00781,0.00122,1.02295,0.068,-0.438,-0.084,-1.573,0.0090,-0.0724
220514,0.020000,0.03906,-0.01538,1.00366,-0.878,-2.229,-0.094,-1.566,0.2991,1.0268
220534,0.020000,0.02637,-0.04321,0.99683,-2.482,-1.514,-0.138,-1.489,0.1998,3.8589
220554,0.020000,0.06592,-0.09009,1.02124,-5.041,-3.679,-0.238,-1.478,-0.0902,2.7749
220574,0.020000,0.06128,-0.21729,1.03076,-11.904,-3.329,-0.458,-1.458,0.6808,2.9123
220594,0.020000,0.01318,0.13184,1.04077,7.219,-0.720,-0.304,-1.454,0.0395,-0.5228
220614,0.020000,-0.08472,0.12354,1.01245,6.957,4.748,-0.153,-1.242,0.2762,4.4849
220634,0.020000,0.00464,-0.06714,1.02295,-3.755,-0.259,-0.217,-1.146,0.3983,3.9047
220654,0.020000,0.16089,-0.18164,1.01221,-10.173,-8.892,-0.406,-1.022,0.5281,14.2177
220674,0.020000,0.04248,-0.02612,0.96069,-1.558,-2.531,-0.409,-0.946,1.0090,5.4009
220694,0.020000,-0.06909,0.17310,1.05176,9.346,3.709,-0.058,-0.913,7.9556,-3.0800
220714,0.020000,0.04614,0.06372,1.02197,3.568,-2.580,0.151,-0.866,6.9632,4.1108
220734,0.020000,0.04858,0.08276,1.01831,4.647,-2.723,0.267,-0.965,1.3678,-3.1564
220754,0.020000,0.03418,-0.04297,1.02271,-2.406,-1.912,0.341,-0.906,6.5052,3.9963
220774,0.020000,0.01514,0.09717,0.99951,5.553,-0.864,0.643,-0.837,10.0548,3.4696
220794,0.020000,-0.08716,0.05127,1.01025,2.905,4.925,0.805,-0.621,5.9632,5.1413
220814,0.020000,-0.06567,-0.02612,1.04736,-1.429,3.587,0.863,-0.718,5.2304,-9.2632
220834,0.020000,0.09937,0.04150,1.04614,2.272,-5.422,1.264,-1.146,19.0395,-17.0419
220854,0.020000,0.10278,-0.00513,1.07959,-0.272,-5.438,1.646,-1.628,21.0624,-20.2098
220874,0.020000,0.03369,0.03589,1.20581,1.705,-1.600,2.008,-2.161,18.3754,-27.1793
220894,0.020000,0.03076,-0.03662,1.22485,-1.713,-1.438,2.140,-2.823,10.5586,-34.5533
220914,0.020000,0.05981,0.00928,1.10254,0.482,-3.105,2.209,-3.762,5.2151,-47.6220
220934,0.020000,0.04468,0.00464,1.12061,0.237,-2.283,2.127,-4.726,-2.1895,-50.6755
220954,0.020000,0.20410,0.06030,1.08228,3.189,-10.664,1.957,-5.732,-9.7315,-45.2480
220974,0.020000,0.29883,0.04956,1.05981,2.677,-15.730,1.652,-6.741,-16.3040,-41.2861
220994,0.020000,0.18213,0.03687,1.07373,1.966,-9.621,1.260,-7.743,-20.3498,-48.2022
221014,0.020000,-0.00464,0.03247,1.03857,1.791,0.256,0.786,-8.578,-24.7009,-50.7442
221034,0.020000,0.01904,-0.01660,0.97021,-0.980,-1.124,0.337,-9.492,-21.1284,-54.2403
221054,0.020000,0.19678,0.01147,0.90723,0.725,-12.237,0.194,-10.950,-7.6551,-71.6144
221074,0.020000,0.31812,0.04297,0.87964,2.797,-19.860,0.299,-12.502,2.6808,-70.0495
221094,0.020000,0.23169,0.01123,0.99756,0.645,-13.075,0.411,-13.785,5.3678,-64.9197
221114,0.020000,0.18018,-0.01416,1.01587,-0.799,-10.057,0.475,-15.116,4.4899,-71.6754
221134,0.020000,0.28394,0.01733,0.96240,1.032,-16.435,0.504,-16.587,0.9174,-73.7213
221154,0.020000,0.36060,0.00146,1.00952,0.083,-19.656,0.423,-18.255,-3.7009,-81.9884
221174,0.020000,0.34082,0.00024,1.01733,0.014,-18.522,0.270,-20.071,-7.3956,-92.3472
221194,0.020000,0.30078,0.02368,0.91748,1.479,-18.145,0.089,-21.797,-10.4414,-90.0571
221214,0.020000,0.33203,-0.01318,0.89258,-0.846,-20.403,0.001,-23.567,-3.5406,-91.7213
221234,0.020000,0.44189,-0.02612,0.95410,-1.568,-24.843,0.039,-25.589,3.5052,-101.8587
221254,0.020000,0.48169,-0.00708,0.96631,-0.420,-26.495,0.035,-27.652,0.3067,-104.3396
221274,0.020000,0.47241,0.01904,0.93237,1.170,-26.865,-0.088,-29.816,-7.4414,-111.1945
221294,0.020000,0.53564,-0.01294,0.84692,-0.875,-32.309,-0.271,-32.145,-8.5406,-116.3090
221314,0.020000,0.56836,-0.02246,0.85645,-1.502,-33.560,-0.356,-34.393,-3.0902,-113.2403
221334,0.020000,0.56763,-0.01440,0.86133,-0.958,-33.382,-0.476,-36.490,-5.5253,-108.0113
221354,0.020000,0.58887,-0.00366,0.80420,-0.261,-36.213,-0.669,-38.428,-10.0368,-99.1411
221374,0.020000,0.58374,-0.06226,0.79419,-4.482,-36.233,-0.921,-39.971,-8.9681,-80.9884
221394,0.020000,0.61694,-0.03491,0.77881,-2.567,-38.357,-1.071,-41.513,-5.9834,-80.3090
221414,0.020000,0.67822,0.00195,0.72827,0.154,-42.962,-1.172,-43.237,-6.3956,-86.4846
221434,0.020000,0.68457,-0.02222,0.68604,-1.855,-44.924,-1.267,-44.747,-4.1360,-75.3396
221454,0.020000,0.67627,-0.05664,0.72998,-4.437,-42.727,-1.304,-46.048,1.3373,-68.4312
221474,0.020000,0.72607,-0.04810,0.74414,-3.698,-44.236,-1.307,-47.472,2.2915,-74.4693
221494,0.020000,0.76343,-0.02441,0.71045,-1.968,-47.042,-1.341,-48.918,-1.0826,-74.2556
221514,0.020000,0.81787,-0.00073,0.66748,-0.063,-50.781,-1.415,-50.344,-5.0521,-70.8434
221534,0.020000,0.78589,-0.04590,0.64429,-4.075,-50.583,-1.550,-51.787,-4.1818,-73.3625
221554,0.020000,0.70508,-0.04590,0.59692,-4.397,-49.665,-1.672,-52.935,-3.3345,-60.7594
221574,0.020000,0.69995,-0.02686,0.53491,-2.874,-52.578,-1.783,-53.688,-4.4490,-38.7594
221594,0.020000,0.82031,-0.06299,0.60278,-5.966,-53.542,-1.902,-54.358,-1.7696,-34.3472
221614,0.020000,0.85840,-0.06641,0.63379,-5.981,-53.411,-1.971,-55.403,0.6426,-54.2785
221634,0.020000,0.79053,-0.03906,0.54810,-4.077,-55.197,-2.042,-56.633,-1.5101,-62.9426
221654,0.020000,0.73560,-0.05371,0.49365,-6.210,-55.979,-2.199,-57.102,-3.7391,-24.6144
221674,0.020000,0.76245,-0.05615,0.55249,-5.803,-53.932,-2.292,-56.995,-1.0826,2.2024
221694,0.020000,0.91846,-0.05078,0.60645,-4.787,-56.472,-2.316,-57.405,1.3220,-21.4541
221714,0.020000,0.89282,-0.04736,0.58740,-4.610,-56.573,-2.365,-58.160,-0.1666,-39.3319
221734,0.020000,0.83398,-0.05713,0.56079,-5.817,-55.945,-2.549,-58.497,-5.8536,-19.4846
221754,0.020000,0.90698,-0.02246,0.49829,-2.581,-61.191,-2.777,-58.547,-11.5864,0.2253
221774,0.020000,0.91357,-0.05640,0.52197,-6.167,-60.115,-2.954,-58.706,-5.5940,-6.5457
221794,0.020000,0.81372,-0.06226,0.51221,-6.930,-57.621,-2.976,-58.839,2.9479,-7.8510
221814,0.020000,0.87183,-0.06494,0.53833,-6.879,-58.120,-2.989,-58.759,3.3220,3.3398
221834,0.020000,0.92358,-0.05273,0.56055,-5.374,-58.633,-3.046,-58.791,-0.4490,-1.7823
221854,0.020000,0.85913,-0.04053,0.51904,-4.465,-58.785,-3.092,-58.993,-0.8994,-10.3243
221874,0.020000,0.86548,-0.05347,0.50781,-6.010,-59.460,-3.091,-59.077,2.9861,-3.7747
221894,0.020000,0.89575,-0.08765,0.59595,-8.367,-56.081,-3.097,-59.022,5.1235,-0.2785
221914,0.020000,0.90112,-0.06812,0.58740,-6.614,-56.726,-3.210,-58.996,-2.1818,-1.0113
221934,0.020000,0.87378,-0.01758,0.48462,-2.077,-60.970,-3.352,-59.047,-8.4032,-0.5609
221954,0.020000,0.88110,-0.05469,0.48437,-6.442,-61.047,-3.407,-59.163,0.3067,-3.8816
221974,0.020000,0.85522,-0.06689,0.53296,-7.154,-57.868,-3.313,-59.134,8.6273,0.1642
221994,0.020000,0.84399,-0.05981,0.56934,-5.997,-55.852,-3.272,-58.942,4.8716,6.4238
222014,0.020000,0.86084,-0.03174,0.51782,-3.507,-58.924,-3.298,-58.867,-1.1131,3.8284
222034,0.020000,0.85522,-0.05103,0.50903,-5.724,-59.113,-3.337,-58.841,0.5052,1.5841
222054,0.020000,0.88062,-0.06177,0.53394,-6.599,-58.602,-3.307,-58.756,4.8334,4.0726
222074,0.020000,0.91162,-0.06567,0.57373,-6.530,-57.647,-3.300,-58.696,3.6655,1.9047
222094,0.020000,0.87598,-0.03442,0.52783,-3.731,-58.875,-3.337,-58.751,-1.4414,-2.5991
222114,0.020000,0.87939,-0.03247,0.49121,-3.782,-60.760,-3.366,-58.797,-1.0597,-0.2785
222134,0.020000,0.91943,-0.07349,0.55591,-7.530,-58.622,-3.352,-58.797,5.0014,-0.1793
222154,0.020000,0.88110,-0.06030,0.56763,-6.064,-57.063,-3.339,-58.768,3.3907,-0.3319
222174,0.020000,0.86377,-0.02563,0.52954,-2.771,-58.459,-3.383,-58.759,-2.8002,0.1490
222194,0.020000,0.90356,-0.04858,0.52026,-5.335,-59.959,-3.438,-58.924,-0.8231,-7.1869
222214,0.020000,0.87988,-0.07715,0.55322,-7.939,-57.591,-3.431,-59.025,4.9327,-6.5151
222234,0.020000,0.84009,-0.06665,0.54858,-6.927,-56.663,-3.466,-58.934,1.8258,2.2406
222254,0.020000,0.87964,-0.03442,0.54565,-3.610,-58.137,-3.547,-58.867,-4.0292,2.6146
222274,0.020000,0.94165,-0.02661,0.51392,-2.964,-61.344,-3.606,-59.074,-3.6017,-8.0266
222294,0.020000,0.92114,-0.06030,0.51733,-6.649,-60.515,-3.613,-59.382,2.7724,-14.2403
222314,0.020000,0.85205,-0.06982,0.51465,-7.726,-58.636,-3.611,-59.458,4.2762,-4.6373
222334,0.020000,0.84937,-0.03955,0.52686,-4.293,-58.117,-3.621,-59.361,0.1998,3.5536
222354,0.020000,0.90894,-0.02515,0.49512,-2.907,-61.391,-3.650,-59.442,-2.2200,-2.0724
222374,0.020000,0.88696,-0.04761,0.47266,-5.752,-61.827,-3.611,-59.656,4.1617,-8.4770
222394,0.020000,0.86084,-0.07129,0.52148,-7.784,-58.558,-3.474,-59.594,11.2151,2.0650
222414,0.020000,0.89111,-0.07544,0.61206,-7.027,-55.315,-3.373,-59.366,8.7953,7.2482
222434,0.020000,0.91992,-0.02124,0.57861,-2.102,-57.814,-3.393,-59.372,-2.3345,-1.8587
222454,0.020000,0.88110,-0.02222,0.48291,-2.634,-61.248,-3.515,-59.590,-6.9834,-9.2556
222474,0.020000,0.84790,-0.07495,0.48755,-8.740,-59.811,-3.592,-59.782,1.4136,-9.5228
222494,0.020000,0.85596,-0.05322,0.50903,-5.969,-59.123,-3.530,-59.738,5.5586,1.5688
222514,0.020000,0.91040,-0.02124,0.52954,-2.297,-59.795,-3.501,-59.574,0.2304,8.4238
222534,0.020000,0.92358,-0.02954,0.53394,-3.167,-59.929,-3.542,-59.656,-2.4337,-3.8358
222554,0.020000,0.90063,-0.05566,0.53027,-5.993,-59.374,-3.570,-59.912,1.1006,-13.3625
222574,0.020000,0.85034,-0.06982,0.51758,-7.683,-58.442,-3.597,-59.999,2.7953,-5.9503
222594,0.020000,0.87573,-0.04956,0.53320,-5.310,-58.555,-3.647,-59.843,-0.8154,6.5230
222614,0.020000,0.89990,-0.03564,0.54272,-3.758,-58.852,-3.748,-59.758,-5.0292,3.3322
222634,0.020000,0.87207,-0.05518,0.51465,-6.119,-59.310,-3.843,-59.870,-2.4414,-6.2174
222654,0.020000,0.87744,-0.07422,0.51904,-8.138,-59.139,-3.871,-59.945,3.0014,-4.5533
222674,0.020000,0.92090,-0.05957,0.53271,-6.381,-59.797,-3.894,-60.014,1.3831,-3.6449
222694,0.020000,0.95459,-0.03491,0.50708,-3.939,-61.967,-3.983,-60.190,-4.5253,-6.9884
222714,0.020000,0.88086,-0.04639,0.49487,-5.355,-60.565,-4.095,-60.364,-4.3269,-8.4999
222734,0.020000,0.85156,-0.05054,0.45947,-6.277,-61.506,-4.116,-60.506,1.1693,-6.1182
222754,0.020000,0.89917,-0.06006,0.49048,-6.981,-61.209,-4.068,-60.487,5.3602,1.7291
222774,0.020000,0.89868,-0.05176,0.53125,-5.565,-59.292,-4.049,-60.374,2.4976,4.5536
222794,0.020000,0.89380,-0.03906,0.52515,-4.254,-59.495,-4.106,-60.337,-2.6551,0.9505
222814,0.020000,0.89819,-0.04126,0.47900,-4.923,-61.841,-4.150,-60.421,-1.4185,-2.7594
222834,0.020000,0.90723,-0.05151,0.49463,-5.946,-61.270,-4.109,-60.555,3.9174,-5.9274
222854,0.020000,0.89673,-0.07104,0.53589,-7.552,-58.917,-4.056,-60.587,6.2151,-3.3243
222874,0.020000,0.86890,-0.04272,0.52026,-4.695,-59.003,-4.072,-60.468,-0.1589,4.4620
222894,0.020000,0.91821,-0.03906,0.49731,-4.491,-61.486,-4.162,-60.451,-4.1589,1.9047
222914,0.020000,0.93384,-0.05493,0.49023,-6.393,-62.155,-4.192,-60.692,0.7266,-10.5686
222934,0.020000,0.87891,-0.06274,0.51025,-7.010,-59.675,-4.146,-60.881,5.1998,-10.6907
222954,0.020000,0.86670,-0.04321,0.50488,-4.892,-59.687,-4.125,-60.812,1.8792,2.2940
222974,0.020000,0.91968,-0.04053,0.50928,-4.550,-60.948,-4.200,-60.693,-3.4032,6.2558
222994,0.020000,0.91602,-0.04687,0.49683,-5.390,-61.419,-4.258,-60.782,-1.7315,-3.8281
223014,0.020000,0.88940,-0.05957,0.48437,-7.011,-61.246,-4.252,-60.964,3.0777,-8.8129
223034,0.020000,0.89795,-0.03589,0.49170,-4.175,-61.232,-4.200,-61.043,2.6121,-3.7518
223054,0.020000,0.94116,-0.03516,0.49512,-4.062,-62.193,-4.185,-61.092,0.5968,-1.3472
223074,0.020000,0.88647,-0.05029,0.51538,-5.574,-59.709,-4.189,-61.114,1.1998,-2.4999
223094,0.020000,0.87598,-0.05176,0.50610,-5.839,-59.853,-4.180,-61.063,2.1769,1.3169
223114,0.020000,0.94775,-0.04639,0.53149,-4.988,-60.624,-4.154,-61.018,2.1388,1.8284
223134,0.020000,0.95215,-0.04492,0.53394,-4.809,-60.631,-4.179,-61.114,-0.6246,-5.2632
223154,0.020000,0.89429,-0.04883,0.50098,-5.567,-60.627,-4.276,-61.180,-3.5101,-3.8892
223174,0.020000,0.84229,-0.04858,0.49805,-5.572,-59.285,-4.381,-61.160,-4.0215,-0.9274
223194,0.020000,0.84741,-0.02515,0.45898,-3.136,-61.523,-4.421,-61.158,-3.3192,0.4772
223214,0.020000,0.91382,-0.03174,0.47705,-3.806,-62.382,-4.418,-61.123,-0.4795,3.0497
223234,0.020000,0.94604,-0.05884,0.54443,-6.168,-59.936,-4.405,-61.155,2.4365,-2.8434
223254,0.020000,0.90552,-0.03833,0.52368,-4.186,-59.892,-4.424,-61.231,-1.1895,-5.1564
223274,0.020000,0.86353,-0.02075,0.47046,-2.526,-61.395,-4.501,-61.306,-5.8460,-3.6984
223294,0.020000,0.88086,-0.03076,0.43042,-4.088,-63.901,-4.535,-61.443,-2.1895,-4.3396
223314,0.020000,0.89990,-0.05298,0.47192,-6.405,-62.179,-4.470,-61.464,5.2456,-0.2861
223334,0.020000,0.89746,-0.05566,0.51270,-6.196,-60.117,-4.418,-61.360,4.3907,3.9429
223354,0.020000,0.91650,-0.05298,0.53467,-5.659,-59.620,-4.450,-61.318,-0.3498,0.3627
223374,0.020000,0.91235,-0.04272,0.48291,-5.056,-62.015,-4.529,-61.493,-3.3956,-8.2327
223394,0.020000,0.89453,-0.04639,0.44507,-5.950,-63.424,-4.582,-61.663,-1.2582,-6.7289
223414,0.020000,0.91211,-0.07104,0.46533,-8.681,-62.703,-4.598,-61.630,3.3525,2.7520
223434,0.020000,0.95288,-0.07153,0.53906,-7.559,-60.288,-4.599,-61.593,2.9937,0.5536
223454,0.020000,0.89844,-0.05591,0.53003,-6.021,-59.323,-4.694,-61.736,-3.3956,-9.6373
223474,0.020000,0.85107,-0.03174,0.43408,-4.182,-62.915,-4.823,-61.968,-7.1284,-10.6373
223494,0.020000,0.90210,-0.04468,0.40918,-6.231,-65.474,-4.868,-62.053,-0.8383,-0.7365
223514,0.020000,0.97046,-0.07104,0.49219,-8.214,-62.868,-4.800,-61.969,6.8411,5.1261
223534,0.020000,0.97168,-0.05884,0.53491,-6.277,-61.021,-4.753,-61.966,3.9098,-0.8587
223554,0.020000,0.91943,-0.03247,0.49463,-3.756,-61.670,-4.800,-62.098,-3.3727,-7.0037
223574,0.020000,0.89014,-0.03125,0.43213,-4.136,-64.046,-4.848,-62.258,-3.1742,-6.1869
223594,0.020000,0.88818,-0.04712,0.43140,-6.233,-63.960,-4.788,-62.236,4.4899,2.8665
223614,0.020000,0.92920,-0.05103,0.48535,-6.002,-62.291,-4.642,-62.047,8.7037,9.7139
223634,0.020000,0.96118,-0.04028,0.52759,-4.366,-61.168,-4.519,-61.985,5.9785,2.2406
223654,0.020000,0.90405,-0.02368,0.52026,-2.606,-60.055,-4.451,-62.149,1.5281,-10.3167
223674,0.020000,0.88696,-0.04199,0.47705,-5.030,-61.634,-4.429,-62.348,1.7342,-10.7136
223694,0.020000,0.88452,-0.04956,0.48706,-5.810,-61.036,-4.400,-62.284,2.8563,1.9276
223714,0.020000,0.92285,-0.04150,0.50708,-4.679,-61.132,-4.384,-62.155,1.1159,5.4314
223734,0.020000,0.91699,-0.03125,0.50537,-3.538,-61.094,-4.390,-62.183,-1.1513,-2.5304
223754,0.020000,0.87842,-0.02930,0.46216,-3.627,-62.203,-4.391,-62.303,-0.8689,-6.1029
223774,0.020000,0.89624,-0.04175,0.45483,-5.244,-62.995,-4.367,-62.323,2.1235,-0.3090
223794,0.020000,0.94775,-0.05664,0.50073,-6.454,-62.000,-4.359,-62.282,2.5128,1.7444
223814,0.020000,0.92456,-0.03760,0.50781,-4.234,-61.156,-4.405,-62.352,-2.4795,-4.6755
223834,0.020000,0.89673,-0.01807,0.43555,-2.375,-64.074,-4.484,-62.486,-6.0597,-5.1182
223854,0.020000,0.89722,-0.04077,0.43066,-5.408,-64.259,-4.502,-62.559,0.0014,-1.8892
223874,0.020000,0.93677,-0.05029,0.47314,-6.067,-63.073,-4.407,-62.586,6.4289,-0.8663
223894,0.020000,0.91284,-0.05713,0.52588,-6.200,-59.909,-4.377,-62.563,3.3754,-1.5380
223914,0.020000,0.88599,-0.03784,0.50562,-4.280,-60.218,-4.472,-62.628,-4.9528,-5.7060
223934,0.020000,0.89844,-0.01294,0.41992,-1.765,-64.939,-4.577,-62.798,-8.1284,-6.3472
223954,0.020000,0.87085,-0.03589,0.42261,-4.854,-64.033,-4.617,-62.900,-1.7544,-3.9350
223974,0.020000,0.88574,-0.06494,0.47119,-7.847,-61.764,-4.578,-62.855,5.2915,1.1184
223994,0.020000,0.92480,-0.05371,0.50024,-6.128,-61.453,-4.564,-62.735,2.2838,4.7368
224014,0.020000,0.97583,-0.03418,0.48047,-4.069,-63.728,-4.635,-62.779,-4.0979,-1.2785
224034,0.020000,0.94629,-0.03955,0.45386,-4.980,-64.292,-4.722,-62.990,-4.0750,-9.2174
224054,0.020000,0.90479,-0.04980,0.42456,-6.691,-64.711,-4.753,-63.177,0.3831,-7.7671
224074,0.020000,0.87891,-0.05005,0.45679,-6.253,-62.398,-4.720,-63.057,3.2380,5.3398
224094,0.020000,0.94165,-0.03760,0.48462,-4.436,-62.697,-4.690,-62.889,1.2227,8.2177
224114,0.020000,0.98999,-0.03369,0.48291,-3.991,-63.942,-4.669,-62.969,0.3907,-3.0266
224134,0.020000,0.92603,-0.04907,0.46118,-6.074,-63.397,-4.641,-63.236,2.8640,-13.1716
224154,0.020000,0.88867,-0.04565,0.45532,-5.726,-62.755,-4.580,-63.260,4.1922,-1.7213
224174,0.020000,0.91064,-0.04785,0.50635,-5.399,-60.816,-4.553,-63.035,2.1998,8.9505
224194,0.020000,0.96899,-0.02759,0.51294,-3.079,-62.071,-4.560,-62.959,-1.8231,2.9200
224214,0.020000,0.94629,-0.03149,0.46143,-3.905,-63.953,-4.594,-63.142,-2.4414,-8.3014
224234,0.020000,0.88110,-0.03931,0.44727,-5.022,-62.998,-4.574,-63.307,1.4670,-8.5838
224254,0.020000,0.86792,-0.04395,0.46704,-5.375,-61.609,-4.541,-63.228,2.5205,2.2711
224274,0.020000,0.93921,-0.04370,0.50073,-4.988,-61.846,-4.564,-63.046,-0.7315,7.8894
224294,0.020000,0.94995,-0.04834,0.50293,-5.490,-61.993,-4.660,-63.038,-3.9299,-0.6755
224314,0.020000,0.89014,-0.03857,0.44214,-4.986,-63.499,-4.755,-63.184,-4.5559,-6.9426
224334,0.020000,0.88452,-0.05273,0.42725,-7.036,-64.048,-4.826,-63.274,-1.2811,-3.7289
224354,0.020000,0.91431,-0.05493,0.44165,-7.090,-64.045,-4.837,-63.263,1.7495,1.3704
224374,0.020000,0.96143,-0.06152,0.46362,-7.559,-64.059,-4.893,-63.153,-0.0826,6.3933
224394,0.020000,0.92969,-0.02783,0.45605,-3.492,-63.828,-4.927,-63.159,-3.1666,0.3780
224414,0.020000,0.92480,-0.04102,0.44873,-5.223,-64.023,-4.958,-63.298,-1.2658,-6.1945
224434,0.020000,0.92773,-0.05078,0.47607,-6.089,-62.703,-4.942,-63.426,1.9937,-7.1564
224454,0.020000,0.95166,-0.05176,0.45972,-6.424,-64.075,-4.960,-63.503,0.5663,-3.2709
224474,0.020000,0.93188,-0.03320,0.44360,-4.281,-64.482,-4.985,-63.460,-1.9528,3.1948
224494,0.020000,0.91968,-0.04736,0.47314,-5.716,-62.659,-5.002,-63.450,-0.1131,-0.2938
224514,0.020000,0.94458,-0.05347,0.49170,-6.206,-62.363,-4.982,-63.572,2.2075,-7.3396
224534,0.020000,0.92090,-0.04004,0.46899,-4.880,-62.927,-4.988,-63.756,-0.4108,-10.0113
224554,0.020000,0.90112,-0.04102,0.41675,-5.621,-65.075,-5.060,-63.784,-2.9834,-0.1258
224574,0.020000,0.89966,-0.05957,0.45850,-7.403,-62.801,-5.101,-63.671,0.2609,4.7673
224594,0.020000,0.93799,-0.05347,0.46558,-6.551,-63.452,-5.095,-63.718,1.8182,-2.6296
224614,0.020000,0.93188,-0.02954,0.42896,-3.940,-65.231,-5.069,-63.844,0.1388,-4.8510
224634,0.020000,0.91748,-0.04248,0.42676,-5.685,-64.947,-5.052,-63.836,1.5052,1.5230
224654,0.020000,0.92920,-0.05640,0.48437,-6.641,-62.309,-4.998,-63.731,4.3373,3.7749
224674,0.020000,0.95605,-0.05005,0.48975,-5.835,-62.755,-4.980,-63.776,1.7876,-3.2480
224694,0.020000,0.94873,-0.02295,0.45068,-2.915,-64.562,-4.998,-63.930,-3.0292,-7.0953
224714,0.020000,0.92822,-0.03125,0.40430,-4.420,-66.401,-5.017,-64.109,-1.5711,-6.5915
224734,0.020000,0.90234,-0.05737,0.42480,-7.692,-64.590,-4.980,-64.148,4.6273,-1.5228
224754,0.020000,0.89673,-0.06689,0.46655,-8.159,-62.273,-4.912,-64.067,6.7037,2.2253
224774,0.020000,0.92407,-0.04419,0.46704,-5.405,-63.084,-4.873,-64.063,2.5128,-0.7594
224794,0.020000,0.93530,-0.03931,0.44946,-4.998,-64.248,-4.892,-64.130,-0.8536,-3.2480
224814,0.020000,0.91113,-0.04248,0.44263,-5.482,-63.986,-4.877,-64.149,1.3831,-1.1258
224834,0.020000,0.91772,-0.04883,0.46362,-6.012,-63.070,-4.816,-64.101,4.2533,1.3780
224854,0.020000,0.93311,-0.02808,0.47290,-3.398,-63.083,-4.765,-64.097,1.1693,-0.8434
224874,0.020000,0.92383,-0.01929,0.43555,-2.536,-64.736,-4.772,-64.154,-2.6322,-2.2785
224894,0.020000,0.91870,-0.04541,0.43652,-5.939,-64.465,-4.794,-64.203,0.0777,-2.1945
224914,0.020000,0.92554,-0.05835,0.46118,-7.211,-63.332,-4.775,-64.190,3.4289,-0.2022
224934,0.020000,0.92676,-0.04321,0.46973,-5.256,-63.024,-4.758,-64.161,1.3373,0.2635
224954,0.020000,0.93213,-0.03394,0.45068,-4.306,-64.133,-4.804,-64.204,-2.7773,-2.2098
224974,0.020000,0.90601,-0.03174,0.41748,-4.347,-65.197,-4.828,-64.293,-1.7162,-3.5304
224994,0.020000,0.91943,-0.03662,0.42480,-4.927,-65.121,-4.769,-64.316,3.1235,-0.3167
225014,0.020000,0.94263,-0.04614,0.45459,-5.796,-64.139,-4.708,-64.284,4.1388,1.4696
225034,0.020000,0.95142,-0.03784,0.47559,-4.549,-63.368,-4.681,-64.309,1.2456,-2.2098
225054,0.020000,0.94141,-0.04321,0.44946,-5.492,-64.376,-4.715,-64.388,-0.8994,-3.9579
225074,0.020000,0.89917,-0.05469,0.43823,-7.113,-63.842,-4.751,-64.420,0.6197,-2.2022
225094,0.020000,0.90625,-0.05493,0.45874,-6.828,-62.987,-4.753,-64.336,2.0014,2.7978
225114,0.020000,0.97900,-0.04956,0.46606,-6.070,-64.418,-4.802,-64.319,-1.1513,0.9734
225134,0.020000,0.96851,-0.03027,0.43726,-3.961,-65.651,-4.875,-64.461,-4.5864,-5.9121
225154,0.020000,0.89258,-0.02563,0.38232,-3.836,-66.766,-4.908,-64.623,-2.7773,-5.9045
225174,0.020000,0.87793,-0.03833,0.38916,-5.625,-65.991,-4.846,-64.597,3.9403,2.7520
225194,0.020000,0.92773,-0.03418,0.45190,-4.325,-63.965,-4.675,-64.451,8.1693,6.8055
225214,0.020000,0.99219,-0.04028,0.49268,-4.674,-63.517,-4.554,-64.390,6.1922,2.1642
225234,0.020000,0.96582,-0.03247,0.47095,-3.944,-63.952,-4.515,-64.444,1.3602,-3.2174
225254,0.020000,0.90234,-0.04761,0.44360,-6.126,-63.691,-4.561,-64.480,-0.6933,-2.6296
225274,0.020000,0.86499,-0.05249,0.44116,-6.785,-62.814,-4.615,-64.426,-0.5177,1.0650
225294,0.020000,0.92896,-0.01514,0.42139,-2.057,-65.586,-4.583,-64.346,-0.9528,5.2864
225314,0.020000,1.00269,-0.00879,0.41699,-1.207,-67.414,-4.484,-64.414,1.5892,-0.3548
225334,0.020000,0.96313,-0.04565,0.46216,-5.642,-64.257,-4.400,-64.587,5.4747,-9.0037
225354,0.020000,0.90356,-0.05591,0.48877,-6.525,-61.433,-4.389,-64.691,2.7342,-8.4846
225374,0.020000,0.89722,-0.01685,0.44385,-2.174,-63.662,-4.436,-64.673,-4.6856,-0.1335
225394,0.020000,0.93555,-0.00366,0.40015,-0.524,-66.842,-4.477,-64.623,-6.0750,4.7444
225414,0.020000,0.94849,-0.04810,0.43457,-6.315,-65.252,-4.478,-64.622,1.8411,0.6833
225434,0.020000,0.89282,-0.05859,0.47168,-7.081,-61.971,-4.409,-64.666,6.1540,-4.9579
225454,0.020000,0.90356,-0.02051,0.45703,-2.569,-63.146,-4.374,-64.645,-0.0979,-0.4770
225474,0.020000,0.99097,-0.01855,0.43677,-2.433,-66.195,-4.414,-64.609,-4.0139,3.4467
225494,0.020000,0.97852,-0.03760,0.44995,-4.777,-65.230,-4.437,-64.677,-0.7773,-2.8510
225514,0.020000,0.90698,-0.05322,0.45068,-6.735,-63.419,-4.449,-64.714,1.7266,-3.1793
225534,0.020000,0.89819,-0.04297,0.45361,-5.411,-63.102,-4.488,-64.661,-1.0139,1.0650
225554,0.020000,0.95020,-0.02002,0.42993,-2.666,-65.632,-4.540,-64.643,-4.4948,1.9047
225574,0.020000,0.97046,-0.03149,0.40967,-4.396,-67.053,-4.582,-64.720,-2.3040,-1.4541
225594,0.020000,0.91797,-0.04590,0.41504,-6.311,-65.540,-4.575,-64.745,2.1311,-0.4312
225614,0.020000,0.90771,-0.03271,0.42993,-4.351,-64.592,-4.512,-64.682,2.9556,3.0574
225634,0.020000,0.94775,-0.03491,0.43945,-4.542,-65.055,-4.493,-64.681,1.0243,0.3933
225654,0.020000,0.95703,-0.04199,0.44312,-5.414,-65.058,-4.500,-64.744,0.5815,-2.7900
225674,0.020000,0.91113,-0.05493,0.45532,-6.879,-63.281,-4.535,-64.735,0.6426,-1.0266
225694,0.020000,0.92163,-0.04126,0.46094,-5.115,-63.337,-4.569,-64.699,-1.1513,0.3627
225714,0.020000,0.95215,-0.01367,0.42310,-1.851,-66.031,-4.581,-64.739,-3.3727,-0.6602
225734,0.020000,0.91968,-0.02979,0.40649,-4.191,-66.098,-4.583,-64.807,-0.4948,-2.0648
225754,0.020000,0.90796,-0.05762,0.43530,-7.540,-64.191,-4.545,-64.783,4.9174,0.5994
225774,0.020000,0.93848,-0.05054,0.48096,-5.998,-62.738,-4.515,-64.698,3.0243,2.2177
225794,0.020000,0.93359,-0.03101,0.46338,-3.828,-63.552,-4.573,-64.692,-3.6704,-0.8281
225814,0.020000,0.93457,-0.02197,0.40601,-3.098,-66.488,-4.652,-64.750,-5.5330,-1.1411
225834,0.020000,0.93872,-0.04980,0.40869,-6.948,-66.318,-4.685,-64.825,0.6579,-2.2480
225854,0.020000,0.92944,-0.04126,0.42114,-5.595,-65.521,-4.619,-64.904,4.2991,-3.2938
225874,0.020000,0.94165,-0.02466,0.44312,-3.185,-64.765,-4.557,-64.892,1.7418,0.4620
225894,0.020000,0.92651,-0.03027,0.43994,-3.936,-64.548,-4.574,-64.888,-1.5177,-0.1411
225914,0.020000,0.91455,-0.04028,0.41455,-5.550,-65.515,-4.602,-64.961,-0.4414,-3.0800
225934,0.020000,0.91992,-0.03076,0.41284,-4.261,-65.771,-4.544,-65.033,2.5892,-2.8510
225954,0.020000,0.94629,-0.03564,0.44995,-4.529,-64.500,-4.468,-65.032,3.9098,-0.5075
225974,0.020000,0.94092,-0.03711,0.47144,-4.501,-63.316,-4.454,-64.962,0.7037,1.8055
225994,0.020000,0.91187,-0.02515,0.43384,-3.317,-64.519,-4.462,-64.950,-1.5406,0.2024
226014,0.020000,0.94897,-0.01953,0.40771,-2.743,-66.726,-4.418,-64.980,0.4899,0.2787
226034,0.020000,0.94653,-0.04175,0.45044,-5.295,-64.456,-4.332,-64.957,5.2838,0.6375
226054,0.020000,0.94189,-0.04517,0.48901,-5.277,-62.463,-4.274,-64.907,3.9403,-0.0113
226074,0.020000,0.94824,-0.03638,0.46631,-4.461,-63.745,-4.313,-64.922,-1.8231,-1.9350
226094,0.020000,0.95020,-0.02417,0.40942,-3.378,-66.653,-4.388,-65.017,-4.7696,-3.0800
226114,0.020000,0.94385,-0.03540,0.40820,-4.956,-66.534,-4.403,-65.049,-0.1818,-0.0800
226134,0.020000,0.92285,-0.03638,0.43823,-4.745,-64.522,-4.347,-65.019,3.1922,0.9734
226154,0.020000,0.93091,-0.03613,0.43408,-4.758,-64.925,-4.338,-64.991,0.8563,1.3398
226174,0.020000,0.93604,-0.03516,0.42285,-4.753,-65.615,-4.368,-65.023,-1.0826,-1.0190
226194,0.020000,0.94092,-0.02783,0.41797,-3.810,-66.001,-4.358,-65.148,-0.0368,-5.3548
226214,0.020000,0.95361,-0.02490,0.42041,-3.390,-66.172,-4.294,-65.205,2.2380,-1.8587
226234,0.020000,0.94556,-0.03955,0.43506,-5.194,-65.203,-4.256,-65.126,2.8792,4.0039
226254,0.020000,0.94629,-0.04663,0.45264,-5.882,-64.319,-4.252,-65.084,1.8640,1.3093
226274,0.020000,0.94092,-0.02734,0.43555,-3.592,-65.118,-4.247,-65.202,-0.4108,-5.9579
226294,0.020000,0.92285,-0.02734,0.41553,-3.765,-65.713,-4.251,-65.327,-0.7315,-5.8816
226314,0.020000,0.91187,-0.03564,0.41748,-4.880,-65.321,-4.243,-65.337,1.0930,-0.4999
226334,0.020000,0.91455,-0.03638,0.42822,-4.856,-64.830,-4.226,-65.221,1.4670,5.3856
226354,0.020000,0.93115,-0.01978,0.42993,-2.634,-65.193,-4.168,-65.185,1.3144,1.8055
226374,0.020000,0.94482,-0.02759,0.43311,-3.645,-65.329,-4.121,-65.243,1.8716,-2.7823
226394,0.020000,0.92310,-0.03369,0.45459,-4.239,-63.719,-4.055,-65.277,3.5205,-3.2938
226414,0.020000,0.92383,-0.02808,0.43701,-3.676,-64.638,-4.011,-65.256,1.8411,0.4238
226434,0.020000,0.94849,-0.02490,0.45239,-3.151,-64.467,-4.001,-65.228,-0.3421,0.6223
226454,0.020000,0.94434,-0.02759,0.44189,-3.572,-64.880,-4.022,-65.262,-1.5253,-2.1106
226474,0.020000,0.92261,-0.02393,0.41211,-3.323,-65.895,-4.040,-65.279,-1.6627,-0.2327
226494,0.020000,0.93823,-0.02710,0.40869,-3.794,-66.416,-4.019,-65.254,0.8258,2.4543
226514,0.020000,0.97729,-0.03540,0.43652,-4.636,-65.861,-3.973,-65.269,2.9937,-0.1564
226534,0.020000,0.93384,-0.02686,0.44824,-3.429,-64.319,-3.932,-65.332,1.5586,-4.1945
226554,0.020000,0.89819,-0.01587,0.41650,-2.182,-65.106,-3.929,-65.319,-1.6780,0.4696
226574,0.020000,0.94604,-0.01636,0.41919,-2.235,-66.086,-3.887,-65.254,0.4212,4.0803
226594,0.020000,0.95947,-0.02979,0.44946,-3.791,-64.851,-3.828,-65.276,2.9250,-1.5075
226614,0.020000,0.94751,-0.02661,0.43677,-3.487,-65.212,-3.785,-65.348,1.8640,-3.7594
226634,0.020000,0.93335,-0.03345,0.42847,-4.464,-65.276,-3.805,-65.317,-0.3650,1.5230
226654,0.020000,0.94653,-0.04004,0.44922,-5.093,-64.523,-3.840,-65.278,-0.4337,1.1490
226674,0.020000,0.95752,-0.03149,0.45142,-3.991,-64.705,-3.849,-65.333,-0.2963,-3.3701
226694,0.020000,0.92163,-0.01709,0.40186,-2.435,-66.423,-3.852,-65.351,-1.6322,0.1719
226714,0.020000,0.90918,-0.03345,0.40356,-4.738,-65.992,-3.862,-65.235,0.4289,6.6146
226734,0.020000,0.94604,-0.04663,0.44873,-5.933,-64.505,-3.821,-65.205,4.1998,0.7597
226754,0.020000,0.94873,-0.03271,0.46362,-4.036,-63.900,-3.790,-65.252,1.7647,-3.7442
226774,0.020000,0.93115,-0.00659,0.42041,-0.898,-65.698,-3.792,-65.288,-3.0597,-1.3701
226794,0.020000,0.92041,-0.01318,0.37915,-1.991,-67.599,-3.775,-65.275,-0.9223,3.0116
226814,0.020000,0.93945,-0.04639,0.44189,-5.993,-64.688,-3.699,-65.175,6.0930,4.5230
226834,0.020000,0.95557,-0.04175,0.48193,-4.951,-63.150,-3.593,-65.162,6.7113,-1.4006
226854,0.020000,0.91895,-0.01953,0.45020,-2.484,-63.878,-3.585,-65.195,-0.7162,-3.0037
226874,0.020000,0.92847,-0.03394,0.41333,-4.694,-65.931,-3.684,-65.220,-3.9299,-0.5457
226894,0.020000,0.96802,-0.04492,0.42456,-6.040,-66.201,-3.735,-65.220,-0.1818,1.0039
226914,0.020000,0.93262,-0.01489,0.42065,-2.028,-65.709,-3.678,-65.236,1.1693,-0.2785
226934,0.020000,0.91968,-0.01196,0.41748,-1.641,-65.576,-3.649,-65.200,-0.6246,2.1642
226954,0.020000,0.92896,-0.03174,0.42578,-4.263,-65.316,-3.645,-65.179,0.8487,1.1719
226974,0.020000,0.96436,-0.04224,0.44531,-5.418,-65.116,-3.635,-65.237,2.3067,-3.0113
226994,0.020000,0.94287,-0.02222,0.43506,-2.923,-65.202,-3.625,-65.301,-0.2047,-3.2785
227014,0.020000,0.90820,-0.01392,0.43091,-1.850,-64.606,-3.650,-65.299,-3.1055,-0.6449
227034,0.020000,0.93408,-0.02124,0.39771,-3.057,-66.908,-3.663,-65.348,-1.2734,-0.8587
227054,0.020000,0.95020,-0.02466,0.40405,-3.492,-66.925,-3.603,-65.397,2.9021,-0.8739
227074,0.020000,0.94019,-0.02661,0.42529,-3.580,-65.618,-3.524,-65.363,3.9937,1.9658
227094,0.020000,0.95605,-0.02808,0.47168,-3.406,-63.700,-3.480,-65.295,2.1235,1.7520
227114,0.020000,0.94824,-0.03198,0.47388,-3.861,-63.395,-3.509,-65.368,-1.0673,-5.6602
227134,0.020000,0.92847,-0.01831,0.41260,-2.541,-66.019,-3.546,-65.533,-2.8612,-7.7594
227154,0.020000,0.89282,-0.01929,0.39062,-2.827,-66.344,-3.543,-65.538,-0.6017,0.6146
227174,0.020000,0.93896,-0.04199,0.43677,-5.492,-64.953,-3.523,-65.443,3.0243,4.2253
227194,0.020000,0.98511,-0.03442,0.46704,-4.215,-64.574,-3.510,-65.445,1.3296,-0.9655
227214,0.020000,0.94019,-0.01245,0.42334,-1.685,-65.750,-3.533,-65.550,-3.0215,-5.0571
227234,0.020000,0.90308,-0.02197,0.36548,-3.440,-67.931,-3.570,-65.652,-1.9528,-2.7671
227254,0.020000,0.90869,-0.03809,0.38574,-5.639,-66.898,-3.517,-65.607,4.8029,3.5688
227274,0.020000,0.93188,-0.02930,0.44604,-3.758,-64.374,-3.381,-65.501,7.1540,4.1490
227294,0.020000,0.97559,-0.01196,0.45264,-1.514,-65.103,-3.280,-65.452,3.2609,2.0726
227314,0.020000,0.98022,-0.02759,0.45142,-3.497,-65.232,-3.299,-65.541,-0.7467,-4.7747
227334,0.020000,0.93262,-0.03223,0.41602,-4.430,-65.896,-3.338,-65.700,-0.8231,-7.7442
227354,0.020000,0.90674,-0.01758,0.40894,-2.461,-65.705,-3.312,-65.739,0.4136,-1.9884
227374,0.020000,0.93872,-0.01074,0.41626,-1.478,-66.079,-3.265,-65.650,0.5586,4.8971
227394,0.020000,0.96509,-0.02808,0.43628,-3.682,-65.630,-3.274,-65.606,-0.0368,2.2253
227414,0.020000,0.95142,-0.02856,0.43628,-3.746,-65.319,-3.264,-65.731,0.9861,-6.6449
227434,0.020000,0.91797,-0.02222,0.43286,-2.938,-64.725,-3.229,-65.766,1.4441,-2.8510
227454,0.020000,0.90723,-0.02563,0.45410,-3.231,-63.374,-3.240,-65.678,-0.5711,2.0726
227474,0.020000,0.97974,-0.01685,0.41772,-2.309,-66.892,-3.276,-65.728,-2.7925,-1.3319
227494,0.020000,0.97607,-0.01416,0.39429,-2.057,-67.991,-3.287,-65.905,-1.7925,-6.7060
227514,0.020000,0.90112,-0.02393,0.39380,-3.477,-66.355,-3.259,-65.990,1.6502,-3.8816
227534,0.020000,0.91113,-0.02686,0.43994,-3.493,-64.185,-3.204,-65.893,3.0395,3.1261
227554,0.020000,0.96533,-0.01318,0.42871,-1.761,-66.044,-3.170,-65.800,0.2304,4.8742
227574,0.020000,0.97705,-0.03271,0.41406,-4.518,-66.969,-3.204,-65.853,-0.3345,-1.5304
227594,0.020000,0.95483,-0.02954,0.40015,-4.222,-67.207,-3.195,-65.999,1.5128,-6.0190
227614,0.020000,0.90503,-0.02710,0.42358,-3.661,-64.874,-3.143,-66.026,3.1006,-2.5380
227634,0.020000,0.92505,-0.01831,0.42627,-2.460,-65.239,-3.089,-65.926,2.0624,4.2711
227654,0.020000,0.96313,-0.01563,0.42212,-2.120,-66.319,-3.044,-65.815,1.3220,6.1032
227674,0.020000,0.97803,-0.03125,0.42920,-4.164,-66.250,-3.018,-65.861,2.4289,-1.9197
227694,0.020000,0.95166,-0.02319,0.42651,-3.113,-65.828,-2.986,-65.976,1.7647,-5.9121
227714,0.020000,0.91553,-0.01782,0.41699,-2.447,-65.493,-2.989,-66.038,-0.7085,-3.6678
227734,0.020000,0.92407,-0.01953,0.41724,-2.680,-65.676,-3.017,-65.965,-1.7315,3.3627
227754,0.020000,0.93872,-0.01514,0.41016,-2.114,-66.384,-3.004,-65.905,-0.2658,3.5001
227774,0.020000,0.95728,-0.02222,0.41772,-3.044,-66.395,-2.951,-65.975,2.7342,-3.0800
227794,0.020000,0.91968,-0.02954,0.43433,-3.891,-64.669,-2.917,-66.002,2.6884,-2.6984
227814,0.020000,0.92261,-0.03149,0.43164,-4.173,-64.869,-2.950,-65.931,-0.3803,2.4772
227834,0.020000,0.96387,-0.02173,0.42944,-2.897,-65.958,-2.981,-65.858,-1.6322,3.7215
227854,0.020000,0.97339,-0.01172,0.41699,-1.610,-66.802,-2.989,-65.948,-1.8307,-3.6220
227874,0.020000,0.95776,-0.01025,0.39233,-1.497,-67.717,-2.943,-66.084,0.8411,-5.1487
227894,0.020000,0.93408,-0.03564,0.42065,-4.843,-65.679,-2.922,-66.079,3.0090,-0.1487
227914,0.020000,0.91528,-0.03076,0.44092,-3.991,-64.224,-2.904,-66.018,1.9937,1.2482
227934,0.020000,0.92285,-0.02393,0.42236,-3.242,-65.373,-2.959,-65.982,-2.4414,1.1871
227954,0.020000,0.98315,-0.02124,0.39404,-3.085,-68.131,-3.022,-66.042,-3.1131,-0.8892
227974,0.020000,0.99243,-0.03003,0.39233,-4.377,-68.373,-3.028,-66.157,1.0701,-3.4922
227994,0.020000,0.90674,-0.04224,0.41162,-5.859,-65.471,-3.021,-66.216,3.2685,-3.7213
228014,0.020000,0.89404,-0.02808,0.40308,-3.984,-65.680,-3.041,-66.119,-0.0597,4.4238
228034,0.020000,1.01294,-0.02197,0.39282,-3.202,-68.773,-3.078,-65.954,-1.6933,11.1337
228054,0.020000,1.04370,0.00073,0.40820,0.103,-68.639,-2.979,-66.030,1.7800,-1.1335
228074,0.020000,0.92651,0.00293,0.41724,0.402,-65.756,-2.813,-66.273,5.0090,-12.7213
228094,0.020000,0.85913,-0.01807,0.44702,-2.314,-62.492,-2.712,-66.313,4.6808,-5.8739
228114,0.020000,0.93164,-0.02148,0.45410,-2.709,-63.989,-2.684,-66.159,1.4212,5.4772
228134,0.020000,0.96826,-0.00464,0.45117,-0.589,-65.015,-2.675,-66.074,-1.7009,3.1566
228154,0.020000,0.94653,-0.00806,0.43213,-1.068,-65.458,-2.654,-66.114,-0.5330,-2.6449
228174,0.020000,0.92163,-0.03564,0.43872,-4.645,-64.471,-2.667,-66.141,1.3220,-3.0648
228194,0.020000,0.91968,-0.02100,0.43921,-2.737,-64.447,-2.687,-66.127,-0.9223,-1.0266
228214,0.020000,0.92187,-0.01294,0.40308,-1.839,-66.373,-2.754,-66.042,-4.2658,4.6146
228234,0.020000,0.94800,-0.01733,0.40137,-2.473,-67.034,-2.801,-66.003,-2.7085,2.9734
228254,0.020000,0.96997,-0.01831,0.39502,-2.654,-67.820,-2.761,-66.110,1.8716,-3.5915
228274,0.020000,0.94727,-0.02417,0.39917,-3.465,-67.112,-2.708,-66.193,3.4365,-3.1869
228294,0.020000,0.90503,-0.03149,0.43359,-4.154,-64.342,-2.712,-66.128,1.2762,1.4085
228314,0.020000,0.91235,-0.02100,0.44141,-2.723,-64.156,-2.753,-66.042,-2.0521,2.3780
228334,0.020000,0.96606,-0.00928,0.39844,-1.334,-67.582,-2.771,-66.101,-2.3803,-1.4464
228354,0.020000,0.95752,-0.01147,0.36890,-1.782,-68.921,-2.748,-66.232,0.1388,-3.8205
228374,0.020000,0.92603,-0.04077,0.39697,-5.864,-66.687,-2.729,-66.313,4.1540,-3.6755
228394,0.020000,0.93188,-0.03564,0.43335,-4.702,-64.986,-2.721,-66.271,2.4441,0.8360
228414,0.020000,0.94971,-0.01318,0.41943,-1.800,-66.161,-2.750,-66.258,-2.4108,0.5230
228434,0.020000,0.95386,-0.01099,0.37476,-1.679,-68.543,-2.775,-66.365,-2.3803,-3.1029
228454,0.020000,0.90601,-0.01343,0.35571,-2.162,-68.550,-2.699,-66.527,3.2685,-6.0495
228474,0.020000,0.94287,-0.02441,0.38574,-3.621,-67.710,-2.563,-66.525,7.8716,1.3169
228494,0.020000,0.96411,-0.02905,0.46362,-3.586,-64.274,-2.451,-66.389,6.7571,4.6223
228514,0.020000,0.97241,-0.00244,0.44531,-0.314,-65.394,-2.422,-66.425,-0.6933,-2.8205
228534,0.020000,0.96094,0.00635,0.39917,0.911,-67.440,-2.424,-66.643,-3.5330,-10.1182
228554,0.020000,0.92407,-0.02124,0.36963,-3.289,-68.166,-2.434,-66.850,0.3754,-9.0037
228574,0.020000,0.93188,-0.02588,0.38843,-3.812,-67.328,-2.402,-66.822,3.0624,1.9200
228594,0.020000,0.95898,-0.01733,0.43408,-2.287,-65.629,-2.367,-66.638,1.6350,8.1948
228614,0.020000,1.00781,-0.01050,0.43164,-1.393,-66.809,-2.356,-66.665,-0.4414,-1.2098
228634,0.020000,0.95483,-0.00952,0.40942,-1.332,-66.785,-2.347,-66.851,-0.5559,-9.3701
228654,0.020000,0.88940,-0.01929,0.38232,-2.888,-66.712,-2.339,-66.970,0.9708,-6.2098
228674,0.020000,0.90869,-0.02637,0.40747,-3.702,-65.803,-2.304,-66.850,3.1846,4.9352
228694,0.020000,0.96680,-0.02319,0.44507,-2.983,-65.251,-2.297,-66.660,1.0243,8.0345
228714,0.020000,0.99731,-0.00244,0.42041,-0.333,-67.142,-2.313,-66.770,-2.8383,-5.1335
228734,0.020000,0.95679,-0.00659,0.35059,-1.077,-69.873,-2.341,-67.045,-2.6780,-10.8434
228754,0.020000,0.89917,-0.01904,0.36426,-2.993,-67.920,-2.296,-67.120,2.9479,-2.9503
228774,0.020000,0.95117,-0.03101,0.41821,-4.240,-66.208,-2.213,-67.011,6.2456,4.6681
228794,0.020000,1.01880,-0.03223,0.44067,-4.183,-66.554,-2.186,-66.944,3.3678,2.9276
228814,0.020000,0.99512,-0.01050,0.40967,-1.468,-67.617,-2.196,-67.036,-1.2429,-4.0037
228834,0.020000,0.92163,-0.00562,0.38110,-0.844,-67.532,-2.187,-67.130,-0.9299,-4.2785
228854,0.020000,0.91162,-0.02051,0.38354,-3.061,-67.153,-2.150,-67.066,2.8105,3.2787
228874,0.020000,0.94531,-0.02075,0.42944,-2.767,-65.543,-2.077,-66.926,4.3525,5.5612
228894,0.020000,0.99561,0.00000,0.44116,0.000,-66.101,-2.024,-66.952,0.5968,-2.1487
228914,0.020000,0.97705,0.01294,0.41187,1.799,-67.133,-2.009,-67.066,-3.1666,-5.6449
228934,0.020000,0.91895,-0.00903,0.38721,-1.336,-67.146,-2.031,-67.098,-1.8078,-1.5151
228954,0.020000,0.91602,-0.01489,0.37866,-2.252,-67.525,-2.015,-67.001,1.0319,5.3474
228974,0.020000,0.94775,-0.01709,0.41260,-2.372,-66.456,-1.971,-66.834,2.6197,7.9658
228994,0.020000,1.00781,-0.01636,0.42163,-2.222,-67.282,-1.947,-66.846,1.4899,-0.1182
229014,0.020000,0.97363,0.00391,0.39673,0.564,-67.829,-1.912,-67.001,-0.7925,-6.9121
229034,0.020000,0.92896,-0.01660,0.39648,-2.398,-66.869,-1.913,-67.041,0.4823,-2.1945
229054,0.020000,0.91846,-0.02515,0.42798,-3.363,-64.978,-1.895,-66.877,2.3602,6.2787
229074,0.020000,0.96851,-0.00635,0.41333,-0.880,-66.886,-1.894,-66.764,-0.9681,5.7902
229094,0.020000,1.01636,0.00366,0.38867,0.540,-69.071,-1.893,-66.821,-2.4414,-0.5686
229114,0.020000,0.94531,-0.01172,0.39331,-1.707,-67.401,-1.879,-66.971,0.5052,-7.0648
229134,0.020000,0.84888,-0.01172,0.39111,-1.716,-65.253,-1.830,-66.970,2.3525,-1.6984
229154,0.020000,0.91919,-0.00684,0.40942,-0.957,-65.988,-1.775,-66.814,1.9021,6.9276
229174,0.020000,0.99976,-0.00952,0.43066,-1.267,-66.690,-1.755,-66.735,0.5434,3.9276
229194,0.020000,0.97412,-0.01392,0.42700,-1.867,-66.319,-1.803,-66.781,-2.3650,-2.7747
229214,0.020000,0.92407,-0.01685,0.42725,-2.258,-65.170,-1.895,-66.719,-4.2124,1.5154
229234,0.020000,0.93188,-0.02319,0.42139,-3.150,-65.636,-2.042,-66.550,-6.2200,7.5001
229254,0.020000,0.98022,-0.00195,0.39478,-0.283,-68.063,-2.161,-66.530,-7.8994,2.5841
229274,0.020000,0.94653,-0.02026,0.38257,-3.032,-67.965,-2.292,-66.549,-5.7849,0.5078
229294,0.020000,0.90283,-0.01929,0.41748,-2.645,-65.160,-2.356,-66.365,-2.9070,7.9505
229314,0.020000,0.94922,-0.00684,0.40796,-0.960,-66.740,-2.423,-66.188,-4.8078,9.4314
229334,0.020000,0.96289,0.00708,0.37207,1.090,-68.869,-2.454,-66.165,-5.1742,3.8742
229354,0.020000,0.93823,-0.03027,0.38989,-4.440,-67.373,-2.471,-66.072,1.1617,5.9963
229374,0.020000,0.90552,-0.03076,0.43945,-4.004,-64.057,-2.413,-65.776,4.4976,13.0421
229394,0.020000,0.94287,-0.01758,0.44678,-2.253,-64.629,-2.429,-65.475,-0.9757,14.2100
229414,0.020000,0.96826,-0.01123,0.42334,-1.520,-66.377,-2.539,-65.315,-6.5559,9.0879
229434,0.020000,0.95801,-0.03125,0.39893,-4.479,-67.330,-2.671,-65.211,-4.7238,7.3245
229454,0.020000,0.94482,-0.03320,0.42090,-4.511,-65.922,-2.718,-65.018,-0.5330,10.5917
229474,0.020000,0.91357,-0.02441,0.44775,-3.121,-63.856,-2.743,-64.656,-0.8689,17.2711
229494,0.020000,0.88110,-0.02368,0.43335,-3.128,-63.777,-2.855,-64.065,-5.3345,29.2940
229514,0.020000,0.95410,-0.01538,0.44458,-1.981,-65.003,-2.982,-63.505,-7.3269,29.5154
229534,0.020000,1.00317,-0.01514,0.46191,-1.877,-65.264,-3.022,-63.323,-3.2047,11.0574
229554,0.020000,0.93970,-0.01392,0.45361,-1.757,-64.222,-2.955,-63.301,2.1159,2.0574
229574,0.020000,0.84009,-0.01880,0.42456,-2.535,-63.166,-2.905,-63.008,2.1311,14.8207
229594,0.020000,0.80908,-0.03711,0.45947,-4.617,-60.328,-2.912,-62.149,1.3831,41.0879
229614,0.020000,0.91528,-0.04028,0.52002,-4.430,-60.323,-2.965,-61.188,-1.1360,47.1490
229634,0.020000,1.00122,-0.00024,0.54736,-0.026,-61.335,-2.970,-60.871,-3.2582,16.3398
229654,0.020000,0.96558,0.00317,0.49146,0.370,-63.025,-2.982,-60.972,-3.9910,-2.9655
229674,0.020000,0.83960,-0.03833,0.48145,-4.552,-60.091,-3.045,-60.690,-1.6246,13.4696
229694,0.020000,0.81396,-0.02856,0.49634,-3.294,-58.584,-3.083,-59.752,-1.7009,45.7520
229714,0.020000,0.91650,0.00757,0.50977,0.851,-60.914,-3.107,-58.829,-5.2200,48.2635
229734,0.020000,0.92456,0.01782,0.49756,2.051,-61.697,-3.090,-58.371,-4.4337,26.2635
229754,0.020000,0.90894,-0.02051,0.50391,-2.331,-60.976,-3.014,-58.077,3.1311,17.7062
229774,0.020000,0.89062,-0.04126,0.56421,-4.183,-57.577,-2.896,-57.523,7.2151,27.7291
229794,0.020000,0.83691,-0.01733,0.59106,-1.680,-54.757,-2.829,-56.630,2.1540,42.7444
229814,0.020000,0.78198,0.01733,0.54126,1.834,-55.297,-2.856,-55.645,-6.1131,48.8742
229834,0.020000,0.83691,-0.02246,0.52930,-2.430,-57.666,-2.907,-54.643,-3.0444,53.1871
229854,0.020000,0.87427,-0.03418,0.59375,-3.295,-55.774,-2.813,-53.478,5.2151,60.6146
229874,0.020000,0.91357,0.01050,0.63379,0.949,-55.245,-2.643,-52.267,4.8258,63.5765
229894,0.020000,0.89819,0.00317,0.64917,0.280,-54.142,-2.580,-51.500,0.2380,41.0726
229914,0.020000,0.82715,-0.00684,0.63257,-0.619,-52.591,-2.540,-51.008,0.0166,26.2177
229934,0.020000,0.71362,0.00122,0.60718,0.115,-49.608,-2.472,-50.063,0.7876,46.7749
229954,0.020000,0.70190,0.00635,0.63281,0.575,-47.962,-2.391,-48.619,0.9861,71.5154
229974,0.020000,0.77686,-0.01123,0.68042,-0.946,-48.782,-2.288,-47.357,3.8182,64.5307
229994,0.020000,0.79297,-0.00586,0.70483,-0.476,-48.367,-2.109,-46.463,7.2380,46.6452
230014,0.020000,0.70630,-0.00415,0.71704,-0.332,-44.567,-1.908,-45.554,8.4594,44.4772
230034,0.020000,0.70605,-0.03052,0.78369,-2.230,-41.995,-1.772,-44.239,7.2533,63.4391
230054,0.020000,0.74121,-0.00464,0.82861,-0.321,-41.813,-1.718,-42.925,1.2838,64.5765
230074,0.020000,0.73486,0.01245,0.77979,0.915,-43.298,-1.748,-42.019,-4.1895,46.5841
230094,0.020000,0.64990,-0.00269,0.72974,-0.211,-41.688,-1.785,-41.108,-3.4948,46.1795
230114,0.020000,0.58154,0.02026,0.73242,1.585,-38.439,-1.732,-39.794,-0.7238,64.3093
230134,0.020000,0.63159,0.01733,0.73340,1.354,-40.727,-1.603,-38.264,3.4365,78.9963
230154,0.020000,0.65381,-0.00781,0.80054,-0.559,-39.238,-1.419,-36.717,8.3067,79.9429
230174,0.020000,0.64551,0.00586,0.81982,0.409,-38.215,-1.202,-35.399,9.2380,68.7520
230194,0.020000,0.65503,0.00635,0.89771,0.405,-36.116,-1.034,-34.308,6.9021,56.3780
230214,0.020000,0.58667,0.02759,0.91284,1.731,-32.716,-0.971,-33.390,0.4060,45.2177
230234,0.020000,0.48242,0.02832,0.81592,1.988,-30.579,-1.000,-32.235,-4.4795,56.1032
230254,0.020000,0.39258,-0.00928,0.78052,-0.681,-26.699,-0.986,-30.405,0.3831,87.7139
230274,0.020000,0.49951,0.01587,0.87305,1.041,-29.772,-0.787,-28.495,8.0777,96.7597
230294,0.020000,0.62427,0.03857,0.93433,2.364,-33.726,-0.511,-27.219,10.8563,70.4467
230314,0.020000,0.56616,0.01099,0.97217,0.647,-30.214,-0.274,-26.420,10.8945,43.8131
230334,0.020000,0.38770,0.01172,0.96558,0.695,-21.875,-0.153,-25.546,5.2304,39.9887
230354,0.020000,0.30469,0.02734,0.89648,1.747,-18.763,-0.144,-23.902,-1.4795,76.9200
230374,0.020000,0.40015,0.06226,0.90332,3.943,-23.842,-0.082,-21.961,-1.0215,99.0039
230394,0.020000,0.51465,0.01025,0.98779,0.595,-27.519,0.136,-20.624,10.3983,73.8742
230414,0.020000,0.43140,-0.00537,1.04834,-0.294,-22.367,0.390,-19.782,13.4289,44.7520
230434,0.020000,0.30835,0.02319,1.01733,1.306,-16.858,0.462,-18.791,2.7342,47.5612
230454,0.020000,0.26514,0.06567,0.95190,3.947,-15.529,0.428,-17.536,-5.2963,60.6833
230474,0.020000,0.32202,0.05493,0.93359,3.367,-19.000,0.468,-16.324,-0.9757,63.3780
230494,0.020000,0.30200,0.02759,0.96948,1.630,-17.296,0.662,-15.293,8.7418,53.5536
230514,0.020000,0.21558,-0.01465,0.99146,-0.846,-12.266,0.827,-14.137,9.9403,55.8894
230534,0.020000,0.24585,0.04565,1.04102,2.511,-13.275,0.925,-12.795,3.2838,67.6223
230554,0.020000,0.24829,0.07031,1.00854,3.988,-13.798,0.914,-11.606,-3.6933,61.6604
230574,0.020000,0.21021,0.05542,0.92920,3.413,-12.725,0.950,-10.427,-0.7162,61.3093
230594,0.020000,0.20654,0.03296,1.01855,1.853,-11.457,1.130,-9.344,8.2685,56.3093
230614,0.020000,0.19409,0.04980,1.07275,2.658,-10.245,1.311,-8.726,7.6884,32.4543
230634,0.020000,0.12524,0.05908,1.00220,3.374,-7.111,1.376,-8.149,1.2304,27.7673
230654,0.020000,0.05542,0.04956,0.93701,3.028,-3.380,1.437,-7.174,1.4060,44.8818
230674,0.020000,0.10938,0.05371,0.97412,3.156,-6.397,1.597,-5.719,6.4060,73.4391
230694,0.020000,0.17676,0.07666,1.04321,4.203,-9.591,1.818,-4.450,8.6197,68.6986
230714,0.020000,0.14502,0.05005,1.09058,2.628,-7.567,1.964,-3.871,6.6426,32.7368
230734,0.020000,0.06836,0.03760,1.03833,2.074,-3.764,2.007,-3.537,2.0624,16.9505
230754,0.020000,-0.01587,0.05957,0.97266,3.505,0.933,1.978,-2.652,-2.9910,40.5459
230774,0.020000,-0.05054,0.07520,0.92163,4.664,3.128,1.959,-0.987,-3.7391,79.0574
230794,0.020000,0.05811,0.07031,0.95752,4.200,-3.463,2.087,0.822,4.2304,94.8589
230814,0.020000,0.10425,0.03564,1.09058,1.872,-5.457,2.335,1.746,12.9174,53.5536
230834,0.020000,0.01587,0.04687,1.11890,2.399,-0.812,2.446,1.961,5.5510,13.5459
230854,0.020000,-0.09644,0.08179,1.02319,4.570,5.367,2.329,2.439,-8.1208,20.9200
230874,0.020000,-0.17578,0.09888,0.87061,6.479,11.344,2.193,3.856,-11.1818,63.2253
230894,0.020000,-0.02930,0.08008,0.86182,5.309,1.939,2.267,5.781,0.6273,100.1337
230914,0.020000,-0.01099,0.01953,1.05835,1.057,0.595,2.597,7.129,18.0701,74.1032
230934,0.020000,-0.11377,0.02954,1.17163,1.444,5.544,2.843,7.755,13.7037,33.5383
230954,0.020000,-0.17773,0.07080,1.06030,3.820,9.495,2.727,8.290,-6.9147,25.5383
230974,0.020000,-0.14746,0.09106,0.90430,5.750,9.216,2.477,9.283,-15.8307,49.7139
230994,0.020000,-0.20410,0.06616,0.86304,4.384,13.268,2.414,11.169,-5.1513,92.1413
231014,0.020000,-0.21851,0.05029,0.96362,2.988,12.759,2.617,13.132,9.7418,98.5536
231034,0.020000,-0.20703,0.03784,1.05347,2.057,11.111,2.872,14.375,13.6273,65.4543
231054,0.020000,-0.19434,0.04663,1.08374,2.464,10.157,2.976,14.863,5.7037,29.2100
231074,0.020000,-0.23730,0.08838,1.02319,4.937,13.011,2.910,15.213,-5.3879,19.7597
231094,0.020000,-0.31006,0.10986,0.87207,7.180,19.431,2.789,16.247,-10.5177,48.4620
231114,0.020000,-0.31909,0.07251,0.83130,4.985,20.927,2.819,18.115,-0.6856,90.5230
231134,0.020000,-0.30469,0.04150,0.94775,2.507,17.806,3.056,19.868,12.3831,89.7597
231154,0.020000,-0.26611,0.04639,1.04663,2.538,14.252,3.322,20.739,14.1235,50.1566
231174,0.020000,-0.26270,0.06299,1.02295,3.524,14.376,3.408,20.903,4.1846,14.8742
231194,0.020000,-0.40186,0.05713,0.96777,3.378,22.515,3.325,21.386,-4.2200,22.9887
231214,0.020000,-0.46436,0.09106,0.88770,5.857,27.491,3.234,22.685,-7.2276,60.0421
231234,0.020000,-0.36816,0.09106,0.86060,6.040,23.046,3.284,24.248,-0.3192,79.3551
231254,0.020000,-0.37036,0.05396,0.95972,3.218,21.072,3.486,25.244,10.3602,54.0879
231274,0.020000,-0.44385,0.03027,1.04736,1.656,22.957,3.640,25.434,9.7342,12.0192
231294,0.020000,-0.51855,0.08374,0.91602,5.223,29.412,3.593,25.598,-3.9910,4.3245
231314,0.020000,-0.42187,0.11401,0.78320,8.283,28.059,3.479,26.547,-10.6246,45.8742
231334,0.020000,-0.38306,0.08032,0.85010,5.398,24.161,3.514,27.949,-0.1589,73.9734
231354,0.020000,-0.46851,0.05518,0.93604,3.373,26.549,3.652,28.924,7.1769,51.1948
231374,0.020000,-0.49829,0.04712,0.95239,2.832,27.590,3.728,29.086,4.7342,9.6070
231394,0.020000,-0.50732,0.05371,0.91846,3.347,28.873,3.666,29.244,-2.8154,8.2635
231414,0.020000,-0.53076,0.12134,0.80518,8.570,33.097,3.451,30.646,-15.9452,67.6299
231434,0.020000,-0.45972,0.06250,0.82788,4.317,28.974,3.202,32.293,-13.6169,85.7215
231454,0.020000,-0.52002,0.02197,0.86279,1.459,31.070,3.157,33.127,-0.5177,43.8207
231474,0.020000,-0.66431,0.03149,0.84692,2.130,38.091,3.104,33.707,-1.6475,24.5230
231494,0.020000,-0.64648,0.08032,0.76270,6.012,40.130,2.933,34.881,-11.6551,53.3169
231514,0.020000,-0.54370,0.08154,0.70703,6.579,37.377,2.773,36.304,-11.9147,70.0497
231534,0.020000,-0.54956,0.03540,0.73804,2.746,36.641,2.784,37.476,0.5968,59.4696
231554,0.020000,-0.60449,0.02710,0.83325,1.863,35.945,2.873,38.421,5.4670,49.7749
231574,0.020000,-0.67334,0.06177,0.81812,4.318,39.376,2.798,39.291,-5.3116,43.4085
231594,0.020000,-0.69922,0.06982,0.66846,5.963,46.133,2.662,40.691,-10.1513,64.4696
231614,0.020000,-0.60889,0.03491,0.73389,2.724,39.650,2.633,42.386,-1.5406,87.5154
231634,0.020000,-0.62720,0.02734,0.83618,1.873,36.858,2.623,43.535,0.2456,64.2864
231654,0.020000,-0.69849,0.04639,0.77808,3.412,41.864,2.443,44.047,-9.9452,27.8360
231674,0.020000,-0.71094,0.09399,0.61646,8.669,48.745,2.183,45.333,-19.6246,60.7749
231694,0.020000,-0.70361,0.03809,0.64160,3.397,47.589,1.987,47.381,-11.2353,102.2329
231714,0.020000,-0.67847,0.01099,0.71729,0.878,43.404,1.908,48.837,-2.9376,78.3017
231734,0.020000,-0.73779,0.03662,0.68994,3.038,46.879,1.832,49.424,-4.9834,31.9887
231754,0.020000,-0.83936,0.08276,0.50806,9.252,58.480,1.780,50.710,-10.2353,56.3703
231774,0.020000,-0.74707,0.02856,0.60107,2.721,51.149,1.690,52.631,-5.5788,97.5383
231794,0.020000,-0.77246,0.01270,0.70142,1.037,47.755,1.650,53.629,-1.3727,55.8971
231814,0.020000,-0.84717,0.04346,0.60254,4.125,54.508,1.499,54.117,-10.2276,23.9734
231834,0.020000,-0.82153,0.07080,0.48047,8.383,59.410,1.296,55.168,-17.3574,48.2406
231854,0.020000,-0.84961,0.04419,0.48267,5.231,60.296,1.152,56.629,-11.3574,69.2940
231874,0.020000,-0.88550,0.01855,0.52637,2.019,59.256,1.115,58.267,-2.8078,80.8971
231894,0.020000,-0.73486,0.03418,0.56689,3.450,52.302,1.029,59.409,-6.7773,64.3475
231914,0.020000,-0.75879,0.03442,0.47925,4.108,57.657,0.818,60.093,-13.8765,36.7062
231934,0.020000,-0.88428,0.04224,0.41138,5.862,64.936,0.677,61.579,-12.3727,70.8589
231954,0.020000,-0.90796,0.01440,0.47974,1.720,62.139,0.495,63.358,-10.3040,90.1948
231974,0.020000,-0.85962,0.02393,0.45557,3.006,62.045,0.296,64.134,-12.7391,40.9276
231994,0.020000,-0.78101,0.00854,0.38989,1.255,63.465,0.178,64.008,-6.9910,-5.7365
232014,0.020000,-0.75342,0.02319,0.39331,3.375,62.393,0.257,63.152,0.7800,-42.0037
232034,0.020000,-0.96924,0.06934,0.30884,12.653,71.914,0.563,62.863,2.9632,-23.7060
232054,0.020000,-0.85400,0.01245,0.50293,1.418,59.498,0.745,62.824,8.4136,1.4696
232074,0.020000,-0.93066,0.00366,0.57764,0.363,58.173,0.789,62.077,2.6273,-33.4006
232094,0.020000,-0.81567,0.00513,0.60645,0.484,53.369,0.565,60.033,-11.1360,-95.4083
232114,0.020000,-0.89941,0.06787,0.42114,9.155,64.626,0.392,57.470,-17.5864,-135.4388
232134,0.020000,-0.92554,0.10791,0.14990,35.749,78.714,0.931,56.747,-8.5635,-58.5380
232154,0.020000,-0.72241,-0.03979,0.49023,-4.641,55.751,1.323,56.707,25.6502,-1.0571
232174,0.020000,-0.85181,-0.07324,0.82666,-5.063,45.746,1.897,55.059,35.8182,-72.8816
232194,0.020000,-0.88306,0.01221,0.79810,0.876,47.890,1.947,51.587,3.6044,-169.8129
232214,0.020000,-0.82593,0.10693,0.44287,13.575,61.118,1.714,48.827,-23.7544,-150.5457
232234,0.020000,-0.73242,0.04810,0.35156,7.790,64.151,1.671,47.958,-8.3803,-59.9884
232254,0.020000,-0.62134,-0.06616,0.66968,-5.642,42.717,2.057,47.718,27.1617,-6.8892
232274,0.020000,-0.67310,-0.04907,0.93652,-2.999,35.668,2.514,46.062,28.4518,-72.2251
232294,0.020000,-0.80786,0.03735,0.83936,2.548,43.876,2.443,42.803,-3.6780,-164.0419
232314,0.020000,-0.76782,0.06372,0.51855,7.005,55.767,2.119,40.438,-21.1742,-133.8739
232334,0.020000,-0.56372,0.02417,0.49219,2.811,48.841,2.080,39.982,-2.7085,-31.8358
232354,0.020000,-0.51465,-0.09277,0.85693,-6.179,30.841,2.522,39.282,30.9937,-26.3777
232374,0.020000,-0.63086,-0.03223,1.02832,-1.795,31.516,2.913,37.215,24.3754,-97.5457
232394,0.020000,-0.67725,0.03149,0.79541,2.267,40.390,2.765,35.095,-6.9299,-111.3854
232414,0.020000,-0.46411,0.03174,0.69043,2.632,33.881,2.457,34.138,-15.5635,-47.6144
232434,0.020000,-0.44263,-0.03760,0.82324,-2.615,28.240,2.450,33.352,4.8105,-34.0571
232454,0.020000,-0.50269,-0.04858,0.97559,-2.851,27.232,2.644,31.458,15.3220,-90.4235
232474,0.020000,-0.59497,-0.00464,0.92261,-0.288,32.817,2.623,28.943,1.9250,-129.7060
232494,0.020000,-0.50146,0.04175,0.72290,3.305,34.704,2.397,28.011,-12.2429,-53.4083
232514,0.020000,-0.30249,-0.00073,0.83105,-0.050,20.001,2.309,27.798,-1.9757,-2.7060
232534,0.020000,-0.38550,-0.04810,0.98804,-2.787,21.291,2.478,26.649,13.8029,-51.9884
232554,0.020000,-0.53394,-0.02319,1.05054,-1.265,26.936,2.591,24.318,9.5739,-119.2098
232574,0.020000,-0.50220,0.04077,0.86377,2.702,30.146,2.493,22.120,-5.1055,-118.1029
232594,0.020000,-0.30151,0.03760,0.78857,2.730,20.903,2.322,21.043,-8.9452,-53.6831
232614,0.020000,-0.20850,-0.02661,0.94043,-1.621,12.496,2.391,20.020,7.5128,-43.4922
232634,0.020000,-0.39136,-0.04175,1.07837,-2.217,19.933,2.596,18.429,15.1922,-81.0495
232654,0.020000,-0.45068,0.00000,1.04492,0.000,23.331,2.584,16.552,2.0166,-100.8129
232674,0.020000,-0.30005,0.04883,0.89258,3.131,18.555,2.324,15.518,-13.8154,-54.7976
232694,0.020000,-0.18213,0.00537,0.93774,0.328,10.991,2.123,14.666,-8.1895,-38.8434
232714,0.020000,-0.18408,-0.02905,0.99634,-1.670,10.463,2.154,13.346,5.4518,-63.0190
232734,0.020000,-0.24780,-0.02856,1.05737,-1.547,13.185,2.175,11.708,4.8029,-83.4541
232754,0.020000,-0.25366,0.02515,0.97876,1.472,14.525,2.032,10.447,-6.5635,-67.1716
232774,0.020000,-0.13281,0.00317,0.97681,0.186,7.743,1.814,9.475,-9.2124,-46.8739
232794,0.020000,-0.07275,0.00122,0.97852,0.071,4.252,1.724,8.285,-2.8231,-55.3472
232814,0.020000,-0.12305,-0.01660,0.99170,-0.959,7.072,1.684,6.874,0.7113,-70.7671
232834,0.020000,-0.18018,-0.02173,1.04297,-1.193,9.799,1.659,5.349,1.6426,-80.8052
232854,0.020000,-0.11719,0.00024,1.02808,0.014,6.503,1.583,3.908,-2.2200,-74.6983
232874,0.020000,-0.04395,0.00244,1.00195,0.140,2.511,1.429,2.528,-6.3803,-68.9426
232894,0.020000,0.02148,-0.00757,0.96143,-0.451,-1.280,1.302,1.189,-4.5406,-64.4388
232914,0.020000,-0.02954,-0.02100,1.00415,-1.198,1.685,1.287,-0.061,1.7724,-64.3090
232934,0.020000,0.04736,-0.01440,1.05737,-0.780,-2.565,1.314,-1.572,3.4747,-74.5228
232954,0.020000,0.06592,0.00049,1.03564,0.027,-3.642,1.248,-3.244,-2.0368,-83.1793
232974,0.020000,0.06592,-0.01196,0.98926,-0.693,-3.812,1.114,-4.775,-4.8460,-77.5380
232994,0.020000,0.06079,-0.00952,0.97559,-0.559,-3.565,1.049,-5.916,-1.6017,-59.4693
233014,0.020000,0.10767,-0.02930,1.04126,-1.612,-5.901,1.024,-6.980,1.4365,-54.2861
233034,0.020000,0.15967,-0.01196,1.06006,-0.647,-8.565,0.961,-8.343,-1.5177,-67.9503
233054,0.020000,0.19360,-0.01270,1.00610,-0.723,-10.891,0.829,-9.931,-5.0063,-78.4083
233074,0.020000,0.17261,-0.02051,0.97998,-1.199,-9.987,0.750,-11.412,-1.9757,-75.4846
233094,0.020000,0.18994,-0.02734,1.00562,-1.558,-10.692,0.709,-12.774,0.2686,-70.2403
233114,0.020000,0.20581,-0.01489,1.01880,-0.837,-11.420,0.608,-13.926,-3.5864,-60.1716
233134,0.020000,0.28101,-0.01465,0.95874,-0.875,-16.334,0.415,-15.023,-8.3269,-53.5151
233154,0.020000,0.32153,-0.01123,0.92578,-0.695,-19.151,0.284,-16.346,-5.5635,-63.2403
233174,0.020000,0.30420,-0.02637,0.95703,-1.578,-17.627,0.281,-17.802,1.7724,-72.9808
233194,0.020000,0.29028,-0.04053,1.00220,-2.316,-16.141,0.290,-19.151,3.0930,-70.5533
233214,0.020000,0.29639,-0.02051,0.97754,-1.202,-16.864,0.221,-20.248,-2.0139,-58.2938
233234,0.020000,0.39478,-0.00342,0.92725,-0.211,-23.062,0.109,-21.386,-5.2734,-55.2098
233254,0.020000,0.45361,-0.02466,0.93237,-1.515,-25.936,0.078,-22.845,0.1082,-69.7976
233274,0.020000,0.40088,-0.04858,0.99585,-2.793,-21.904,0.099,-24.422,3.9785,-81.3930
233294,0.020000,0.39429,-0.03003,0.97217,-1.769,-22.067,0.021,-25.817,-2.0521,-73.5991
233314,0.020000,0.47559,-0.01880,0.90967,-1.184,-27.596,-0.183,-27.054,-9.2124,-61.2785
233334,0.020000,0.49634,-0.00977,0.86890,-0.644,-29.735,-0.314,-28.509,-6.2124,-71.4846
233354,0.020000,0.51709,-0.04736,0.89282,-3.037,-30.043,-0.317,-30.185,2.6426,-83.9732
233374,0.020000,0.51978,-0.04321,0.92212,-2.683,-29.382,-0.307,-31.795,2.9174,-82.9274
233394,0.020000,0.56250,-0.01709,0.90625,-1.080,-31.823,-0.434,-33.290,-5.6627,-76.2632
233414,0.020000,0.55029,-0.00977,0.81323,-0.688,-34.083,-0.631,-34.791,-9.8002,-75.7823
233434,0.020000,0.60571,-0.00977,0.75757,-0.739,-38.642,-0.654,-36.419,-1.0521,-79.1182
233454,0.020000,0.57910,-0.05054,0.80542,-3.590,-35.663,-0.523,-37.913,9.6655,-77.0190
233474,0.020000,0.59766,-0.05371,0.85425,-3.598,-34.925,-0.423,-39.170,8.2456,-67.1564
233494,0.020000,0.68140,-0.02832,0.84766,-1.914,-38.779,-0.479,-40.345,-1.3421,-60.3625
233514,0.020000,0.66577,-0.01099,0.81250,-0.775,-39.329,-0.620,-41.876,-6.8918,-79.1411
233534,0.020000,0.64307,-0.03027,0.70825,-2.448,-42.212,-0.739,-43.530,-4.2047,-84.0342
233554,0.020000,0.68726,-0.03418,0.69800,-2.803,-44.521,-0.746,-44.831,1.7495,-65.3701
233574,0.020000,0.75073,-0.03735,0.71777,-2.979,-46.247,-0.712,-45.894,3.9785,-52.7900
233594,0.020000,0.73413,-0.01782,0.73120,-1.396,-45.106,-0.680,-47.080,2.3373,-61.3319
233614,0.020000,0.70898,-0.02441,0.68872,-2.030,-45.813,-0.659,-48.550,2.4441,-76.2938
233634,0.020000,0.78296,-0.04614,0.67358,-3.919,-49.228,-0.616,-49.983,5.5663,-72.4083
233654,0.020000,0.82715,-0.01099,0.65112,-0.967,-51.787,-0.552,-51.226,3.5815,-61.5991
233674,0.020000,0.80103,0.00952,0.60278,0.905,-53.035,-0.505,-52.627,0.9250,-69.6296
233694,0.020000,0.84448,-0.04395,0.59155,-4.249,-54.915,-0.427,-54.423,7.8258,-89.3014
233714,0.020000,0.87671,-0.06250,0.65576,-5.444,-53.080,-0.238,-56.241,14.7342,-94.1029
233734,0.020000,0.79565,-0.01050,0.58813,-1.023,-53.524,-0.179,-57.544,3.8182,-69.2785
233754,0.020000,0.81152,-0.01758,0.52368,-1.922,-57.151,-0.312,-58.302,-5.0215,-39.0724
233774,0.020000,0.89429,-0.06812,0.61621,-6.308,-55.268,-0.490,-59.055,-2.9376,-41.4846
233794,0.020000,0.88892,-0.05273,0.58643,-5.139,-56.481,-0.679,-59.915,-4.9070,-46.5380
233814,0.020000,0.79907,-0.00928,0.47949,-1.108,-59.029,-0.925,-60.299,-12.1360,-20.4541
233834,0.020000,0.82739,-0.03223,0.45068,-4.090,-61.361,-1.196,-60.072,-10.5864,12.6299
233854,0.020000,0.91626,-0.05127,0.49390,-5.926,-61.545,-1.361,-59.646,-3.5711,23.2329
233874,0.020000,1.01172,-0.02417,0.53955,-2.565,-61.905,-1.374,-59.469,0.5281,11.3474
233894,0.020000,0.90796,-0.03760,0.54858,-3.921,-58.800,-1.462,-59.276,-1.8612,9.1948
233914,0.020000,0.82739,-0.03076,0.52954,-3.325,-57.336,-1.622,-58.767,-6.2887,23.9581
233934,0.020000,0.85840,-0.05688,0.51880,-6.257,-58.700,-1.861,-57.899,-7.4490,44.2177
233954,0.020000,0.88062,-0.04004,0.54590,-4.195,-58.136,-2.024,-57.002,-5.9452,45.9963
233974,0.020000,0.93213,-0.02954,0.56982,-2.968,-58.528,-2.144,-56.257,-5.1360,39.5688
233994,0.020000,0.92041,-0.03613,0.55981,-3.693,-58.638,-2.273,-55.617,-5.0292,35.1108
234014,0.020000,0.80103,-0.00952,0.53882,-1.012,-56.069,-2.393,-54.577,-7.3727,53.5078
234034,0.020000,0.70874,-0.06177,0.56372,-6.253,-51.335,-2.615,-52.901,-7.3879,82.2177
234054,0.020000,0.85571,-0.08032,0.64917,-7.053,-52.605,-2.762,-51.486,-3.0063,71.8742
234074,0.020000,0.90015,-0.01367,0.68188,-1.149,-52.850,-2.756,-50.747,-1.3116,39.1108
234094,0.020000,0.72046,-0.05078,0.59839,-4.851,-50.187,-2.818,-49.942,-1.0597,40.4696
234114,0.020000,0.65088,-0.04761,0.58105,-4.684,-48.149,-2.820,-48.381,1.8029,77.8589
234134,0.020000,0.78369,-0.04199,0.64258,-3.739,-50.591,-2.649,-46.612,9.6960,92.4925
234154,0.020000,0.77344,-0.05908,0.74072,-4.560,-46.147,-2.358,-45.164,16.8105,73.4085
234174,0.020000,0.70581,-0.05762,0.77905,-4.230,-42.098,-2.082,-44.009,15.9556,55.8055
234194,0.020000,0.73071,-0.02686,0.75806,-2.029,-43.930,-1.910,-42.875,8.7113,57.7368
234214,0.020000,0.69482,-0.03833,0.73022,-3.005,-43.538,-1.810,-41.489,6.2380,71.4314
234234,0.020000,0.67505,-0.05029,0.79834,-3.605,-40.161,-1.619,-40.160,11.5892,66.4314
234254,0.020000,0.71411,-0.04346,0.81689,-3.045,-41.119,-1.330,-39.362,16.1998,41.6910
234274,0.020000,0.65015,-0.02148,0.80176,-1.535,-39.029,-1.056,-38.645,14.1693,36.2329
234294,0.020000,0.56885,0.00513,0.68506,0.429,-39.704,-0.794,-37.358,11.8563,66.7368
234314,0.020000,0.62061,-0.02075,0.74268,-1.601,-39.872,-0.359,-35.770,23.0090,83.5994
234334,0.020000,0.66260,-0.04663,0.90454,-2.951,-36.187,0.285,-34.731,35.5357,53.4238
234354,0.020000,0.62354,-0.00024,0.93164,-0.015,-33.794,0.846,-34.171,28.8869,27.6223
234374,0.020000,0.53247,0.01172,0.79810,0.841,-33.707,1.217,-33.395,18.9403,39.1108
234394,0.020000,0.54175,0.00537,0.81274,0.379,-33.686,1.661,-32.203,23.5357,61.1108
234414,0.020000,0.55933,0.03711,0.87866,2.418,-32.456,2.381,-31.184,35.9632,52.2558
234434,0.020000,0.55078,0.03882,0.93750,2.371,-30.413,3.180,-30.409,40.7495,38.7826
234454,0.020000,0.49146,0.02100,0.94873,1.268,-27.379,3.918,-29.447,39.6197,45.9658
234474,0.020000,0.45825,0.07544,0.90356,4.773,-26.812,4.577,-28.077,32.7724,67.2177
234494,0.020000,0.51221,0.08447,0.92187,5.235,-28.956,5.267,-26.873,34.5128,62.3016
234514,0.020000,0.57446,0.09741,1.01416,5.487,-29.416,6.166,-26.232,45.6502,35.3093
234534,0.020000,0.47607,0.09204,1.05396,4.991,-24.227,7.057,-26.021,46.6655,8.7444
234554,0.020000,0.35937,0.10107,0.96411,5.985,-20.341,7.704,-25.512,34.0930,20.1490
234574,0.020000,0.33887,0.14331,0.90649,8.984,-20.266,8.265,-24.371,27.2991,52.8513
234594,0.020000,0.36597,0.14697,0.94995,8.795,-20.843,9.009,-22.990,37.4518,66.8742
234614,0.020000,0.43237,0.15942,1.00073,9.052,-23.107,9.941,-21.881,47.4976,56.7139
234634,0.020000,0.42578,0.14844,1.04565,8.080,-21.957,10.795,-20.972,45.4670,46.4543
234654,0.020000,0.38428,0.16309,1.01611,9.118,-20.476,11.498,-20.069,37.5586,45.5612
234674,0.020000,0.33203,0.19043,0.97192,11.086,-18.534,12.132,-19.046,32.8029,50.6223
234694,0.020000,0.33813,0.22217,0.94458,13.236,-19.212,12.841,-18.111,35.0319,47.8818
234714,0.020000,0.39258,0.22461,0.92187,13.693,-22.477,13.619,-17.346,38.8182,43.4772
234734,0.020000,0.39648,0.20166,0.93237,12.204,-22.569,14.399,-16.700,41.2533,38.3016
234754,0.020000,0.33667,0.22632,0.95190,13.374,-18.988,15.188,-16.092,41.2915,33.3322
234774,0.020000,0.26538,0.24341,0.96729,14.125,-14.899,15.917,-15.438,38.2915,32.1795
234794,0.020000,0.25195,0.27344,0.91431,16.650,-14.789,16.645,-14.759,36.3907,33.9734
234814,0.020000,0.27783,0.26245,0.86499,16.879,-17.085,17.500,-14.096,43.3678,36.1719
234834,0.020000,0.28491,0.26636,0.93628,15.880,-16.314,18.503,-13.500,52.8182,32.6757
234854,0.020000,0.23413,0.30688,0.98242,17.348,-12.816,19.401,-13.040,46.9937,22.7597
234874,0.020000,0.23486,0.33472,0.89600,20.484,-13.796,20.140,-12.660,36.5892,20.1795
234894,0.020000,0.26587,0.32812,0.85913,20.903,-16.124,20.894,-12.146,37.6960,29.7749
234914,0.020000,0.20166,0.31177,0.94043,18.341,-11.505,21.701,-11.576,43.7953,28.4085
234934,0.020000,0.17236,0.37793,0.96899,21.307,-9.410,22.494,-11.143,40.8411,19.8894
234954,0.020000,0.20532,0.41235,0.88354,25.019,-11.892,23.252,-10.750,36.1311,20.8055
234974,0.020000,0.19702,0.38257,0.82056,24.996,-12.277,24.110,-10.186,41.9632,30.3245
234994,0.020000,0.14990,0.34961,0.94849,20.234,-8.435,25.052,-9.475,52.0243,34.4925
235014,0.020000,0.11987,0.38281,1.02588,20.463,-6.248,25.848,-8.749,45.3067,33.7749
235034,0.020000,0.14111,0.44604,0.96167,24.883,-7.582,26.478,-8.136,33.1311,30.0955
235054,0.020000,0.11450,0.41699,0.81689,27.043,-7.116,27.008,-7.630,26.4594,24.7597
235074,0.020000,0.13843,0.44653,0.77295,30.015,-8.815,27.721,-7.130,33.3144,26.6986
235094,0.020000,0.15723,0.45166,0.91675,26.228,-8.746,28.508,-6.570,41.6808,30.2558
235114,0.020000,0.08984,0.48169,0.92651,27.470,-4.917,29.132,-5.999,32.9098,27.4391
235134,0.020000,0.08618,0.42041,0.81421,27.309,-5.373,29.710,-5.534,31.3449,23.0574
235154,0.020000,0.13281,0.46216,0.86401,28.142,-7.719,30.488,-4.973,41.2915,30.8589
235174,0.020000,0.13550,0.40796,0.94434,23.365,-7.504,31.187,-4.415,42.9403,31.0726
235194,0.020000,0.10254,0.52637,0.91797,29.830,-5.535,31.719,-3.780,28.5205,33.5230
235214,0.020000,0.07373,0.51758,0.79077,33.206,-4.461,32.153,-3.360,20.6044,22.1184
235234,0.020000,0.03882,0.51587,0.94751,28.566,-2.061,32.608,-2.933,26.8716,20.4772
235254,0.020000,0.09351,0.54639,0.80127,34.290,-5.507,33.202,-2.412,28.5815,29.2100
235274,0.020000,0.00049,0.55078,0.75610,36.071,-0.030,33.895,-1.801,32.4289,28.7444
235294,0.020000,-0.00635,0.52344,0.76074,34.530,0.394,34.703,-1.238,40.5739,26.4849
235314,0.020000,0.03662,0.54102,0.84546,32.615,-2.089,35.563,-0.618,46.0472,32.4849
235334,0.020000,0.01489,0.57300,0.87964,33.080,-0.813,36.218,-0.235,35.9479,19.7520
235354,0.020000,0.03003,0.61133,0.77686,38.200,-1.740,36.785,-0.028,26.8869,12.0879
235374,0.020000,0.02588,0.62866,0.66309,43.473,-1.622,37.578,0.298,33.6273,18.2787
235394,0.020000,-0.01294,0.59106,0.76440,37.712,0.767,38.496,0.826,46.7113,26.4620
235414,0.020000,-0.03052,0.60864,0.85937,35.308,1.660,39.399,1.246,49.3296,20.5765
235434,0.020000,-0.02100,0.63306,0.87256,35.962,1.116,40.067,1.605,37.5663,18.4467
235454,0.020000,0.00195,0.65601,0.76147,40.745,-0.111,40.665,1.992,29.8487,21.4925
235474,0.020000,-0.00488,0.65942,0.72681,42.217,0.285,41.346,2.452,33.1464,25.2024
235494,0.020000,-0.01489,0.65625,0.77588,40.225,0.840,42.061,2.784,37.6044,18.5917
235514,0.020000,-0.02783,0.69238,0.77808,41.665,1.531,42.748,3.111,35.4594,17.9352
235534,0.020000,-0.05444,0.69897,0.69385,45.211,3.164,43.392,3.450,30.3831,17.2482
235554,0.020000,-0.02051,0.67334,0.69043,44.282,1.218,44.091,3.771,34.7189,18.6757
235574,0.020000,0.04443,0.68652,0.72412,43.473,-2.550,44.793,3.893,36.4594,12.6681
235594,0.020000,0.02832,0.74170,0.72266,45.745,-1.567,45.426,3.858,31.3449,3.7749
235614,0.020000,-0.04492,0.71997,0.67871,46.690,2.599,45.971,3.876,26.5128,2.2253
235634,0.020000,-0.07471,0.73389,0.58032,51.665,4.565,46.659,3.977,29.2686,4.4238
235654,0.020000,-0.04224,0.73584,0.57593,51.950,2.588,47.417,4.184,33.2838,11.9734
235674,0.020000,-0.06909,0.72217,0.74146,44.245,3.819,48.146,4.682,40.4060,25.8131
235694,0.020000,-0.09204,0.74146,0.79980,42.832,4.824,48.592,4.948,28.2151,13.4009
235714,0.020000,-0.02466,0.78809,0.71851,47.644,1.325,48.783,4.980,10.7113,5.3322
235734,0.020000,-0.05518,0.75244,0.71777,46.351,3.037,48.847,5.158,5.7418,11.0497
235754,0.020000,-0.08960,0.76172,0.79028,43.946,4.667,48.761,5.429,0.5815,14.3627
235774,0.020000,-0.09448,0.79565,0.74121,47.029,4.966,48.473,5.587,-12.9223,8.5078
235794,0.020000,-0.06079,0.85156,0.56836,56.280,3.398,48.263,5.381,-18.6627,-8.2480
235814,0.020000,-0.06812,0.75000,0.57617,52.467,4.119,48.166,5.301,-9.2505,-2.8281
235834,0.020000,-0.09937,0.74463,0.70435,46.592,5.537,48.095,5.293,-2.0292,-0.6449
235854,0.020000,-0.08350,0.74805,0.74829,44.991,4.512,47.767,5.297,-13.5635,1.0039
235874,0.020000,-0.07544,0.76147,0.71680,46.731,4.126,47.147,5.107,-30.5788,-8.5151
235894,0.020000,-0.01465,0.79761,0.57715,54.111,0.852,46.484,4.936,-40.9147,-4.3777
235914,0.020000,-0.06372,0.70679,0.61865,48.804,3.881,45.714,5.110,-41.6551,9.9658
235934,0.020000,-0.08472,0.67236,0.77930,40.787,4.705,44.693,5.188,-47.0597,4.3933
235954,0.020000,-0.08813,0.71753,0.75830,43.418,4.826,43.525,4.843,-58.2887,-17.2174
235974,0.020000,-0.05762,0.72827,0.63086,49.100,3.422,42.460,4.413,-60.0292,-20.4846
235994,0.020000,-0.01221,0.66089,0.60278,47.633,0.782,41.606,4.253,-48.8612,-4.4846
236014,0.020000,-0.00830,0.62158,0.72876,40.462,0.497,40.804,4.150,-39.7238,-1.4083
236034,0.020000,-0.02441,0.70801,0.73560,43.905,1.370,39.924,3.744,-48.0597,-17.8587
236054,0.020000,0.00854,0.64526,0.71802,41.945,-0.507,39.001,3.184,-49.1589,-24.2480
236074,0.020000,-0.03638,0.52710,0.85669,31.603,2.071,37.959,2.657,-45.6093,-25.7747
236094,0.020000,-0.03735,0.58472,0.89062,33.286,2.008,36.710,2.007,-58.9834,-32.5075
236114,0.020000,0.06641,0.67749,0.73120,42.816,-3.811,35.336,1.254,-76.2963,-32.4693
236134,0.020000,0.03467,0.53711,0.75977,35.258,-2.134,33.958,0.476,-70.2734,-36.2403
236154,0.020000,0.00171,0.51611,0.79565,32.970,-0.103,32.894,-0.289,-53.2658,-38.4006
236174,0.020000,-0.03076,0.56250,0.84790,33.560,1.732,31.838,-0.947,-54.5635,-35.6373
236194,0.020000,0.01196,0.53369,0.84033,32.419,-0.689,30.635,-1.521,-61.9757,-29.5762
236214,0.020000,0.07861,0.45581,0.84497,28.344,-4.681,29.422,-2.165,-59.5330,-29.6068
236234,0.020000,0.07593,0.43457,0.90820,25.571,-4.313,28.250,-2.778,-55.8689,-29.1106
236254,0.020000,0.00977,0.46924,0.98828,25.398,-0.511,26.995,-3.229,-61.1360,-25.2938
236274,0.020000,0.00146,0.49316,0.90820,28.502,-0.081,25.605,-3.574,-72.4337,-20.8587
236294,0.020000,0.09058,0.44019,0.78906,29.155,-5.725,24.305,-3.861,-69.9605,-12.4006
236314,0.020000,0.13599,0.36597,0.79687,24.667,-8.815,23.281,-3.948,-52.6093,0.6070
236334,0.020000,0.09106,0.27783,1.07178,14.533,-4.702,22.327,-4.030,-39.7238,-3.4159
236354,0.020000,-0.06299,0.27881,1.28198,12.270,2.749,21.040,-4.294,-55.4261,-20.4159
236374,0.020000,0.03589,0.45093,1.04297,23.381,-1.809,19.338,-4.927,-89.2124,-34.7976
236394,0.020000,0.27075,0.42603,0.80054,28.021,-16.624,17.732,-5.650,-90.8231,-24.9503
236414,0.020000,0.04272,0.23437,0.92480,14.221,-2.564,16.383,-5.669,-65.2353,-4.1564
236434,0.020000,-0.05322,0.22168,1.08716,11.525,2.746,15.149,-5.302,-57.9681,10.1795
236454,0.020000,0.07251,0.25586,1.04395,13.771,-3.859,13.651,-5.184,-75.0444,4.5383
236474,0.020000,0.21631,0.23291,0.96021,13.634,-12.349,12.050,-5.609,-81.6933,-14.3777
236494,0.020000,0.19043,0.14429,0.97412,8.425,-10.945,10.690,-6.066,-65.6856,-17.8968
236514,0.020000,0.10815,0.19653,0.98853,11.245,-6.125,9.533,-6.236,-59.5864,-8.5991
236534,0.020000,0.13940,0.21680,0.93530,13.050,-8.261,8.332,-6.130,-64.8307,7.4620
236554,0.020000,0.19263,0.13647,0.94214,8.242,-11.439,7.260,-5.890,-54.6475,17.6757
236574,0.020000,0.07056,0.02661,1.06372,1.433,-3.794,6.368,-5.536,-39.5330,15.9352
236594,0.020000,0.05347,0.07080,1.12012,3.617,-2.727,5.468,-5.237,-43.1208,12.3856
236614,0.020000,0.13818,0.09790,1.08398,5.161,-7.236,4.347,-5.290,-56.8689,-0.6755
236634,0.020000,0.12402,0.05396,1.01343,3.048,-6.967,3.203,-5.575,-57.0368,-12.8129
236654,0.020000,0.04687,0.05396,1.01538,3.042,-2.639,2.245,-5.457,-48.7085,3.0345
236674,0.020000,0.04150,0.10303,0.97729,6.018,-2.418,1.259,-4.776,-54.1513,31.6452
236694,0.020000,0.18018,0.02490,0.91650,1.556,-11.118,0.229,-4.317,-52.8536,29.8894
236714,0.020000,0.11768,-0.06030,1.01611,-3.396,-6.594,-0.567,-4.078,-36.9452,14.4925
236734,0.020000,0.00171,-0.03955,1.09888,-2.061,-0.089,-1.253,-3.752,-33.4643,12.5765
236754,0.020000,0.02832,-0.00903,1.08081,-0.479,-1.501,-2.097,-3.394,-43.8612,15.9429
236774,0.020000,0.07593,-0.05347,1.02344,-2.991,-4.237,-3.077,-2.966,-49.0673,22.7215
236794,0.020000,0.12109,-0.06201,0.96240,-3.687,-7.157,-4.000,-2.601,-46.4948,22.8894
236814,0.020000,0.04810,-0.05957,0.98462,-3.462,-2.791,-4.702,-2.391,-36.3345,10.9200
236834,0.020000,-0.03320,-0.10474,1.02563,-5.831,1.845,-5.315,-1.986,-30.1589,16.3551
236854,0.020000,0.02930,-0.10059,1.01074,-5.683,-1.652,-6.017,-1.670,-35.4032,15.7826
236874,0.020000,0.09814,-0.12598,1.02417,-7.012,-5.433,-6.828,-1.458,-40.3803,14.6299
236894,0.020000,0.06763,-0.07739,1.00806,-4.390,-3.827,-7.661,-1.329,-44.9986,9.0116
236914,0.020000,-0.04956,-0.09668,0.90625,-6.089,3.113,-8.472,-1.219,-42.9528,1.0497
236934,0.020000,-0.01172,-0.18408,0.95923,-10.863,0.687,-9.048,-1.022,-26.9528,8.1337
236954,0.020000,0.08008,-0.22021,1.11133,-11.208,-4.043,-9.596,-0.682,-25.7467,20.4314
236974,0.020000,0.02319,-0.18140,1.13745,-9.061,-1.154,-10.376,-0.337,-40.3879,18.0574
236994,0.020000,-0.03516,-0.13428,0.97974,-7.804,2.036,-11.368,-0.183,-53.2276,5.4467
237014,0.020000,0.00073,-0.22314,0.88574,-14.140,-0.046,-12.241,-0.173,-41.7009,0.3780
237034,0.020000,0.01440,-0.26880,1.01733,-14.800,-0.784,-12.771,-0.053,-24.4261,6.7215
237054,0.020000,0.03516,-0.18457,1.08936,-9.616,-1.822,-13.424,0.230,-36.5482,16.2406
237074,0.020000,0.00830,-0.20654,0.92651,-12.567,-0.501,-14.441,0.435,-52.7467,11.2100
237094,0.020000,-0.07349,-0.31543,0.92603,-18.810,4.296,-15.213,0.691,-34.9528,9.1490
237114,0.020000,0.00098,-0.28979,1.06299,-15.250,-0.051,-15.781,0.999,-28.9299,16.4696
237134,0.020000,0.02930,-0.24341,1.06470,-12.877,-1.537,-16.633,1.315,-46.4108,18.6910
237154,0.020000,-0.00024,-0.31592,0.93359,-18.695,0.014,-17.682,1.582,-51.4185,14.9734
237174,0.020000,-0.01025,-0.32251,0.91699,-19.377,0.604,-18.438,1.815,-36.8765,12.8971
237194,0.020000,-0.03857,-0.34082,0.95044,-19.727,2.188,-19.088,2.087,-31.8383,13.4925
237214,0.020000,-0.07471,-0.34546,1.02124,-18.689,3.964,-19.717,2.488,-32.5101,18.5154
237234,0.020000,-0.05640,-0.35791,1.01538,-19.417,2.999,-20.514,2.785,-40.9376,14.6681
237254,0.020000,-0.07031,-0.38892,0.98853,-21.476,3.787,-21.364,3.039,-42.3803,11.9352
237274,0.020000,-0.04126,-0.40430,0.94873,-23.081,2.291,-22.222,3.179,-42.0597,7.8818
237294,0.020000,-0.03979,-0.38013,0.90283,-22.833,2.326,-23.048,3.298,-41.4795,6.9200
237314,0.020000,-0.03101,-0.39990,0.91724,-23.557,1.775,-23.766,3.514,-36.1131,12.5765
237334,0.020000,-0.02588,-0.41040,0.91138,-24.242,1.483,-24.512,3.751,-37.5940,14.1719
237354,0.020000,-0.04834,-0.43750,0.89697,-26.001,2.773,-25.316,4.036,-39.4872,15.5383
237374,0.020000,-0.09009,-0.42529,0.86011,-26.311,5.364,-26.143,4.311,-41.1818,12.6681
237394,0.020000,-0.07935,-0.44019,0.85571,-27.222,4.714,-26.858,4.578,-35.3879,13.2100
237414,0.020000,-0.04810,-0.46558,0.89380,-27.515,2.732,-27.494,4.863,-31.7696,16.4467
237434,0.020000,-0.10156,-0.48657,0.88403,-28.828,5.747,-28.186,5.079,-33.9681,10.1032
237454,0.020000,-0.07739,-0.47217,0.85718,-28.848,4.522,-28.846,5.202,-32.9834,6.8360
237474,0.020000,-0.06494,-0.46606,0.85181,-28.685,3.826,-29.423,5.361,-29.5940,9.5459
237494,0.020000,-0.08374,-0.52344,0.89502,-30.321,4.617,-29.939,5.386,-25.4337,2.0497
237514,0.020000,-0.14600,-0.53223,0.88696,-30.966,8.034,-30.461,5.355,-25.5635,-4.3014
237534,0.020000,-0.11255,-0.51733,0.89648,-29.988,6.206,-31.048,5.294,-30.4414,-3.9961
237554,0.020000,-0.04297,-0.50195,0.84351,-30.756,2.507,-31.719,5.304,-34.5177,3.3551
237574,0.020000,-0.03833,-0.54028,0.85547,-32.275,2.170,-32.367,5.367,-32.4948,6.4238
237594,0.020000,-0.07275,-0.57349,0.83252,-34.561,4.116,-33.088,5.412,-34.5559,3.5841
237614,0.020000,-0.11011,-0.54395,0.79272,-34.457,6.534,-33.786,5.486,-34.2047,2.6146
237634,0.020000,-0.09253,-0.54102,0.79980,-34.076,5.474,-34.371,5.649,-29.5635,8.3245
237654,0.020000,-0.04907,-0.58911,0.87524,-33.944,2.663,-34.899,5.696,-27.3803,5.4620
237674,0.020000,-0.04272,-0.60303,0.90649,-33.633,2.247,-35.504,5.603,-32.1437,-1.2174
237694,0.020000,-0.06421,-0.58276,0.74976,-37.857,3.868,-36.319,5.467,-39.2047,-5.2098
237714,0.020000,-0.07227,-0.60889,0.76880,-38.379,4.214,-36.932,5.524,-29.1513,4.2024
237734,0.020000,-0.07495,-0.61890,0.80298,-37.623,4.228,-37.483,5.602,-27.4032,5.3322
237754,0.020000,-0.06860,-0.64258,0.75171,-40.525,3.968,-38.217,5.652,-34.3650,4.2100
237774,0.020000,-0.09180,-0.61963,0.70142,-41.457,5.602,-38.873,5.762,-30.1284,5.6452
237794,0.020000,-0.12598,-0.64624,0.76538,-40.176,7.168,-39.350,6.160,-23.0368,18.8818
237814,0.020000,-0.09131,-0.67920,0.88306,-37.566,4.686,-39.825,6.556,-26.0521,21.6833
237834,0.020000,-0.08618,-0.65649,0.77368,-40.316,4.855,-40.594,6.636,-38.7085,5.8207
237854,0.020000,-0.04883,-0.62720,0.64111,-44.371,3.116,-41.287,6.742,-31.5101,9.0039
237874,0.020000,-0.00659,-0.63257,0.74023,-40.516,0.388,-41.625,7.010,-18.0368,20.1871
237894,0.020000,-0.05859,-0.66602,0.82568,-38.890,3.161,-42.041,7.391,-24.0139,23.3322
237914,0.020000,-0.13525,-0.65649,0.64746,-45.397,8.345,-42.682,7.628,-29.3040,11.1490
237934,0.020000,-0.18750,-0.67114,0.49438,-53.623,12.677,-43.058,7.464,-8.0063,-13.5380
237954,0.020000,-0.14526,-0.69385,0.64990,-46.873,8.688,-42.668,7.181,23.8105,-15.6984
237974,0.020000,-0.09302,-0.69849,0.99634,-35.033,4.371,-42.095,6.908,21.4365,-11.0571
237994,0.020000,-0.08276,-0.67114,0.88843,-37.068,4.251,-42.138,6.645,-7.3116,-10.6984
238014,0.020000,-0.13525,-0.69458,0.59814,-49.266,8.394,-42.292,6.427,-0.6322,-12.9121
238034,0.020000,-0.16724,-0.68994,0.51196,-53.423,11.015,-41.903,5.898,31.2304,-31.6678
238054,0.020000,-0.09229,-0.69653,0.93213,-36.769,4.535,-40.687,5.440,56.8029,-21.9579
238074,0.020000,-0.03369,-0.66675,1.16748,-29.731,1.436,-39.812,5.214,33.4747,-7.4770
238094,0.020000,-0.10010,-0.63184,0.85010,-36.622,5.399,-40.032,4.932,-14.4719,-14.5838
238114,0.020000,-0.14453,-0.63379,0.40820,-57.216,10.853,-40.420,4.223,-2.2963,-42.2098
238134,0.020000,-0.12280,-0.64062,0.38379,-59.075,9.338,-39.812,3.173,50.0548,-58.7976
238154,0.020000,0.03369,-0.65015,1.17310,-28.996,-1.439,-37.659,2.770,98.8105,-15.8205
238174,0.020000,0.07495,-0.53345,1.17749,-24.372,-3.318,-36.520,2.384,44.5586,-13.4693
238194,0.020000,0.05127,-0.55835,0.79663,-35.026,-3.017,-36.835,1.651,-17.5711,-31.9121
238214,0.020000,-0.07837,-0.58936,0.30566,-62.587,6.732,-37.327,0.393,1.1769,-69.3777
238234,0.020000,0.02539,-0.71802,0.69531,-45.920,-1.455,-36.022,-0.167,75.3296,-26.6907
238254,0.020000,0.09253,-0.61182,1.20557,-26.907,-3.915,-34.058,-0.185,90.8945,2.9123
238274,0.020000,0.08936,-0.49414,1.07446,-24.697,-4.321,-33.459,-0.447,21.0243,-9.1182
238294,0.020000,0.03760,-0.52466,0.78931,-33.612,-2.272,-33.703,-0.790,-12.2887,-15.6526
238314,0.020000,-0.06787,-0.58740,0.43091,-53.737,5.323,-33.847,-1.605,13.1159,-47.8205
238334,0.020000,0.04761,-0.61768,0.81152,-37.276,-2.673,-32.589,-2.082,67.6579,-23.2632
238354,0.020000,0.09180,-0.49463,1.13599,-23.529,-4.237,-31.141,-2.283,64.6273,-8.0571
238374,0.020000,0.06152,-0.43384,1.02490,-22.943,-3.164,-30.774,-2.383,10.3525,-4.1793
238394,0.020000,-0.01538,-0.50952,0.77246,-33.409,0.952,-30.932,-2.740,-5.3650,-21.6068
238414,0.020000,-0.04297,-0.52832,0.62354,-40.275,3.010,-30.713,-3.510,20.6884,-45.1793
238434,0.020000,-0.02661,-0.53955,0.81812,-33.405,1.555,-29.701,-4.689,54.4136,-65.3319
238454,0.020000,0.14282,-0.45386,1.06763,-23.031,-7.019,-28.532,-5.273,52.8105,-27.4006
238474,0.020000,0.23682,-0.42065,1.01099,-22.591,-12.203,-28.113,-5.697,15.3373,-14.5686
238494,0.020000,0.07568,-0.45239,0.81787,-28.948,-4.629,-28.130,-6.061,0.0014,-19.6449
238514,0.020000,0.09082,-0.48389,0.78687,-31.590,-5.615,-27.832,-6.384,18.7266,-16.9274
238534,0.020000,0.15479,-0.42969,0.83203,-27.313,-9.386,-27.164,-6.413,33.5128,1.5612
238554,0.020000,0.14771,-0.43677,0.99023,-23.801,-7.771,-26.550,-6.108,27.9250,16.9429
238574,0.020000,0.09570,-0.41577,0.94360,-23.779,-5.303,-26.228,-5.543,13.6044,28.0192
238594,0.020000,0.12402,-0.44189,0.89087,-26.383,-7.109,-26.043,-4.867,9.5892,36.0726
238614,0.020000,0.08740,-0.40723,0.81592,-26.524,-5.475,-25.787,-3.930,13.5510,48.4238
238634,0.020000,0.01050,-0.43066,0.84155,-27.101,-0.636,-25.422,-2.741,19.9708,57.3016
238654,0.020000,-0.03345,-0.43237,0.92627,-25.023,1.874,-24.851,-1.587,28.7113,54.1871
238674,0.020000,0.02368,-0.42187,0.94067,-24.155,-1.316,-24.226,-0.509,31.1846,54.7062
